date,pm10,pm2_5,carbon_monoxide,nitrogen_dioxide,sulphur_dioxide,ozone,dust,us_aqi,european_aqi,Condition,Rain,MaxTemp,MinTemp,SunRise,SunSet,MoonRise,MoonSet,AvgWind,AvgHumidity,AvgPressure,unhealthy_air
2013-01-01,32.69047619047619,18.98095238095238,243.16666666666663,25.44285714285714,6.316666666666666,24.666666666666668,0.5,,,Partly cloudy,0.08,9,7,08:29:00,17:47:00,22:0:00,10:29:00,17,84,1022,0
2013-01-02,90.81666666666666,68.87083333333332,243.16666666666663,57.74166666666667,6.316666666666666,11.791666666666666,0.5,107.9047619047619,69.42857142857143,Sunny,0.0,10,8,08:29:00,17:48:00,23:2:00,10:59:00,4,78,1024,1
2013-01-03,85.12083333333334,68.25833333333334,243.16666666666663,54.12916666666666,6.316666666666666,8.041666666666666,0.5,163.625,105.125,Sunny,0.0,10,8,08:29:00,17:49:00,,11:28:00,8,82,1028,1
2013-01-04,58.01666666666667,47.86666666666667,243.16666666666663,33.49166666666667,6.316666666666666,27.625,0.5,149.5,86.375,Sunny,0.45,9,7,08:29:00,17:49:00,12:6:00,11:58:00,14,77,1021,1
2013-01-05,37.275,34.1,243.16666666666663,36.583333333333336,6.316666666666666,21.0,0.5,99.625,67.91666666666667,Partly cloudy,3.26,8,7,08:29:00,17:50:00,1:11:00,0:29:00,12,72,1013,1
2013-01-06,23.854166666666668,19.0125,243.16666666666663,28.329166666666666,6.316666666666666,23.625,0.5,89.91666666666667,62.458333333333336,Cloudy,1.75,7,5,08:29:00,17:51:00,2:18:00,13:6:00,23,75,1011,1
2013-01-07,16.925,13.391666666666666,243.16666666666663,22.516666666666666,6.316666666666666,27.666666666666668,0.5,56.083333333333336,29.791666666666668,Partly cloudy,6.98,4,3,08:29:00,17:52:00,3:28:00,13:48:00,26,77,1013,0
2013-01-08,15.158333333333331,7.183333333333334,243.16666666666663,11.441666666666665,6.316666666666666,39.375,0.5,38.66666666666666,19.625,Blizzard,1.82,2,0,08:29:00,17:53:00,4:38:00,14:37:00,35,78,1021,0
2013-01-09,26.620833333333334,19.904166666666665,243.16666666666663,25.816666666666663,6.316666666666666,29.95833333333333,0.5,40.708333333333336,21.08333333333333,Partly cloudy,0.27,1,1,08:29:00,17:54:00,5:46:00,15:35:00,17,73,1023,0
2013-01-10,34.45,28.516666666666666,243.16666666666663,29.15,6.316666666666666,30.416666666666668,0.5,89.75,62.833333333333336,Sunny,0.01,6,1,08:28:00,17:55:00,6:49:00,16:40:00,17,70,1021,1
2013-01-11,14.204166666666666,10.475,243.16666666666663,10.85,6.316666666666666,58.583333333333336,0.5,59.79166666666666,36.29166666666666,Partly cloudy,0.29,8,6,08:28:00,17:56:00,7:44:00,17:51:00,27,69,1014,0
2013-01-12,19.7875,14.429166666666667,243.16666666666663,30.229166666666668,6.316666666666666,40.41666666666666,0.5,44.41666666666666,24.916666666666668,Partly cloudy,0.0,10,6,08:28:00,17:57:00,8:31:00,19:4:00,19,87,1013,0
2013-01-13,33.15416666666667,18.916666666666668,243.16666666666663,28.40833333333333,6.316666666666666,26.041666666666668,0.5,57.833333333333336,31.416666666666668,Overcast,0.0,6,5,08:28:00,17:58:00,9:13:00,20:16:00,14,84,1024,0
2013-01-14,64.39166666666667,51.42916666666667,243.16666666666663,47.0125,6.316666666666666,16.166666666666668,0.5,98.70833333333331,64.66666666666667,Sunny,0.0,9,5,08:27:00,18:0:00,9:48:00,21:26:00,7,75,1027,1
2013-01-15,58.3625,51.37083333333334,243.16666666666663,44.2125,6.316666666666666,13.625,0.5,150.5,86.79166666666667,Sunny,0.0,10,8,08:27:00,18:1:00,10:20:00,22:32:00,13,64,1024,1
2013-01-16,24.7125,23.679166666666664,243.16666666666663,22.96666666666667,6.316666666666666,33.75,0.5,103.45833333333331,69.125,Sunny,1.6,13,8,08:26:00,18:2:00,10:50:00,23:37:00,20,67,1013,1
2013-01-17,13.191666666666668,6.504166666666666,243.16666666666663,12.9875,6.316666666666666,61.16666666666666,0.5,46.5,28.041666666666668,Partly cloudy,1.01,12,9,08:26:00,18:3:00,11:20:00,,30,77,1007,0
2013-01-18,17.79583333333333,8.987499999999999,243.16666666666663,17.7125,6.316666666666666,56.708333333333336,0.5,32.333333333333336,22.625,Overcast,0.0,13,10,08:25:00,18:4:00,11:50:00,12:38:00,19,72,1004,0
2013-01-19,15.025,6.529166666666666,243.16666666666663,11.504166666666668,6.316666666666666,60.41666666666666,0.5,33.083333333333336,24.125,Sunny,0.04,11,9,08:25:00,18:5:00,0:21:00,1:39:00,34,77,1003,0
2013-01-20,21.804166666666664,10.820833333333333,243.16666666666663,17.3125,6.316666666666666,51.41666666666666,0.5,35.583333333333336,20.83333333333333,Partly cloudy,0.04,12,8,08:24:00,18:6:00,0:56:00,2:37:00,29,79,1011,0
2013-01-21,29.9875,16.504166666666666,243.16666666666663,21.9625,6.316666666666666,45.375,0.5,49.625,24.791666666666668,Sunny,0.0,13,10,08:24:00,18:7:00,13:34:00,3:33:00,16,70,1011,0
2013-01-22,25.65833333333333,13.833333333333334,243.16666666666663,24.45,6.316666666666666,41.5,0.5,63.54166666666666,36.75,Sunny,0.78,13,10,08:23:00,18:9:00,14:17:00,4:27:00,24,73,1006,0
2013-01-23,20.55,9.079166666666667,243.16666666666663,15.708333333333334,6.316666666666666,63.75,0.5,42.833333333333336,26.20833333333333,Sunny,0.61,12,10,08:22:00,18:10:00,15:4:00,5:18:00,27,78,1010,0
2013-01-24,28.675,21.15833333333333,243.16666666666663,30.97083333333333,6.316666666666666,38.583333333333336,0.5,47.41666666666666,25.0,Cloudy,0.26,12,9,08:22:00,18:11:00,15:56:00,6:5:00,17,71,1011,0
2013-01-25,22.34583333333333,14.6375,243.16666666666663,27.575,6.316666666666666,46.375,0.5,66.58333333333333,41.66666666666666,Sunny,1.16,12,9,08:21:00,18:12:00,16:52:00,6:47:00,23,77,1004,0
2013-01-26,27.791666666666668,19.666666666666668,243.16666666666663,27.391666666666666,6.316666666666666,31.125,0.5,65.08333333333333,39.458333333333336,Cloudy,0.18,10,7,08:20:00,18:14:00,17:50:00,7:26:00,26,90,1005,0
2013-01-27,19.879166666666663,7.35,243.16666666666663,14.9,6.316666666666666,48.625,0.5,48.66666666666666,26.33333333333333,Overcast,0.61,7,3,08:19:00,18:15:00,18:51:00,8:1:00,33,89,1012,0
2013-01-28,51.05833333333334,35.016666666666666,243.16666666666663,30.791666666666668,6.316666666666666,27.45833333333333,0.5,57.0,36.54166666666666,Cloudy,0.7,5,3,08:18:00,18:16:00,19:53:00,8:33:00,12,85,1016,0
2013-01-29,33.94166666666667,23.03333333333333,243.16666666666663,25.55,6.316666666666666,28.166666666666668,0.5,93.54166666666669,64.66666666666667,Overcast,0.25,5,4,08:17:00,18:17:00,20:55:00,9:3:00,16,83,1020,1
2013-01-30,62.0375,53.82916666666667,243.16666666666663,48.81666666666666,6.316666666666666,20.291666666666668,0.5,100.58333333333331,67.25,Partly cloudy,0.0,5,3,08:17:00,18:18:00,21:59:00,9:33:00,6,73,1018,1
2013-01-31,56.645833333333336,41.16666666666666,243.16666666666663,41.09583333333333,6.316666666666666,26.25,0.5,146.79166666666666,84.54166666666667,Partly cloudy,4.04,7,4,08:16:00,18:20:00,23:4:00,10:2:00,17,78,1013,1
2013-02-01,20.70833333333333,13.4875,243.16666666666663,24.20833333333333,6.316666666666666,40.208333333333336,0.5,74.75,47.708333333333336,Sunny,2.88,9,6,08:15:00,18:21:00,,10:33:00,22,78,1014,0
2013-02-02,21.10833333333333,15.0625,243.16666666666663,17.445833333333333,6.316666666666666,52.083333333333336,0.5,55.25,28.95833333333333,Sunny,0.0,12,8,08:14:00,18:22:00,12:10:00,11:8:00,22,66,1010,0
2013-02-03,19.279166666666665,10.658333333333331,243.16666666666663,8.450000000000001,6.316666666666666,72.41666666666667,0.5,49.708333333333336,29.20833333333333,Sunny,0.0,14,10,08:13:00,18:23:00,1:17:00,11:47:00,29,70,1011,0
2013-02-04,29.45,19.445833333333333,243.16666666666663,22.745833333333334,6.316666666666666,69.29166666666667,0.5,49.25,32.791666666666664,Sunny,1.42,13,10,08:12:00,18:25:00,2:25:00,0:31:00,19,71,1015,0
2013-02-05,30.016666666666666,21.125,243.16666666666663,30.258333333333336,6.316666666666666,34.083333333333336,0.5,70.25,45.75,Sunny,0.68,10,7,08:11:00,18:26:00,3:32:00,13:24:00,18,84,1017,0
2013-02-06,78.8875,58.47916666666666,243.16666666666663,45.91666666666666,6.316666666666666,23.08333333333333,0.5,103.79166666666669,67.04166666666667,Sunny,0.39,11,7,08:09:00,18:27:00,4:34:00,14:23:00,8,83,1007,1
2013-02-07,29.03333333333333,23.2625,243.16666666666663,21.125,6.316666666666666,48.375,0.5,131.79166666666666,79.91666666666667,Partly cloudy,0.3,13,10,08:08:00,18:28:00,5:31:00,15:30:00,20,69,1006,1
2013-02-08,15.675,8.9,243.16666666666663,16.125,6.316666666666666,66.625,0.5,47.75,30.58333333333333,Cloudy,0.0,11,9,08:07:00,18:30:00,6:21:00,16:39:00,24,80,1005,0
2013-02-09,17.087500000000002,9.270833333333334,243.16666666666663,17.245833333333334,6.316666666666666,55.333333333333336,0.5,37.29166666666666,22.916666666666668,Partly cloudy,4.23,10,8,08:06:00,18:31:00,7:4:00,17:51:00,16,81,1011,0
2013-02-10,23.97083333333333,17.195833333333333,243.16666666666663,27.941666666666663,6.316666666666666,32.25,0.5,48.083333333333336,24.08333333333333,Partly cloudy,0.95,9,8,08:05:00,18:32:00,7:43:00,19:2:00,14,86,1012,0
2013-02-11,28.7875,19.575,243.16666666666663,30.21666666666667,6.316666666666666,31.416666666666668,0.5,65.33333333333333,38.958333333333336,Sunny,0.0,9,5,08:02:00,18:35:00,8:48:00,21:17:00,10,78,1020,0
2013-02-12,51.32916666666667,33.0625,243.16666666666663,44.60833333333333,6.316666666666666,19.625,0.5,75.79166666666667,54.25,Sunny,0.0,9,5,08:02:00,18:35:00,8:48:00,21:17:00,10,78,1020,1
2013-02-13,69.17083333333333,41.34583333333333,243.16666666666663,49.36666666666667,6.316666666666666,19.666666666666668,0.5,106.08333333333331,70.20833333333333,Sunny,0.0,11,8,08:01:00,18:36:00,9:19:00,22:21:00,11,71,1019,1
2013-02-14,48.62083333333334,27.683333333333334,243.16666666666663,31.366666666666664,6.316666666666666,36.833333333333336,0.5,105.75,70.125,Sunny,0.0,10,8,08:00:00,18:37:00,9:49:00,23:24:00,19,79,1013,1
2013-02-15,31.7375,17.170833333333334,243.16666666666663,16.704166666666666,6.316666666666666,56.708333333333336,0.5,66.54166666666667,42.04166666666666,Overcast,2.67,8,6,07:59:00,18:38:00,10:21:00,,27,87,1011,0
2013-02-16,47.25833333333333,35.5875,243.16666666666663,21.27083333333333,6.316666666666666,40.0,0.5,78.54166666666667,53.333333333333336,Cloudy,0.08,5,4,07:57:00,18:40:00,10:55:00,12:24:00,12,76,1020,1
2013-02-17,51.97916666666666,35.00833333333333,243.16666666666663,21.325,6.316666666666666,34.5,0.5,102.5,69.125,Partly cloudy,0.03,6,4,07:56:00,18:41:00,11:32:00,1:22:00,18,75,1020,1
2013-02-18,53.95,35.00416666666667,243.16666666666663,20.166666666666668,6.316666666666666,43.375,0.5,97.45833333333331,67.45833333333333,Cloudy,0.26,6,5,07:55:00,18:42:00,0:13:00,2:17:00,19,77,1020,1
2013-02-19,46.97916666666666,32.983333333333334,243.16666666666663,24.84583333333333,6.316666666666666,43.958333333333336,0.5,99.45833333333331,68.125,Cloudy,0.82,8,5,07:53:00,18:43:00,0:58:00,3:10:00,18,74,1016,1
2013-02-20,33.67916666666667,25.40833333333333,243.16666666666663,27.266666666666666,6.316666666666666,47.29166666666666,0.5,83.33333333333333,60.5,Overcast,0.0,7,6,07:52:00,18:44:00,13:48:00,3:58:00,9,79,1015,1
2013-02-21,62.7125,47.47916666666666,243.16666666666663,50.75,6.316666666666666,20.08333333333333,0.5,103.125,69.04166666666667,Partly cloudy,0.14,9,6,07:51:00,18:46:00,14:42:00,4:42:00,10,74,1018,1
2013-02-22,46.1625,40.05416666666667,243.16666666666663,45.32916666666667,6.316666666666666,33.041666666666664,0.5,119.45833333333331,74.58333333333333,Partly cloudy,0.9,9,7,07:49:00,18:47:00,15:39:00,5:23:00,13,85,1009,1
2013-02-23,55.4625,44.8625,243.16666666666663,64.58333333333333,6.316666666666666,13.625,0.5,122.83333333333331,75.66666666666667,Partly cloudy,0.22,9,8,07:48:00,18:48:00,16:38:00,5:59:00,6,88,1013,1
2013-02-24,62.50416666666666,48.84583333333333,243.16666666666663,46.11666666666667,6.316666666666666,26.125,0.5,121.5,75.25,Sunny,0.0,11,8,07:46:00,18:49:00,17:41:00,6:32:00,13,87,1022,1
2013-02-25,62.145833333333336,45.54166666666666,243.16666666666663,41.05416666666667,6.316666666666666,39.04166666666666,0.5,138.54166666666666,80.70833333333333,Sunny,0.01,12,9,07:45:00,18:50:00,18:43:00,7:4:00,14,79,1022,1
2013-02-26,44.77916666666667,27.27916666666667,243.16666666666663,26.9375,6.316666666666666,48.333333333333336,0.5,100.66666666666669,68.16666666666667,Partly cloudy,0.96,9,8,07:43:00,18:52:00,19:48:00,7:35:00,14,91,1019,1
2013-02-27,40.44166666666667,25.73333333333333,243.16666666666663,29.29583333333333,6.316666666666666,47.75,0.5,83.5,62.16666666666666,Overcast,0.25,9,7,07:42:00,18:53:00,20:54:00,8:5:00,15,88,1017,1
2013-02-28,22.7875,14.720833333333331,243.16666666666663,15.870833333333332,6.316666666666666,57.0,0.5,63.29166666666666,39.0,Overcast,1.63,7,5,07:40:00,18:54:00,22:1:00,8:36:00,24,81,1021,0
2013-03-01,51.29166666666666,41.85,243.16666666666663,40.9625,6.316666666666666,41.958333333333336,0.5,84.58333333333333,55.16666666666666,Sunny,0.0,7,5,07:39:00,18:55:00,23:9:00,9:11:00,7,63,1019,1
2013-03-02,40.829166666666666,32.875,243.16666666666663,34.61666666666667,6.316666666666666,48.29166666666666,0.5,104.125,69.5,Sunny,0.1,10,7,07:37:00,18:56:00,,9:49:00,17,70,1016,1
2013-03-03,30.975,21.383333333333336,243.16666666666663,13.9875,6.316666666666666,55.125,0.5,89.875,64.04166666666667,Sunny,0.02,8,6,07:36:00,18:57:00,12:17:00,10:31:00,29,76,1016,1
2013-03-04,39.1625,32.19583333333333,243.16666666666663,28.8875,6.316666666666666,37.375,0.5,72.875,48.16666666666666,Sunny,0.0,9,5,07:34:00,18:59:00,1:24:00,11:21:00,12,68,1019,0
2013-03-05,26.683333333333334,17.233333333333334,243.16666666666663,17.841666666666665,6.316666666666666,50.25,0.5,82.66666666666667,56.16666666666666,Sunny,0.01,7,4,07:32:00,19:0:00,2:26:00,0:17:00,22,64,1030,1
2013-03-06,48.61666666666667,27.8125,243.16666666666663,40.85416666666666,6.316666666666666,43.833333333333336,0.5,65.04166666666667,39.958333333333336,Sunny,0.0,9,3,07:31:00,19:1:00,3:24:00,13:19:00,8,54,1027,0
2013-03-07,38.895833333333336,28.183333333333334,243.16666666666663,42.5625,6.316666666666666,26.20833333333333,0.5,93.125,65.83333333333333,Partly cloudy,0.0,12,8,07:29:00,19:2:00,4:15:00,14:25:00,13,55,1018,1
2013-03-08,28.6,22.675,243.16666666666663,25.85,6.316666666666666,56.54166666666666,0.5,78.625,59.66666666666666,Partly cloudy,0.64,12,10,07:28:00,19:3:00,4:59:00,15:34:00,17,72,1011,1
2013-03-09,23.391666666666666,15.8625,243.16666666666663,17.479166666666668,6.316666666666666,77.75,0.5,62.25,37.16666666666666,Overcast,1.18,13,9,07:26:00,19:4:00,5:39:00,16:43:00,20,78,1008,0
2013-03-10,18.041666666666668,10.9625,243.16666666666663,15.970833333333331,6.316666666666666,73.875,0.5,51.5,30.25,Sunny,0.59,14,10,07:24:00,19:5:00,6:13:00,17:52:00,25,78,1006,0
2013-03-11,29.725,19.716666666666665,243.16666666666663,21.166666666666668,6.316666666666666,57.04166666666666,0.5,55.375,31.95833333333333,Sunny,1.46,14,11,07:23:00,19:7:00,6:46:00,18:58:00,21,78,1002,0
2013-03-12,30.766666666666666,15.883333333333333,243.16666666666663,18.966666666666665,6.316666666666666,63.208333333333336,0.5,68.54166666666667,43.66666666666666,Sunny,2.38,14,11,07:21:00,19:8:00,7:17:00,20:3:00,22,80,1001,0
2013-03-13,22.379166666666663,13.758333333333333,243.16666666666663,17.912499999999998,6.316666666666666,71.75,0.5,52.208333333333336,29.625,Sunny,0.0,14,10,07:19:00,19:9:00,7:48:00,21:7:00,24,71,1005,0
2013-03-14,24.2625,13.433333333333332,243.16666666666663,20.354166666666668,6.316666666666666,62.91666666666666,0.5,51.875,27.45833333333333,Partly cloudy,0.0,16,11,07:18:00,19:10:00,8:19:00,22:9:00,17,60,1002,0
2013-03-15,23.40833333333333,12.108333333333334,243.16666666666663,12.608333333333334,6.316666666666666,84.45833333333333,0.5,56.16666666666666,33.916666666666664,Sunny,2.97,14,10,07:16:00,19:11:00,8:53:00,23:9:00,29,70,997,0
2013-03-16,20.816666666666663,8.808333333333334,243.16666666666663,13.745833333333332,6.316666666666666,63.375,0.5,39.25,25.375,Overcast,3.52,9,4,07:14:00,19:12:00,9:29:00,,29,86,1010,0
2013-03-17,23.39583333333333,18.491666666666667,243.16666666666663,21.120833333333334,6.316666666666666,51.458333333333336,0.5,46.79166666666666,26.95833333333333,Overcast,1.14,5,4,07:13:00,19:13:00,10:8:00,12:6:00,13,73,1021,0
2013-03-18,52.958333333333336,46.3,243.16666666666663,41.9875,6.316666666666666,33.583333333333336,0.5,92.54166666666669,62.75,Sunny,0.0,9,4,07:11:00,19:14:00,10:52:00,1:0:00,6,62,1020,1
2013-03-19,33.99166666666667,26.0125,243.16666666666663,21.6125,6.316666666666666,66.33333333333333,0.5,118.25,74.20833333333333,Sunny,0.0,14,9,07:09:00,19:15:00,11:40:00,1:50:00,30,67,1009,1
2013-03-20,56.32916666666667,33.583333333333336,243.16666666666663,42.583333333333336,6.316666666666666,50.875,0.5,67.54166666666667,42.833333333333336,Sunny,0.25,12,10,07:08:00,19:16:00,0:32:00,2:35:00,11,78,1013,0
2013-03-21,63.7125,47.35,243.16666666666663,40.75833333333333,6.316666666666666,36.54166666666666,0.5,128.25,77.45833333333333,Partly cloudy,0.0,16,11,07:06:00,19:18:00,13:27:00,3:17:00,13,62,1007,1
2013-03-22,25.21666666666667,20.320833333333333,243.16666666666663,22.179166666666664,6.316666666666666,59.125,0.5,101.79166666666669,67.70833333333333,Cloudy,1.55,14,6,07:04:00,19:19:00,14:25:00,3:55:00,20,80,998,1
2013-03-23,24.0625,15.7375,243.16666666666663,19.779166666666665,6.316666666666666,64.04166666666667,0.5,54.41666666666666,28.916666666666668,Partly cloudy,1.83,9,6,07:03:00,19:20:00,15:25:00,4:29:00,21,70,1010,0
2013-03-24,56.35833333333333,47.3625,243.16666666666663,44.208333333333336,6.316666666666666,40.708333333333336,0.5,90.375,59.04166666666666,Sunny,0.0,11,8,07:01:00,19:21:00,16:27:00,5:2:00,8,69,1017,1
2013-03-25,39.2375,27.9625,243.16666666666663,27.058333333333334,6.316666666666666,41.16666666666666,0.5,110.58333333333331,71.70833333333333,Sunny,0.0,10,8,06:59:00,19:22:00,17:31:00,5:33:00,22,82,1014,1
2013-03-26,36.37083333333333,27.8125,243.16666666666663,37.641666666666666,6.316666666666666,52.41666666666666,0.5,85.04166666666667,62.75,Partly cloudy,2.4,14,10,06:58:00,19:23:00,18:37:00,6:3:00,11,80,1002,1
2013-03-27,31.375,18.479166666666668,243.16666666666663,24.675,6.316666666666666,57.75,0.5,74.95833333333333,52.208333333333336,Overcast,2.29,9,8,06:56:00,19:24:00,19:45:00,6:35:00,20,90,1008,1
2013-03-28,26.45,13.475,243.16666666666663,14.633333333333333,6.316666666666666,67.91666666666667,0.5,56.125,30.375,Overcast,0.81,9,7,06:54:00,19:25:00,20:54:00,7:9:00,24,85,1017,0
2013-03-29,36.825,23.8875,243.16666666666663,22.4375,6.316666666666666,58.083333333333336,0.5,60.0,34.333333333333336,Partly cloudy,0.01,11,7,06:53:00,19:26:00,22:5:00,7:47:00,17,79,1020,0
2013-03-30,58.96666666666667,45.9125,243.16666666666663,49.7,6.316666666666666,34.708333333333336,0.5,104.75,69.45833333333333,Sunny,0.04,14,10,06:51:00,19:27:00,23:14:00,8:29:00,7,75,1014,1
2013-03-31,62.98333333333333,52.175,243.16666666666663,45.34166666666667,6.316666666666666,15.541666666666666,0.5,125.20833333333331,76.5,Sunny,0.0,17,13,06:49:00,19:28:00,,9:18:00,11,62,1009,1
2013-04-01,49.270833333333336,40.25416666666667,243.16666666666663,43.54166666666666,6.316666666666666,36.833333333333336,0.5,139.91666666666666,81.29166666666667,Partly cloudy,0.57,16,13,06:48:00,19:29:00,12:19:00,10:13:00,10,71,1008,1
2013-04-02,36.333333333333336,25.679166666666664,243.16666666666663,35.84583333333333,6.316666666666666,44.375,0.5,87.04166666666667,63.5,Sunny,1.09,15,11,06:46:00,19:30:00,1:19:00,11:14:00,15,65,1010,1
2013-04-03,44.50416666666666,36.25,243.16666666666663,39.145833333333336,6.316666666666666,40.458333333333336,0.5,92.04166666666669,65.33333333333333,Partly cloudy,2.23,16,12,06:44:00,19:32:00,2:12:00,0:19:00,14,76,1003,1
2013-04-04,24.691666666666663,17.183333333333334,243.16666666666663,25.875,6.316666666666666,65.83333333333333,0.5,79.54166666666667,55.66666666666666,Sunny,0.03,14,11,06:43:00,19:33:00,2:58:00,13:26:00,15,79,1008,1
2013-04-05,38.8375,26.808333333333334,243.16666666666663,33.90416666666667,6.316666666666666,45.125,0.5,72.66666666666667,50.333333333333336,Sunny,0.0,15,11,06:41:00,19:34:00,3:38:00,14:33:00,12,69,1012,1
2013-04-06,57.32916666666667,35.65416666666666,243.16666666666663,37.15416666666667,6.316666666666666,58.583333333333336,0.5,81.70833333333333,61.125,Sunny,0.0,16,13,06:39:00,19:35:00,4:13:00,15:40:00,13,60,1009,1
2013-04-07,87.97916666666667,49.75416666666666,243.16666666666663,30.92083333333333,6.316666666666666,56.79166666666666,0.5,140.04166666666666,81.875,Partly cloudy,0.9,16,10,06:38:00,19:36:00,4:46:00,16:45:00,26,73,1003,1
2013-04-08,30.554166666666664,14.833333333333334,243.16666666666663,13.925,6.316666666666666,66.58333333333333,0.5,88.375,58.625,Overcast,0.62,10,7,06:36:00,19:37:00,5:17:00,17:50:00,25,87,1006,1
2013-04-09,46.62083333333334,26.4375,243.16666666666663,27.02916666666667,6.316666666666666,54.125,0.5,55.833333333333336,33.208333333333336,Cloudy,0.09,10,8,06:34:00,19:38:00,5:48:00,18:53:00,12,77,1015,0
2013-04-10,58.05,37.34166666666667,243.16666666666663,33.225,6.316666666666666,42.625,0.5,104.5,69.625,Sunny,0.0,13,9,06:33:00,19:39:00,6:18:00,19:55:00,8,74,1015,1
2013-04-11,54.15833333333333,42.56666666666667,243.16666666666663,46.67083333333333,6.316666666666666,41.458333333333336,0.5,101.66666666666669,68.91666666666667,Sunny,1.03,13,11,06:31:00,19:40:00,6:51:00,20:56:00,12,79,1015,1
2013-04-12,69.21249999999999,58.69166666666666,243.16666666666663,64.09166666666667,6.316666666666666,35.25,0.5,145.08333333333334,85.625,Sunny,0.0,15,11,06:30:00,19:41:00,7:26:00,21:54:00,8,68,1018,1
2013-04-13,47.5375,44.82916666666667,243.16666666666663,41.4375,6.316666666666666,51.75,0.5,129.375,78.04166666666667,Sunny,1.64,16,13,06:28:00,19:42:00,8:5:00,22:50:00,9,58,1018,1
2013-04-14,36.3875,40.59166666666667,243.16666666666663,30.495833333333334,6.316666666666666,41.79166666666666,0.5,137.91666666666666,80.625,Partly cloudy,0.24,13,10,06:26:00,19:43:00,8:47:00,23:42:00,17,84,1020,1
2013-04-15,20.22083333333333,12.933333333333332,243.16666666666663,14.170833333333334,6.316666666666666,63.625,0.5,67.66666666666667,40.91666666666666,Overcast,0.53,12,10,06:25:00,19:44:00,9:34:00,,27,88,1017,0
2013-04-16,24.6625,13.2375,243.16666666666663,13.179166666666667,6.316666666666666,71.33333333333333,0.5,53.0,28.70833333333333,Overcast,3.07,10,9,06:23:00,19:45:00,10:23:00,12:29:00,25,88,1015,0
2013-04-17,24.02916666666667,12.595833333333331,243.16666666666663,11.516666666666666,6.316666666666666,73.0,0.5,51.16666666666666,29.166666666666668,Sunny,0.01,11,8,06:22:00,19:46:00,11:17:00,1:12:00,25,77,1019,0
2013-04-18,28.28333333333333,18.591666666666665,243.16666666666663,18.475,6.316666666666666,65.29166666666667,0.5,56.458333333333336,31.291666666666668,Sunny,0.03,12,8,06:20:00,19:47:00,0:13:00,1:51:00,21,72,1019,0
2013-04-19,32.99166666666667,23.445833333333336,243.16666666666663,20.416666666666668,6.316666666666666,59.79166666666666,0.5,69.45833333333333,45.66666666666666,Sunny,0.0,12,8,06:19:00,19:48:00,13:11:00,2:26:00,19,79,1015,0
2013-04-20,40.97083333333333,21.6625,243.16666666666663,21.254166666666663,6.316666666666666,59.75,0.5,70.25,46.208333333333336,Sunny,0.1,12,9,06:17:00,19:49:00,14:11:00,2:59:00,15,84,1015,0
2013-04-21,56.3,31.6875,243.16666666666663,32.72083333333333,6.316666666666666,41.875,0.5,82.79166666666667,59.91666666666666,Partly cloudy,1.1,13,9,06:16:00,19:51:00,15:13:00,3:30:00,9,81,1014,1
2013-04-22,51.5125,37.75833333333333,243.16666666666663,32.829166666666666,6.316666666666666,52.54166666666666,0.5,100.41666666666669,68.33333333333333,Sunny,0.0,13,10,06:14:00,19:52:00,16:17:00,4:0:00,14,82,1018,1
2013-04-23,36.25416666666667,23.683333333333334,243.16666666666663,30.6125,6.316666666666666,60.29166666666666,0.5,88.25,61.91666666666666,Sunny,0.0,13,9,06:13:00,19:53:00,17:24:00,4:31:00,14,65,1023,1
2013-04-24,62.3,48.4,243.16666666666663,62.74166666666667,6.316666666666666,33.375,0.5,92.375,64.91666666666667,Sunny,0.0,15,11,06:12:00,19:54:00,18:32:00,5:4:00,4,63,1026,1
2013-04-25,96.56666666666666,84.675,243.16666666666663,78.62916666666666,6.316666666666666,27.25,0.5,157.5,97.45833333333331,Sunny,0.0,16,13,06:10:00,19:55:00,19:44:00,5:40:00,4,63,1024,1
2013-04-26,96.32083333333333,88.73333333333333,243.16666666666663,73.17916666666666,6.316666666666666,32.958333333333336,0.5,169.66666666666666,114.16666666666669,Sunny,0.0,18,14,06:09:00,19:56:00,20:55:00,6:21:00,7,63,1019,1
2013-04-27,74.125,55.86666666666667,243.16666666666663,59.04166666666666,6.316666666666666,48.458333333333336,0.5,150.625,89.25,Sunny,0.0,18,14,06:07:00,19:57:00,22:5:00,7:8:00,7,63,1015,1
2013-04-28,53.71666666666667,54.4125,243.16666666666663,44.1625,6.316666666666666,48.125,0.5,154.0,90.5,Sunny,0.0,20,16,06:06:00,19:58:00,23:10:00,8:3:00,11,55,1015,1
2013-04-29,53.375,50.770833333333336,243.16666666666663,55.95,6.316666666666666,46.708333333333336,0.5,135.70833333333334,79.875,Sunny,0.0,20,15,06:05:00,19:59:00,,9:4:00,11,61,1020,1
2013-04-30,46.45416666666667,33.670833333333334,243.16666666666663,24.575,6.316666666666666,69.58333333333333,0.5,116.125,73.54166666666667,Sunny,0.0,19,14,06:04:00,20:0:00,12:7:00,10:9:00,19,69,1021,1
2013-05-01,45.51666666666667,35.733333333333334,243.16666666666663,21.90416666666667,6.316666666666666,73.79166666666667,0.5,94.91666666666669,66.41666666666667,Sunny,0.0,17,13,06:02:00,20:1:00,12:56:00,11:18:00,20,74,1018,1
2013-05-02,43.29583333333333,32.50416666666667,243.16666666666663,19.216666666666665,6.316666666666666,77.625,0.5,101.54166666666669,68.91666666666667,Sunny,0.0,18,13,06:01:00,20:2:00,1:39:00,0:26:00,23,80,1016,1
2013-05-03,41.204166666666666,31.979166666666668,243.16666666666663,22.925,6.316666666666666,74.91666666666667,0.5,92.33333333333331,65.54166666666667,Sunny,0.0,17,13,06:00:00,20:3:00,2:16:00,13:33:00,15,81,1013,1
2013-05-04,60.708333333333336,53.7625,243.16666666666663,46.10416666666666,6.316666666666666,50.16666666666666,0.5,108.91666666666669,71.16666666666667,Sunny,0.11,19,14,05:59:00,20:4:00,2:49:00,14:38:00,9,78,1013,1
2013-05-05,58.65833333333333,47.770833333333336,243.16666666666663,40.3,6.316666666666666,41.333333333333336,0.5,147.25,84.29166666666667,Sunny,0.0,20,16,05:57:00,20:5:00,3:20:00,15:43:00,12,71,1017,1
2013-05-06,34.03333333333333,24.383333333333336,243.16666666666663,19.433333333333334,6.316666666666666,58.91666666666666,0.5,104.66666666666669,69.58333333333333,Sunny,0.0,20,15,05:56:00,20:6:00,3:50:00,16:45:00,22,79,1019,1
2013-05-07,29.2375,20.683333333333334,243.16666666666663,14.775,6.316666666666666,71.45833333333333,0.5,68.75,43.583333333333336,Sunny,0.0,19,15,05:55:00,20:7:00,4:20:00,17:47:00,27,83,1016,0
2013-05-08,29.079166666666666,19.10833333333333,243.16666666666663,13.266666666666667,6.316666666666666,82.45833333333333,0.5,67.45833333333333,41.66666666666666,Sunny,0.0,19,16,05:54:00,20:8:00,4:51:00,18:47:00,30,80,1013,0
2013-05-09,35.34166666666667,22.14583333333333,243.16666666666663,18.716666666666665,6.316666666666666,79.45833333333333,0.5,66.25,39.833333333333336,Overcast,0.1,18,15,05:53:00,20:9:00,5:26:00,19:46:00,17,82,1013,0
2013-05-10,40.833333333333336,27.42083333333333,243.16666666666663,29.691666666666663,6.316666666666666,58.375,0.5,74.25,53.125,Sunny,0.01,18,16,05:52:00,20:10:00,6:2:00,20:42:00,13,81,1012,1
2013-05-11,43.25833333333333,37.59166666666667,243.16666666666663,38.09583333333333,6.316666666666666,53.458333333333336,0.5,95.33333333333331,66.58333333333333,Partly cloudy,0.0,18,15,05:51:00,20:11:00,6:43:00,21:35:00,7,77,1009,1
2013-05-12,42.84583333333333,44.72916666666666,243.16666666666663,40.65416666666667,6.316666666666666,47.16666666666666,0.5,124.41666666666669,76.29166666666667,Sunny,0.0,19,15,05:50:00,20:12:00,7:28:00,22:24:00,7,72,1005,1
2013-05-13,46.2625,42.875,243.16666666666663,44.775,6.316666666666666,42.333333333333336,0.5,107.83333333333331,70.91666666666667,Sunny,0.97,20,16,05:49:00,20:13:00,8:17:00,23:9:00,8,72,1004,1
2013-05-14,32.85,36.96666666666667,243.16666666666663,29.641666666666666,6.316666666666666,44.66666666666666,0.5,129.58333333333334,77.79166666666667,Cloudy,0.78,18,16,05:48:00,20:14:00,9:9:00,23:49:00,14,83,1007,1
2013-05-15,34.85,36.74583333333333,243.16666666666663,36.47083333333333,6.316666666666666,38.79166666666666,0.5,93.41666666666669,65.91666666666667,Sunny,1.71,18,16,05:47:00,20:15:00,10:4:00,,9,77,1010,1
2013-05-16,48.3375,48.66666666666666,243.16666666666663,38.46666666666667,6.316666666666666,25.041666666666668,0.5,118.95833333333331,74.5,Sunny,0.0,21,17,05:46:00,20:16:00,11:1:00,12:25:00,9,67,1012,1
2013-05-17,45.0625,42.4875,243.16666666666663,27.941666666666663,6.316666666666666,48.958333333333336,0.5,126.375,76.875,Patchy rain possible,2.5,22,19,05:45:00,20:17:00,11:59:00,12:59:00,11,67,1012,1
2013-05-18,57.96666666666667,29.066666666666663,243.16666666666663,28.929166666666664,6.316666666666666,56.91666666666666,0.5,91.95833333333331,65.45833333333333,Sunny,0.0,22,18,05:44:00,20:18:00,0:59:00,1:30:00,13,72,1014,1
2013-05-19,94.83333333333331,76.21249999999999,243.16666666666663,56.4875,6.316666666666666,32.541666666666664,0.5,140.5,87.54166666666667,Sunny,0.07,23,19,05:43:00,20:19:00,14:0:00,1:59:00,8,72,1014,1
2013-05-20,58.61666666666667,46.25,243.16666666666663,43.36666666666667,6.316666666666666,45.16666666666666,0.5,143.95833333333334,85.83333333333333,Sunny,0.0,23,19,05:42:00,20:20:00,15:4:00,2:29:00,10,66,1014,1
2013-05-21,39.38333333333333,30.95833333333333,243.16666666666663,36.35,6.316666666666666,49.66666666666666,0.5,109.16666666666669,71.29166666666667,Sunny,0.0,23,19,05:41:00,20:21:00,16:10:00,3:0:00,12,63,1013,1
2013-05-22,56.975,42.47916666666666,243.16666666666663,37.15833333333333,6.316666666666666,48.125,0.5,91.79166666666669,65.29166666666667,Sunny,0.0,23,19,05:41:00,20:22:00,17:19:00,3:34:00,8,62,1010,1
2013-05-23,62.5125,45.9875,243.16666666666663,21.0625,6.316666666666666,66.75,0.5,141.375,81.79166666666667,Sunny,1.23,27,21,05:40:00,20:23:00,18:30:00,4:11:00,27,54,1004,1
2013-05-24,29.4,14.9875,243.16666666666663,10.708333333333334,6.316666666666666,92.58333333333331,0.5,86.16666666666667,57.333333333333336,Sunny,0.0,22,20,05:39:00,20:23:00,19:42:00,4:55:00,31,65,1007,1
2013-05-25,28.558333333333334,16.579166666666666,243.16666666666663,17.458333333333332,6.316666666666666,82.5,0.5,52.375,33.875,Sunny,0.9,23,19,05:38:00,20:24:00,20:51:00,5:47:00,16,66,1011,0
2013-05-26,24.370833333333334,16.070833333333333,243.16666666666663,19.245833333333334,6.316666666666666,71.58333333333333,0.5,61.91666666666666,35.875,Sunny,0.0,25,19,05:38:00,20:25:00,21:54:00,6:45:00,20,61,1011,0
2013-05-27,33.11666666666667,25.1875,243.16666666666663,26.516666666666666,6.316666666666666,75.04166666666667,0.5,63.583333333333336,39.333333333333336,Sunny,0.0,21,19,05:37:00,20:26:00,22:48:00,7:52:00,14,65,1013,0
2013-05-28,26.23333333333333,22.90833333333333,243.16666666666663,34.9375,6.316666666666666,66.625,0.5,80.0,58.79166666666666,Sunny,0.0,22,18,05:37:00,20:27:00,23:36:00,9:2:00,11,58,1014,1
2013-05-29,41.1,33.041666666666664,243.16666666666663,29.979166666666668,6.316666666666666,69.875,0.5,85.58333333333333,61.54166666666666,Partly cloudy,2.12,26,20,05:36:00,20:28:00,,10:13:00,22,52,1008,1
2013-05-30,105.58333333333331,44.63333333333333,243.16666666666663,21.90833333333333,6.316666666666666,72.0,0.5,104.20833333333331,70.45833333333333,Sunny,0.0,25,21,05:35:00,20:28:00,12:16:00,11:23:00,15,65,1004,1
2013-05-31,66.88333333333334,28.60833333333333,243.16666666666663,20.09583333333333,6.316666666666666,68.66666666666667,0.5,111.66666666666669,82.41666666666667,Sunny,0.0,25,20,05:35:00,20:29:00,12:51:00,0:30:00,22,61,1004,1
2013-06-01,27.9875,21.5125,243.16666666666663,27.383333333333336,6.316666666666666,75.0,0.5,71.375,50.333333333333336,Sunny,0.64,23,19,05:35:00,20:30:00,1:23:00,13:36:00,8,61,1009,1
2013-06-02,30.195833333333336,34.09583333333333,243.16666666666663,32.233333333333334,6.316666666666666,55.91666666666666,0.5,90.66666666666669,63.66666666666666,Partly cloudy,2.83,21,17,05:34:00,20:31:00,1:54:00,14:38:00,17,70,1006,1
2013-06-03,22.475,18.23333333333333,243.16666666666663,20.066666666666663,6.316666666666666,62.375,0.5,68.625,43.375,Sunny,0.06,21,17,05:34:00,20:31:00,2:23:00,15:41:00,14,67,1010,0
2013-06-04,51.375,42.82083333333333,243.16666666666663,43.583333333333336,6.316666666666666,46.16666666666666,0.5,95.29166666666669,64.625,Sunny,0.46,22,19,05:33:00,20:32:00,2:54:00,16:40:00,7,67,1011,1
2013-06-05,65.83749999999999,63.225,243.16666666666663,48.57916666666667,6.316666666666666,42.04166666666666,0.5,141.41666666666666,83.125,Sunny,0.52,23,19,05:33:00,20:33:00,3:27:00,17:40:00,6,69,1014,1
2013-06-06,72.9875,76.75833333333334,243.16666666666663,57.1125,6.316666666666666,43.625,0.5,158.875,97.875,Sunny,0.23,22,20,05:33:00,20:33:00,4:3:00,18:36:00,7,69,1015,1
2013-06-07,51.30416666666667,51.67083333333333,243.16666666666663,41.775,6.316666666666666,49.958333333333336,0.5,151.54166666666666,90.04166666666667,Sunny,0.41,22,20,05:32:00,20:34:00,4:42:00,19:30:00,7,71,1014,1
2013-06-08,53.05416666666667,46.5625,243.16666666666663,28.3625,6.316666666666666,69.04166666666667,0.5,141.04166666666666,81.625,Sunny,0.0,23,19,05:32:00,20:35:00,5:25:00,20:21:00,18,69,1011,1
2013-06-09,28.041666666666668,20.570833333333333,243.16666666666663,16.770833333333332,6.316666666666666,69.33333333333333,0.5,89.45833333333333,61.0,Sunny,0.0,22,18,05:32:00,20:35:00,6:12:00,21:7:00,17,76,1013,1
2013-06-10,47.85,33.108333333333334,243.16666666666663,37.78333333333333,6.316666666666666,50.41666666666666,0.5,77.125,53.04166666666666,Sunny,0.0,23,19,05:32:00,20:36:00,7:3:00,21:49:00,9,69,1013,1
2013-06-11,36.82083333333333,28.64583333333333,243.16666666666663,29.729166666666668,6.316666666666666,58.083333333333336,0.5,95.79166666666669,66.70833333333333,Sunny,0.0,25,20,05:32:00,20:36:00,7:57:00,22:26:00,13,64,1009,1
2013-06-12,20.7625,13.766666666666666,243.16666666666663,14.833333333333334,6.316666666666666,67.375,0.5,66.33333333333333,43.41666666666666,Thundery outbreaks possible,0.04,22,20,05:32:00,20:37:00,8:53:00,23:0:00,22,77,1006,0
2013-06-13,23.8125,18.316666666666663,243.16666666666663,22.375,6.316666666666666,54.5,0.5,58.458333333333336,31.916666666666668,Sunny,3.88,23,20,05:32:00,20:37:00,9:51:00,23:32:00,18,79,1008,0
2013-06-14,32.05833333333333,23.875,243.16666666666663,34.42916666666667,6.316666666666666,44.875,0.5,68.75,44.833333333333336,Sunny,1.97,23,20,05:32:00,20:38:00,10:49:00,,12,76,1010,0
2013-06-15,27.9375,24.2,243.16666666666663,26.96666666666667,6.316666666666666,52.208333333333336,0.5,70.625,47.083333333333336,Partly cloudy,3.16,24,20,05:32:00,20:38:00,11:49:00,12:1:00,10,74,1011,0
2013-06-16,40.00416666666667,34.833333333333336,243.16666666666663,31.96666666666667,6.316666666666666,58.125,0.5,91.125,65.0,Sunny,3.0,25,21,05:32:00,20:38:00,0:50:00,12:30:00,11,71,1013,1
2013-06-17,32.800000000000004,33.208333333333336,243.16666666666663,28.445833333333336,6.316666666666666,50.208333333333336,0.5,107.54166666666669,70.79166666666667,Sunny,0.06,25,22,05:32:00,20:39:00,13:53:00,1:0:00,14,72,1014,1
2013-06-18,31.6625,24.9875,243.16666666666663,21.933333333333334,6.316666666666666,56.583333333333336,0.5,84.41666666666667,62.41666666666666,Sunny,0.0,26,22,05:32:00,20:39:00,14:59:00,1:31:00,18,72,1016,1
2013-06-19,25.4125,17.087500000000002,243.16666666666663,16.595833333333335,6.316666666666666,74.41666666666667,0.5,66.58333333333333,41.708333333333336,Sunny,0.0,25,21,05:32:00,20:39:00,16:7:00,2:5:00,23,66,1016,0
2013-06-20,21.75,12.895833333333334,243.16666666666663,13.2375,6.316666666666666,73.79166666666667,0.5,54.958333333333336,31.83333333333333,Sunny,0.0,25,21,05:32:00,20:40:00,17:18:00,2:45:00,27,65,1017,0
2013-06-21,18.508333333333333,11.45,243.16666666666663,11.570833333333333,6.316666666666666,67.41666666666667,0.5,49.875,27.25,Sunny,0.0,24,21,05:32:00,20:40:00,18:27:00,3:31:00,30,66,1016,0
2013-06-22,21.0875,16.091666666666665,243.16666666666663,14.4375,6.316666666666666,71.125,0.5,51.875,29.20833333333333,Sunny,0.0,25,21,05:33:00,20:40:00,19:34:00,4:25:00,26,61,1014,0
2013-06-23,23.133333333333336,17.483333333333334,243.16666666666663,19.016666666666666,6.316666666666666,64.875,0.5,61.333333333333336,34.791666666666664,Sunny,0.0,26,21,05:33:00,20:40:00,20:33:00,5:29:00,19,63,1011,0
2013-06-24,25.383333333333336,20.433333333333334,243.16666666666663,24.066666666666663,6.316666666666666,63.41666666666666,0.5,64.625,37.79166666666666,Sunny,0.0,28,23,05:33:00,20:40:00,21:26:00,6:38:00,17,62,1009,0
2013-06-25,29.5125,21.5,243.16666666666663,20.0375,6.316666666666666,58.833333333333336,0.5,70.375,46.29166666666666,Sunny,0.0,28,23,05:33:00,20:40:00,22:10:00,7:51:00,21,70,1009,0
2013-06-26,26.383333333333336,17.162499999999998,243.16666666666663,12.879166666666668,6.316666666666666,62.5,0.5,64.625,38.25,Sunny,0.0,26,22,05:34:00,20:40:00,22:49:00,9:3:00,30,73,1012,0
2013-06-27,26.1375,19.516666666666666,243.16666666666663,13.470833333333331,6.316666666666666,70.75,0.5,62.91666666666666,36.0,Sunny,0.01,26,22,05:34:00,20:40:00,23:24:00,10:14:00,24,75,1012,0
2013-06-28,26.575,18.741666666666667,243.16666666666663,15.7875,6.316666666666666,58.66666666666666,0.5,66.375,39.5,Partly cloudy,0.15,25,23,05:35:00,20:40:00,23:56:00,11:23:00,26,83,1011,0
2013-06-29,25.575,18.17083333333333,243.16666666666663,14.854166666666666,6.316666666666666,55.875,0.5,63.41666666666666,36.75,Sunny,0.86,25,22,05:35:00,20:40:00,,0:29:00,24,78,1010,0
2013-06-30,30.65,23.070833333333336,243.16666666666663,20.53333333333333,6.316666666666666,57.125,0.5,67.70833333333333,43.125,Sunny,6.03,25,22,05:35:00,20:40:00,12:26:00,13:32:00,14,74,1006,0
2013-07-01,14.8,10.195833333333333,243.16666666666663,13.129166666666668,6.316666666666666,56.5,0.5,59.0,34.708333333333336,Partly cloudy,5.81,23,20,05:36:00,20:40:00,12:58:00,14:33:00,23,68,1012,0
2013-07-02,21.566666666666663,17.941666666666666,243.16666666666663,19.341666666666665,6.316666666666666,53.79166666666666,0.5,54.833333333333336,29.125,Sunny,1.11,23,21,05:36:00,20:40:00,1:30:00,15:34:00,18,61,1016,0
2013-07-03,26.59166666666667,24.79583333333333,243.16666666666663,24.77083333333333,6.316666666666666,49.833333333333336,0.5,71.5,49.25,Sunny,0.01,24,21,05:37:00,20:40:00,2:4:00,16:31:00,15,57,1015,0
2013-07-04,24.09166666666667,20.616666666666667,243.16666666666663,22.1,6.316666666666666,52.79166666666666,0.5,72.33333333333333,50.04166666666666,Sunny,0.01,24,21,05:38:00,20:40:00,2:42:00,17:26:00,15,66,1013,1
2013-07-05,19.320833333333333,13.604166666666666,243.16666666666663,18.091666666666665,6.316666666666666,58.91666666666666,0.5,60.75,34.333333333333336,Partly cloudy,0.05,24,21,05:38:00,20:39:00,3:24:00,18:17:00,24,76,1012,0
2013-07-06,23.5875,15.7875,243.16666666666663,14.320833333333333,6.316666666666666,71.75,0.5,54.333333333333336,31.166666666666668,Sunny,0.0,26,23,05:39:00,20:39:00,4:9:00,19:5:00,31,76,1012,0
2013-07-07,21.479166666666668,15.55,243.16666666666663,12.533333333333331,6.316666666666666,72.45833333333333,0.5,57.583333333333336,31.916666666666668,Sunny,0.02,26,23,05:39:00,20:39:00,4:59:00,19:49:00,27,73,1014,0
2013-07-08,23.98333333333333,18.429166666666667,243.16666666666663,15.475,6.316666666666666,68.33333333333333,0.5,60.04166666666666,33.291666666666664,Sunny,0.0,27,22,05:40:00,20:38:00,5:52:00,20:27:00,25,74,1016,0
2013-07-09,26.775,16.75,243.16666666666663,12.145833333333334,6.316666666666666,76.20833333333333,0.5,63.333333333333336,36.54166666666666,Sunny,0.01,26,22,05:41:00,20:38:00,6:48:00,21:3:00,30,76,1014,0
2013-07-10,24.829166666666666,12.866666666666667,243.16666666666663,10.716666666666669,6.316666666666666,74.0,0.5,54.66666666666666,31.166666666666668,Sunny,0.0,25,22,05:41:00,20:37:00,7:45:00,21:36:00,30,78,1010,0
2013-07-11,22.975,15.916666666666666,243.16666666666663,13.404166666666669,6.316666666666666,70.04166666666667,0.5,56.333333333333336,31.20833333333333,Sunny,0.0,26,22,05:42:00,20:37:00,8:43:00,22:5:00,28,75,1009,0
2013-07-12,21.90833333333333,18.179166666666667,243.16666666666663,16.433333333333334,6.316666666666666,61.0,0.5,59.29166666666666,32.75,Sunny,0.0,26,22,05:43:00,20:37:00,9:43:00,22:34:00,22,71,1012,0
2013-07-13,23.641666666666666,22.304166666666664,243.16666666666663,17.599999999999998,6.316666666666666,57.66666666666666,0.5,68.125,42.875,Sunny,0.0,26,23,05:44:00,20:36:00,10:42:00,23:3:00,19,73,1013,0
2013-07-14,26.954166666666666,23.058333333333334,243.16666666666663,18.15833333333333,6.316666666666666,62.208333333333336,0.5,72.91666666666667,50.79166666666666,Sunny,0.0,26,22,05:44:00,20:35:00,11:44:00,23:33:00,17,70,1012,1
2013-07-15,23.6625,17.616666666666667,243.16666666666663,16.445833333333333,6.316666666666666,61.0,0.5,69.625,45.5,Sunny,0.0,26,22,05:45:00,20:35:00,0:47:00,,23,71,1012,0
2013-07-16,20.241666666666667,13.4,243.16666666666663,10.704166666666666,6.316666666666666,64.41666666666667,0.5,54.333333333333336,30.541666666666668,Sunny,0.03,25,22,05:46:00,20:34:00,13:52:00,12:5:00,27,71,1013,0
2013-07-17,20.8875,12.35,243.16666666666663,9.041666666666666,6.316666666666666,70.54166666666667,0.5,52.375,29.041666666666668,Sunny,0.83,24,22,05:47:00,20:34:00,14:59:00,12:41:00,32,72,1015,0
2013-07-18,22.820833333333336,12.845833333333331,243.16666666666663,10.1375,6.316666666666666,65.375,0.5,51.625,28.0,Sunny,0.11,25,23,05:48:00,20:33:00,16:7:00,1:23:00,30,71,1016,0
2013-07-19,22.0875,13.408333333333331,243.16666666666663,12.4,6.316666666666666,70.16666666666667,0.5,52.5,28.875,Sunny,0.03,25,23,05:48:00,20:32:00,17:13:00,2:11:00,26,69,1015,0
2013-07-20,20.945833333333333,14.020833333333334,243.16666666666663,14.129166666666668,6.316666666666666,66.91666666666667,0.5,53.625,29.08333333333333,Sunny,0.0,26,23,05:49:00,20:31:00,18:15:00,3:9:00,24,69,1011,0
2013-07-21,21.729166666666668,16.1875,243.16666666666663,14.879166666666668,6.316666666666666,60.875,0.5,58.458333333333336,31.875,Sunny,0.0,26,22,05:50:00,20:31:00,19:11:00,4:13:00,25,68,1012,0
2013-07-22,16.341666666666665,8.508333333333333,243.16666666666663,10.766666666666666,6.316666666666666,65.25,0.5,45.91666666666666,28.125,Sunny,0.0,24,22,05:51:00,20:30:00,20:0:00,5:24:00,29,62,1013,0
2013-07-23,18.329166666666666,11.770833333333334,243.16666666666663,15.704166666666666,6.316666666666666,61.0,0.5,42.16666666666666,25.375,Sunny,0.0,26,22,05:52:00,20:29:00,20:42:00,6:38:00,24,63,1012,0
2013-07-24,27.275,22.45,243.16666666666663,26.808333333333334,6.316666666666666,60.583333333333336,0.5,59.16666666666666,33.375,Sunny,0.0,28,22,05:53:00,20:28:00,21:20:00,7:51:00,16,61,1012,0
2013-07-25,45.25,37.29166666666666,243.16666666666663,45.71666666666667,6.316666666666666,49.91666666666666,0.5,85.54166666666667,61.875,Sunny,0.0,27,23,05:54:00,20:27:00,21:54:00,9:3:00,6,61,1013,1
2013-07-26,27.975,23.725,243.16666666666663,25.52916666666667,6.316666666666666,56.375,0.5,96.83333333333331,67.04166666666667,Sunny,0.0,28,23,05:54:00,20:26:00,22:26:00,10:12:00,16,63,1012,1
2013-07-27,23.73333333333333,18.904166666666665,243.16666666666663,20.14583333333333,6.316666666666666,64.41666666666667,0.5,67.41666666666667,41.458333333333336,Sunny,0.2,26,23,05:55:00,20:25:00,22:59:00,11:18:00,17,68,1013,0
2013-07-28,24.425,20.575,243.16666666666663,19.320833333333333,6.316666666666666,56.125,0.5,68.08333333333333,42.125,Sunny,0.0,26,22,05:56:00,20:24:00,23:31:00,0:22:00,16,66,1016,0
2013-07-29,26.566666666666663,20.275,243.16666666666663,22.166666666666668,6.316666666666666,61.083333333333336,0.5,65.25,38.5,Sunny,0.0,28,22,05:57:00,20:23:00,,13:24:00,13,63,1016,0
2013-07-30,33.475,30.04583333333333,243.16666666666663,39.391666666666666,6.316666666666666,58.0,0.5,75.79166666666667,52.833333333333336,Sunny,0.0,29,24,05:58:00,20:22:00,12:5:00,14:23:00,10,57,1010,1
2013-07-31,21.40416666666667,19.95,243.16666666666663,18.8125,6.316666666666666,62.583333333333336,0.5,83.0,59.708333333333336,Sunny,0.04,26,23,05:59:00,20:21:00,12:42:00,15:19:00,20,71,1009,1
2013-08-01,15.708333333333334,10.245833333333334,243.16666666666663,13.883333333333333,6.316666666666666,58.79166666666666,0.5,51.25,28.95833333333333,Partly cloudy,1.34,25,23,06:00:00,20:20:00,1:23:00,16:12:00,23,75,1013,0
2013-08-02,24.70833333333333,16.162499999999998,243.16666666666663,14.933333333333332,6.316666666666666,71.91666666666667,0.5,54.208333333333336,30.625,Sunny,0.02,26,23,06:01:00,20:19:00,2:7:00,17:2:00,23,73,1015,0
2013-08-03,22.1625,15.841666666666669,243.16666666666663,17.333333333333332,6.316666666666666,66.29166666666667,0.5,58.833333333333336,33.166666666666664,Sunny,0.0,27,23,06:02:00,20:18:00,2:55:00,17:47:00,20,64,1015,0
2013-08-04,20.041666666666668,15.816666666666668,243.16666666666663,16.745833333333334,6.316666666666666,60.333333333333336,0.5,58.25,32.208333333333336,Sunny,0.0,27,23,06:03:00,20:17:00,3:47:00,18:27:00,20,64,1015,0
2013-08-05,16.416666666666668,10.008333333333333,243.16666666666663,10.395833333333334,6.316666666666666,66.125,0.5,48.333333333333336,29.45833333333333,Sunny,0.01,26,23,06:04:00,20:16:00,4:41:00,19:4:00,30,66,1016,0
2013-08-06,20.320833333333333,13.904166666666669,243.16666666666663,11.275,6.316666666666666,78.20833333333333,0.5,48.75,31.58333333333333,Sunny,0.0,27,24,06:05:00,20:14:00,5:39:00,19:38:00,30,66,1014,0
2013-08-07,20.133333333333333,13.133333333333333,243.16666666666663,13.1625,6.316666666666666,75.5,0.5,52.66666666666666,31.166666666666668,Sunny,0.0,27,24,06:06:00,20:13:00,6:37:00,20:9:00,27,67,1014,0
2013-08-08,23.59583333333333,17.195833333333333,243.16666666666663,15.145833333333334,6.316666666666666,68.25,0.5,57.333333333333336,31.625,Sunny,0.0,27,24,06:07:00,20:12:00,7:36:00,20:39:00,25,71,1015,0
2013-08-09,27.866666666666664,20.2,243.16666666666663,12.629166666666668,6.316666666666666,75.66666666666667,0.5,63.04166666666666,36.25,Sunny,0.0,27,24,06:08:00,20:11:00,8:36:00,21:8:00,29,73,1013,0
2013-08-10,27.5625,20.558333333333334,243.16666666666663,11.704166666666666,6.316666666666666,77.75,0.5,69.33333333333333,44.375,Sunny,0.0,28,24,06:09:00,20:9:00,9:38:00,21:38:00,33,70,1008,0
2013-08-11,21.695833333333336,14.816666666666668,243.16666666666663,11.516666666666666,6.316666666666666,79.125,0.5,62.66666666666666,36.833333333333336,Sunny,0.04,26,24,06:10:00,20:8:00,10:40:00,22:9:00,26,75,1008,0
2013-08-12,26.65833333333333,22.516666666666666,243.16666666666663,18.08333333333333,6.316666666666666,63.25,0.5,61.125,35.041666666666664,Sunny,0.0,28,24,06:11:00,20:7:00,11:44:00,22:43:00,19,70,1013,0
2013-08-13,33.270833333333336,29.075,243.16666666666663,19.5625,6.316666666666666,73.33333333333333,0.5,81.08333333333333,60.25,Sunny,0.0,28,24,06:12:00,20:5:00,0:49:00,23:22:00,20,71,1013,1
2013-08-14,41.770833333333336,36.40416666666667,243.16666666666663,15.1125,6.316666666666666,79.41666666666667,0.5,92.29166666666669,65.41666666666667,Sunny,0.0,28,24,06:13:00,20:4:00,13:54:00,,25,71,1012,1
2013-08-15,33.05416666666667,27.491666666666664,243.16666666666663,13.016666666666666,6.316666666666666,71.41666666666667,0.5,96.875,67.125,Sunny,0.0,27,24,06:14:00,20:3:00,14:59:00,12:6:00,28,76,1013,1
2013-08-16,41.204166666666666,32.46666666666667,243.16666666666663,12.3,6.316666666666666,76.29166666666667,0.5,83.25,61.91666666666666,Sunny,0.0,28,24,06:15:00,20:1:00,16:1:00,12:58:00,31,76,1014,1
2013-08-17,32.92916666666667,20.916666666666668,243.16666666666663,9.425,6.316666666666666,78.79166666666667,0.5,85.95833333333333,62.0,Sunny,0.0,27,24,06:16:00,20:0:00,16:58:00,1:57:00,33,73,1014,1
2013-08-18,30.15,17.995833333333334,243.16666666666663,14.941666666666668,6.316666666666666,68.41666666666667,0.5,60.708333333333336,34.625,Sunny,0.03,26,24,06:17:00,19:59:00,17:49:00,3:3:00,21,70,1015,0
2013-08-19,41.17916666666667,26.8875,243.16666666666663,16.383333333333333,6.316666666666666,70.125,0.5,75.33333333333333,53.208333333333336,Sunny,0.0,28,24,06:18:00,19:57:00,18:34:00,4:14:00,25,74,1014,1
2013-08-20,35.8,23.416666666666668,243.16666666666663,13.370833333333332,6.316666666666666,71.5,0.5,77.16666666666667,57.333333333333336,Sunny,0.0,28,24,06:19:00,19:56:00,19:14:00,5:27:00,28,72,1013,1
2013-08-21,23.0875,14.495833333333332,243.16666666666663,10.733333333333334,6.316666666666666,85.20833333333333,0.5,67.16666666666667,43.708333333333336,Sunny,0.01,26,24,06:20:00,19:54:00,19:50:00,6:38:00,33,71,1013,0
2013-08-22,22.566666666666663,13.166666666666666,243.16666666666663,10.783333333333331,6.316666666666666,79.75,0.5,51.708333333333336,31.95833333333333,Sunny,0.0,27,24,06:21:00,19:53:00,20:23:00,7:50:00,30,71,1012,0
2013-08-23,26.2375,17.5,243.16666666666663,15.733333333333334,6.316666666666666,70.08333333333333,0.5,57.625,31.95833333333333,Sunny,0.05,26,24,06:22:00,19:51:00,20:56:00,8:58:00,22,70,1012,0
2013-08-24,27.05,20.466666666666665,243.16666666666663,19.620833333333334,6.316666666666666,68.58333333333333,0.5,65.70833333333333,38.833333333333336,Sunny,0.31,27,24,06:23:00,19:50:00,21:30:00,10:5:00,20,67,1013,0
2013-08-25,26.85,20.804166666666667,243.16666666666663,16.2,6.316666666666666,67.79166666666667,0.5,68.29166666666667,42.583333333333336,Sunny,0.0,27,24,06:24:00,19:48:00,22:4:00,11:9:00,22,68,1011,0
2013-08-26,25.7125,20.17083333333333,243.16666666666663,18.1125,6.316666666666666,60.833333333333336,0.5,65.20833333333333,38.66666666666666,Sunny,0.0,28,24,06:25:00,19:47:00,22:40:00,0:10:00,20,72,1011,0
2013-08-27,34.06666666666667,26.516666666666666,243.16666666666663,24.245833333333334,6.316666666666666,53.75,0.5,78.95833333333333,57.16666666666666,Sunny,0.0,27,23,06:26:00,19:45:00,23:20:00,13:9:00,13,77,1012,1
2013-08-28,32.44583333333333,22.616666666666664,243.16666666666663,23.5875,6.316666666666666,58.0,0.5,71.45833333333333,48.0,Sunny,0.0,27,24,06:27:00,19:43:00,,14:4:00,13,75,1011,0
2013-08-29,41.141666666666666,34.358333333333334,243.16666666666663,29.34583333333333,6.316666666666666,54.16666666666666,0.5,90.04166666666667,63.958333333333336,Sunny,0.0,27,24,06:28:00,19:42:00,12:3:00,14:55:00,14,78,1011,1
2013-08-30,23.666666666666668,14.641666666666666,243.16666666666663,14.554166666666667,6.316666666666666,64.25,0.5,75.20833333333333,49.625,Sunny,0.09,25,22,06:29:00,19:40:00,12:50:00,15:42:00,28,75,1013,0
2013-08-31,17.033333333333335,10.458333333333334,243.16666666666663,11.316666666666668,6.316666666666666,61.958333333333336,0.5,48.458333333333336,27.416666666666668,Sunny,0.08,24,22,06:30:00,19:39:00,1:41:00,16:24:00,26,64,1015,0
2013-09-01,17.816666666666666,13.8,243.16666666666663,14.925,6.316666666666666,66.66666666666667,0.5,48.875,27.33333333333333,Sunny,0.02,25,22,06:31:00,19:37:00,2:34:00,17:3:00,23,59,1017,0
2013-09-02,20.275,16.004166666666666,243.16666666666663,20.425,6.316666666666666,58.583333333333336,0.5,57.625,31.125,Sunny,0.0,25,22,06:32:00,19:35:00,3:30:00,17:38:00,19,62,1017,0
2013-09-03,35.920833333333334,34.15416666666667,243.16666666666663,37.7125,6.316666666666666,48.75,0.5,76.375,51.875,Sunny,0.0,26,22,06:33:00,19:34:00,4:28:00,18:10:00,7,59,1016,1
2013-09-04,17.866666666666667,13.604166666666666,243.16666666666663,18.125,6.316666666666666,44.66666666666666,0.5,76.375,50.16666666666666,Sunny,0.45,23,21,06:34:00,19:32:00,5:27:00,18:41:00,24,57,1018,1
2013-09-05,21.366666666666664,16.541666666666668,243.16666666666663,24.6,6.316666666666666,42.29166666666666,0.5,58.125,31.58333333333333,Sunny,0.73,23,21,06:34:00,19:30:00,6:27:00,19:11:00,14,54,1018,0
2013-09-06,28.133333333333336,22.504166666666663,243.16666666666663,27.3125,6.316666666666666,51.16666666666666,0.5,63.04166666666666,36.91666666666666,Sunny,0.0,25,20,06:35:00,19:29:00,7:29:00,19:41:00,14,51,1014,0
2013-09-07,27.141666666666666,23.116666666666664,243.16666666666663,21.954166666666666,6.316666666666666,57.875,0.5,74.70833333333333,54.208333333333336,Sunny,0.0,25,22,06:36:00,19:27:00,8:32:00,20:12:00,18,55,1017,1
2013-09-08,18.254166666666663,13.958333333333334,243.16666666666663,15.8625,6.316666666666666,56.75,0.5,64.25,39.16666666666666,Sunny,0.02,23,21,06:37:00,19:25:00,9:36:00,20:46:00,22,59,1020,0
2013-09-09,18.2,12.695833333333333,243.16666666666663,17.204166666666666,6.316666666666666,57.91666666666666,0.5,52.91666666666666,27.625,Sunny,0.07,23,20,06:38:00,19:24:00,10:41:00,21:23:00,20,62,1021,0
2013-09-10,24.375,20.35,243.16666666666663,29.204166666666666,6.316666666666666,52.125,0.5,56.16666666666666,29.95833333333333,Sunny,0.0,24,20,06:39:00,19:22:00,11:47:00,22:6:00,13,59,1018,0
2013-09-11,31.22083333333333,26.34583333333333,243.16666666666663,36.329166666666666,6.316666666666666,45.875,0.5,74.625,53.708333333333336,Sunny,0.0,26,22,06:40:00,19:20:00,0:51:00,22:55:00,11,61,1016,1
2013-09-12,44.85416666666666,43.74166666666667,243.16666666666663,45.05,6.316666666666666,39.75,0.5,99.625,67.95833333333333,Sunny,0.0,26,24,06:41:00,19:19:00,13:53:00,23:50:00,8,64,1013,1
2013-09-13,47.72083333333333,42.59583333333333,243.16666666666663,40.06666666666667,6.316666666666666,35.916666666666664,0.5,125.375,76.41666666666667,Sunny,0.0,27,24,06:42:00,19:17:00,14:50:00,,12,63,1012,1
2013-09-14,27.8125,28.08333333333333,243.16666666666663,29.129166666666663,6.316666666666666,43.04166666666666,0.5,104.29166666666669,69.58333333333333,Sunny,3.07,24,19,06:43:00,19:15:00,15:42:00,12:52:00,16,62,1014,1
2013-09-15,22.125,22.575,243.16666666666663,24.40833333333333,6.316666666666666,57.79166666666666,0.5,75.29166666666667,54.66666666666666,Sunny,0.0,24,21,06:44:00,19:14:00,16:27:00,1:59:00,19,54,1013,1
2013-09-16,26.59166666666667,24.0125,243.16666666666663,35.295833333333334,6.316666666666666,48.16666666666666,0.5,66.70833333333333,41.333333333333336,Sunny,0.88,25,22,06:45:00,19:12:00,17:9:00,3:8:00,12,57,1008,0
2013-09-17,28.741666666666664,27.104166666666668,243.16666666666663,28.09166666666667,6.316666666666666,68.5,0.5,82.29166666666667,61.25,Sunny,0.18,24,22,06:46:00,19:10:00,17:46:00,4:18:00,13,61,1004,1
2013-09-18,22.34166666666667,17.875,243.16666666666663,25.98333333333333,6.316666666666666,53.16666666666666,0.5,69.41666666666667,45.54166666666666,Partly cloudy,2.89,23,21,06:47:00,19:8:00,18:20:00,5:29:00,16,70,1004,0
2013-09-19,38.12083333333333,34.237500000000004,243.16666666666663,49.06666666666666,6.316666666666666,27.375,0.5,79.625,54.125,Sunny,1.93,24,21,06:48:00,19:7:00,18:53:00,6:37:00,6,65,1006,1
2013-09-20,19.32916666666667,20.808333333333334,243.16666666666663,24.554166666666664,6.316666666666666,44.583333333333336,0.5,92.45833333333331,64.70833333333333,Partly cloudy,1.65,22,19,06:49:00,19:5:00,19:26:00,7:45:00,23,65,1013,1
2013-09-21,21.070833333333333,17.870833333333334,243.16666666666663,23.09583333333333,6.316666666666666,43.083333333333336,0.5,60.0,33.416666666666664,Sunny,0.0,21,19,06:50:00,19:3:00,20:0:00,8:51:00,14,53,1017,0
2013-09-22,20.2,15.745833333333332,243.16666666666663,22.05,6.316666666666666,37.75,0.5,62.75,36.04166666666666,Sunny,2.5,20,18,06:52:00,19:1:00,20:36:00,9:54:00,20,62,1018,0
2013-09-23,26.808333333333334,17.991666666666667,243.16666666666663,23.633333333333336,6.316666666666666,35.125,0.5,55.083333333333336,28.75,Sunny,1.78,21,18,06:53:00,19:0:00,21:16:00,10:55:00,15,62,1015,0
2013-09-24,25.504166666666663,20.195833333333333,243.16666666666663,18.841666666666665,6.316666666666666,48.54166666666666,0.5,68.58333333333333,43.583333333333336,Partly cloudy,0.06,22,20,06:54:00,18:58:00,21:58:00,11:53:00,17,57,1012,0
2013-09-25,25.479166666666668,21.95833333333333,243.16666666666663,27.14583333333333,6.316666666666666,47.625,0.5,67.125,40.66666666666666,Sunny,0.0,24,20,06:55:00,18:56:00,22:43:00,0:46:00,15,60,1015,0
2013-09-26,32.87916666666667,35.5,243.16666666666663,38.34166666666667,6.316666666666666,40.04166666666666,0.5,89.125,62.958333333333336,Sunny,0.0,25,22,06:56:00,18:55:00,23:33:00,13:35:00,11,58,1014,1
2013-09-27,30.558333333333334,26.65833333333333,243.16666666666663,20.03333333333333,6.316666666666666,62.958333333333336,0.5,89.0,64.16666666666667,Sunny,0.48,23,20,06:57:00,18:53:00,,14:19:00,23,74,1012,1
2013-09-28,30.979166666666668,23.266666666666666,243.16666666666663,26.46666666666667,6.316666666666666,42.375,0.5,72.66666666666667,50.16666666666666,Sunny,0.01,22,19,06:58:00,18:51:00,12:25:00,14:59:00,11,70,1014,1
2013-09-29,33.92916666666667,25.9875,243.16666666666663,32.108333333333334,6.316666666666666,40.54166666666666,0.5,78.91666666666667,59.91666666666666,Sunny,0.0,23,19,06:59:00,18:49:00,1:20:00,15:36:00,12,70,1014,1
2013-09-30,37.18333333333333,32.45,243.16666666666663,33.74166666666667,6.316666666666666,42.66666666666666,0.5,83.91666666666667,61.91666666666666,Sunny,0.01,24,20,07:00:00,18:48:00,2:17:00,16:9:00,12,72,1009,1
2013-10-01,20.59583333333333,17.158333333333335,243.16666666666663,20.454166666666666,6.316666666666666,60.458333333333336,0.5,86.75,60.25,Partly cloudy,2.0,23,15,07:01:00,18:46:00,3:15:00,16:40:00,29,70,1002,1
2013-10-02,12.920833333333334,6.983333333333333,243.16666666666663,11.108333333333334,6.316666666666666,44.583333333333336,0.5,40.875,21.25,Overcast,2.66,15,13,07:02:00,18:44:00,4:15:00,17:11:00,35,84,1011,0
2013-10-03,14.204166666666666,8.829166666666667,243.16666666666663,10.095833333333331,6.316666666666666,47.375,0.5,31.75,18.916666666666668,Cloudy,1.46,12,11,07:03:00,18:43:00,5:16:00,17:41:00,32,75,1022,0
2013-10-04,16.829166666666666,9.770833333333334,243.16666666666663,10.433333333333334,6.316666666666666,40.958333333333336,0.5,38.25,18.33333333333333,Partly cloudy,1.52,11,10,07:04:00,18:41:00,6:19:00,18:12:00,30,71,1028,0
2013-10-05,16.795833333333334,10.745833333333332,243.16666666666663,13.345833333333331,6.316666666666666,42.458333333333336,0.5,42.5,20.375,Partly cloudy,1.09,12,10,07:05:00,18:39:00,7:24:00,18:45:00,24,71,1027,0
2013-10-06,22.9375,18.60833333333333,243.16666666666663,24.2125,6.316666666666666,34.958333333333336,0.5,57.0,30.791666666666668,Sunny,0.47,14,12,07:06:00,18:38:00,8:30:00,19:23:00,16,65,1027,0
2013-10-07,22.59166666666667,15.420833333333334,243.16666666666663,18.254166666666663,6.316666666666666,52.0,0.5,61.208333333333336,34.625,Sunny,0.01,16,13,07:07:00,18:36:00,9:37:00,20:4:00,22,67,1029,0
2013-10-08,19.808333333333334,14.2375,243.16666666666663,16.254166666666666,6.316666666666666,57.333333333333336,0.5,54.583333333333336,28.541666666666668,Sunny,0.0,18,13,07:08:00,18:34:00,10:43:00,20:52:00,24,73,1028,0
2013-10-09,29.516666666666666,22.479166666666668,243.16666666666663,25.775,6.316666666666666,51.625,0.5,59.54166666666666,33.291666666666664,Sunny,0.0,19,15,07:09:00,18:33:00,11:47:00,21:46:00,16,75,1023,0
2013-10-10,52.1625,49.89166666666667,243.16666666666663,47.22083333333333,6.316666666666666,37.29166666666666,0.5,104.08333333333331,68.70833333333333,Sunny,0.0,20,16,07:10:00,18:31:00,0:46:00,22:46:00,6,66,1019,1
2013-10-11,48.99583333333334,64.94166666666666,243.16666666666663,54.3125,6.316666666666666,19.08333333333333,0.5,152.0,88.95833333333333,Sunny,0.0,20,18,07:11:00,18:30:00,13:39:00,23:51:00,7,67,1021,1
2013-10-12,60.95,79.50416666666668,243.16666666666663,57.6875,6.316666666666666,25.166666666666668,0.5,160.875,100.91666666666669,Sunny,0.0,20,16,07:12:00,18:28:00,14:26:00,,10,78,1023,1
2013-10-13,33.479166666666664,29.29583333333333,243.16666666666663,17.075,6.316666666666666,60.625,0.5,122.79166666666669,78.83333333333333,Sunny,0.0,18,16,07:14:00,18:27:00,15:7:00,12:58:00,23,82,1023,1
2013-10-14,33.8875,29.666666666666668,243.16666666666663,23.1875,6.316666666666666,47.5,0.5,87.41666666666667,63.625,Partly cloudy,0.0,18,15,07:15:00,18:25:00,15:44:00,2:6:00,17,80,1022,1
2013-10-15,50.4625,43.833333333333336,243.16666666666663,46.1,6.316666666666666,35.916666666666664,0.5,91.5,65.29166666666667,Sunny,0.07,19,15,07:16:00,18:23:00,16:18:00,3:15:00,6,76,1018,1
2013-10-16,48.44583333333333,52.04166666666666,243.16666666666663,43.79166666666666,6.316666666666666,31.45833333333333,0.5,148.95833333333334,87.375,Partly cloudy,9.42,19,17,07:17:00,18:22:00,16:51:00,4:22:00,11,73,1008,1
2013-10-17,18.329166666666666,11.079166666666666,243.16666666666663,21.179166666666667,6.316666666666666,43.875,0.5,78.08333333333333,47.875,Overcast,9.24,18,14,07:18:00,18:20:00,17:24:00,5:29:00,19,87,1000,0
2013-10-18,16.745833333333334,12.175,243.16666666666663,18.370833333333334,6.316666666666666,36.875,0.5,44.833333333333336,21.5,Overcast,4.51,16,14,07:19:00,18:19:00,17:57:00,6:34:00,29,79,1008,0
2013-10-19,29.758333333333336,27.479166666666668,243.16666666666663,31.329166666666666,6.316666666666666,29.75,0.5,62.125,36.958333333333336,Sunny,1.73,16,15,07:20:00,18:17:00,18:32:00,7:39:00,14,68,1023,0
2013-10-20,30.5875,23.3625,243.16666666666663,27.1875,6.316666666666666,27.041666666666668,0.5,88.91666666666667,64.125,Sunny,0.0,16,14,07:21:00,18:16:00,19:10:00,8:40:00,15,64,1030,1
2013-10-21,47.90416666666667,49.020833333333336,243.16666666666663,45.16666666666666,6.316666666666666,19.70833333333333,0.5,84.16666666666667,57.0,Sunny,0.0,17,14,07:23:00,18:15:00,19:52:00,9:40:00,5,55,1024,1
2013-10-22,51.775,44.23333333333333,243.16666666666663,47.40833333333333,6.316666666666666,27.791666666666668,0.5,142.08333333333334,81.79166666666667,Sunny,0.0,18,15,07:24:00,18:13:00,20:36:00,10:35:00,9,66,1022,1
2013-10-23,36.2375,30.78333333333333,243.16666666666663,22.27916666666667,6.316666666666666,42.333333333333336,0.5,108.41666666666669,70.95833333333333,Sunny,0.0,18,15,07:25:00,18:12:00,21:25:00,11:27:00,24,79,1024,1
2013-10-24,27.870833333333334,18.725,243.16666666666663,15.120833333333332,6.316666666666666,49.25,0.5,77.75,55.29166666666666,Sunny,0.0,17,14,07:26:00,18:10:00,22:16:00,0:13:00,27,83,1025,1
2013-10-25,22.54583333333333,15.454166666666666,243.16666666666663,19.475,6.316666666666666,40.41666666666666,0.5,58.41666666666666,31.95833333333333,Sunny,0.08,16,13,07:27:00,18:9:00,23:10:00,0:55:00,20,84,1023,0
2013-10-26,24.59166666666667,17.629166666666666,243.16666666666663,22.304166666666664,6.316666666666666,39.958333333333336,0.5,60.5,33.958333333333336,Sunny,0.03,16,14,07:28:00,18:8:00,,13:33:00,18,82,1023,0
2013-10-27,31.90833333333333,24.620833333333334,243.16666666666663,31.079166666666666,6.316666666666666,32.458333333333336,0.5,65.0,39.208333333333336,Sunny,0.0,16,14,07:29:00,18:6:00,12:5:00,14:7:00,12,81,1021,0
2013-10-28,57.89166666666667,51.38333333333333,243.16666666666663,46.21666666666667,6.316666666666666,20.25,0.5,105.79166666666669,69.79166666666667,Sunny,0.0,17,15,07:31:00,18:5:00,1:2:00,14:38:00,7,74,1018,1
2013-10-29,58.21666666666667,55.5875,243.16666666666663,57.675,6.316666666666666,24.5,0.5,146.75,83.45833333333333,Sunny,0.0,18,16,07:32:00,18:4:00,2:0:00,15:9:00,8,66,1017,1
2013-10-30,48.8875,43.29166666666666,243.16666666666663,39.4375,6.316666666666666,23.95833333333333,0.5,139.33333333333334,80.95833333333333,Sunny,0.0,18,15,07:33:00,18:2:00,3:0:00,15:39:00,15,74,1018,1
2013-10-31,37.3,30.808333333333334,243.16666666666663,19.32916666666667,6.316666666666666,54.958333333333336,0.5,105.29166666666669,70.04166666666667,Sunny,0.01,17,15,07:34:00,18:1:00,4:2:00,16:9:00,24,83,1023,1
2013-11-01,32.0375,22.95833333333333,243.16666666666663,17.204166666666666,6.316666666666666,51.083333333333336,0.5,79.0,56.708333333333336,Partly cloudy,0.08,16,15,07:35:00,18:0:00,5:5:00,16:41:00,22,84,1023,1
2013-11-02,68.63333333333334,57.5,243.16666666666663,44.425,6.316666666666666,24.625,0.5,96.70833333333331,65.08333333333333,Partly cloudy,0.07,16,15,07:36:00,17:59:00,6:11:00,17:17:00,7,83,1020,1
2013-11-03,71.625,60.92083333333333,243.16666666666663,38.94583333333333,6.316666666666666,25.291666666666668,0.5,157.625,96.04166666666669,Sunny,0.03,16,14,07:38:00,17:58:00,7:19:00,17:58:00,12,85,1017,1
2013-11-04,46.13333333333333,38.65,243.16666666666663,29.816666666666663,6.316666666666666,42.708333333333336,0.5,122.70833333333331,76.0,Sunny,0.0,18,16,07:39:00,17:57:00,8:27:00,18:44:00,15,75,1016,1
2013-11-05,32.68333333333333,31.916666666666668,243.16666666666663,22.016666666666666,6.316666666666666,51.333333333333336,0.5,111.08333333333331,71.95833333333333,Sunny,0.0,19,16,07:40:00,17:55:00,9:35:00,19:37:00,21,64,1012,1
2013-11-06,31.6625,24.191666666666663,243.16666666666663,28.054166666666664,6.316666666666666,38.333333333333336,0.5,73.75,49.708333333333336,Sunny,0.0,20,17,07:41:00,17:54:00,10:38:00,20:37:00,16,61,1008,0
2013-11-07,34.108333333333334,35.78333333333333,243.16666666666663,41.925,6.316666666666666,22.83333333333333,0.5,86.625,63.29166666666666,Sunny,7.2,17,13,07:42:00,17:53:00,11:35:00,21:43:00,14,69,1016,1
2013-11-08,44.60833333333333,49.63333333333333,243.16666666666663,42.62916666666667,6.316666666666666,17.541666666666668,0.5,134.66666666666666,80.25,Sunny,0.0,15,13,07:44:00,17:52:00,0:24:00,22:50:00,12,64,1022,1
2013-11-09,39.25,34.05833333333333,243.16666666666663,35.520833333333336,6.316666666666666,24.70833333333333,0.5,101.41666666666669,68.58333333333333,Sunny,0.0,17,13,07:45:00,17:51:00,13:8:00,23:59:00,12,69,1019,1
2013-11-10,39.025,37.45,243.16666666666663,43.07916666666667,6.316666666666666,21.5,0.5,104.08333333333331,69.58333333333333,Sunny,0.0,17,14,07:46:00,17:50:00,13:46:00,,7,58,1014,1
2013-11-11,47.41666666666666,42.61666666666667,243.16666666666663,53.18333333333334,6.316666666666666,11.041666666666666,0.5,101.20833333333331,68.70833333333333,Partly cloudy,0.0,18,15,07:47:00,17:49:00,14:21:00,1:7:00,10,56,1015,1
2013-11-12,44.03333333333333,39.7,243.16666666666663,44.0875,6.316666666666666,20.20833333333333,0.5,130.45833333333334,78.125,Sunny,0.0,19,15,07:48:00,17:48:00,14:53:00,2:14:00,18,64,1021,1
2013-11-13,33.737500000000004,23.004166666666663,243.16666666666663,15.758333333333333,6.316666666666666,43.91666666666666,0.5,84.16666666666667,59.958333333333336,Cloudy,0.43,15,14,07:49:00,17:47:00,15:25:00,3:19:00,26,84,1021,1
2013-11-14,30.141666666666666,19.23333333333333,243.16666666666663,14.7625,6.316666666666666,46.0,0.5,72.375,50.25,Overcast,0.85,14,13,07:51:00,17:47:00,15:57:00,4:23:00,31,82,1018,1
2013-11-15,20.925,11.695833333333333,243.16666666666663,11.666666666666666,6.316666666666666,55.125,0.5,55.958333333333336,29.75,Cloudy,0.27,15,13,07:52:00,17:46:00,16:31:00,5:27:00,37,80,1019,0
2013-11-16,17.783333333333335,9.545833333333333,243.16666666666663,12.033333333333331,6.316666666666666,55.29166666666666,0.5,44.41666666666666,23.166666666666668,Cloudy,0.52,13,11,07:53:00,17:45:00,17:7:00,6:29:00,32,77,1024,0
2013-11-17,19.875,13.5375,243.16666666666663,18.28333333333333,6.316666666666666,33.125,0.5,41.583333333333336,20.5,Sunny,0.08,12,11,07:54:00,17:44:00,17:47:00,7:29:00,23,74,1023,0
2013-11-18,25.39583333333333,20.929166666666667,243.16666666666663,20.375,6.316666666666666,30.0,0.5,63.25,36.91666666666666,Sunny,0.0,13,11,07:55:00,17:43:00,18:30:00,8:26:00,24,76,1022,0
2013-11-19,52.61666666666667,45.16666666666666,243.16666666666663,40.6125,6.316666666666666,22.5,0.5,79.95833333333333,52.75,Sunny,0.0,15,11,07:56:00,17:43:00,19:17:00,9:19:00,10,72,1020,1
2013-11-20,51.8125,46.84166666666667,243.16666666666663,41.520833333333336,6.316666666666666,10.375,0.5,145.41666666666666,84.29166666666667,Sunny,0.37,17,14,07:58:00,17:42:00,20:7:00,10:8:00,12,64,1016,1
2013-11-21,40.61666666666667,29.875,243.16666666666663,32.325,6.316666666666666,18.416666666666668,0.5,106.54166666666669,70.33333333333333,Sunny,0.81,18,15,07:59:00,17:41:00,21:0:00,10:51:00,19,68,1011,1
2013-11-22,33.45,26.6875,243.16666666666663,37.204166666666666,6.316666666666666,13.375,0.5,82.5,61.833333333333336,Overcast,0.0,16,15,08:00:00,17:41:00,21:55:00,11:31:00,13,78,1009,1
2013-11-23,59.89166666666667,50.35416666666666,243.16666666666663,57.1875,6.316666666666666,10.916666666666666,0.5,88.75,63.625,Sunny,0.0,16,14,08:01:00,17:40:00,22:51:00,0:6:00,7,80,1011,1
2013-11-24,51.60416666666666,43.083333333333336,243.16666666666663,45.50833333333333,6.316666666666666,16.083333333333332,0.5,148.66666666666666,86.70833333333333,Sunny,0.0,17,15,08:02:00,17:40:00,23:48:00,0:38:00,14,68,1010,1
2013-11-25,17.912499999999998,13.783333333333331,243.16666666666663,24.52916666666667,6.316666666666666,50.5,0.5,77.5,50.125,Cloudy,2.86,16,14,08:03:00,17:39:00,,13:9:00,23,79,1007,1
2013-11-26,30.766666666666666,24.0375,243.16666666666663,45.2625,6.316666666666666,17.625,0.5,60.0,34.083333333333336,Overcast,0.0,14,13,08:04:00,17:39:00,12:46:00,13:38:00,13,85,1009,0
2013-11-27,42.145833333333336,35.5875,243.16666666666663,39.34166666666666,6.316666666666666,15.791666666666666,0.5,99.41666666666669,67.70833333333333,Partly cloudy,6.94,15,13,08:05:00,17:38:00,1:46:00,14:7:00,12,80,1016,1
2013-11-28,23.7875,17.016666666666666,243.16666666666663,22.320833333333336,6.316666666666666,20.916666666666668,0.5,69.66666666666667,43.958333333333336,Cloudy,2.32,12,7,08:06:00,17:38:00,2:46:00,14:37:00,22,84,1025,0
2013-11-29,29.379166666666663,24.6,243.16666666666663,27.454166666666666,6.316666666666666,22.33333333333333,0.5,73.70833333333333,51.958333333333336,Sunny,0.02,10,7,08:07:00,17:37:00,3:50:00,15:11:00,20,68,1021,1
2013-11-30,50.520833333333336,46.3625,243.16666666666663,40.53333333333333,6.316666666666666,15.25,0.5,92.04166666666669,64.0,Sunny,0.0,11,7,08:09:00,17:37:00,4:56:00,15:48:00,9,64,1024,1
2013-12-01,48.06666666666666,45.575,243.16666666666663,42.54583333333333,6.316666666666666,16.083333333333332,0.5,133.08333333333334,78.95833333333333,Partly cloudy,0.0,13,11,08:10:00,17:37:00,6:4:00,16:31:00,11,59,1023,1
2013-12-02,32.666666666666664,30.204166666666666,243.16666666666663,28.416666666666668,6.316666666666666,26.58333333333333,0.5,114.33333333333331,72.875,Overcast,2.6,13,10,08:11:00,17:37:00,7:13:00,17:22:00,22,77,1022,1
2013-12-03,14.975,7.05,243.16666666666663,10.2,6.316666666666666,43.625,0.5,57.708333333333336,35.458333333333336,Partly cloudy,0.23,9,7,08:12:00,17:36:00,8:20:00,18:19:00,41,69,1030,0
2013-12-04,16.129166666666666,7.175,243.16666666666663,11.304166666666667,6.316666666666666,34.625,0.5,27.166666666666668,16.666666666666668,Sunny,0.0,9,7,08:13:00,17:36:00,9:22:00,19:25:00,33,75,1023,0
2013-12-05,37.7625,30.9875,243.16666666666663,35.3375,6.316666666666666,12.75,0.5,56.16666666666666,35.0,Sunny,0.0,10,8,08:13:00,17:36:00,10:17:00,20:34:00,12,70,1019,0
2013-12-06,38.641666666666666,30.291666666666668,243.16666666666663,29.391666666666666,6.316666666666666,25.041666666666668,0.5,96.16666666666669,66.91666666666667,Sunny,0.07,12,8,08:14:00,17:36:00,11:5:00,21:46:00,17,64,1015,1
2013-12-07,18.741666666666667,17.025000000000002,243.16666666666663,25.67083333333333,6.316666666666666,42.583333333333336,0.5,76.75,52.125,Overcast,4.29,10,6,08:15:00,17:36:00,11:46:00,22:57:00,22,63,1017,1
2013-12-08,15.733333333333334,12.491666666666667,243.16666666666663,19.45,6.316666666666666,41.75,0.5,52.41666666666666,26.33333333333333,Sunny,0.91,7,4,08:16:00,17:36:00,0:23:00,,23,53,1027,0
2013-12-09,26.33333333333333,21.52083333333333,243.16666666666663,23.133333333333336,6.316666666666666,30.875,0.5,63.79166666666666,39.04166666666666,Sunny,0.25,10,6,08:17:00,17:36:00,0:57:00,12:5:00,25,63,1026,0
2013-12-10,15.8625,9.070833333333333,243.16666666666663,12.841666666666669,6.316666666666666,42.41666666666666,0.5,55.125,30.70833333333333,Overcast,5.34,9,4,08:18:00,17:36:00,13:29:00,1:12:00,35,77,1024,0
2013-12-11,13.029166666666669,5.945833333333333,243.16666666666663,10.8,6.316666666666666,29.541666666666668,0.5,28.125,14.291666666666666,Light sleet showers,3.78,4,3,08:19:00,17:36:00,14:1:00,2:17:00,41,72,1032,0
2013-12-12,25.891666666666666,22.245833333333334,243.16666666666663,26.725,6.316666666666666,14.916666666666666,0.5,41.083333333333336,21.791666666666668,Partly cloudy,2.36,4,3,08:20:00,17:36:00,14:33:00,3:20:00,10,72,1028,0
2013-12-13,36.67083333333333,36.125,243.16666666666663,33.3125,6.316666666666666,8.916666666666666,0.5,96.5,66.41666666666667,Overcast,2.56,6,3,08:20:00,17:36:00,15:8:00,4:21:00,11,82,1024,1
2013-12-14,34.233333333333334,29.54583333333333,243.16666666666663,32.704166666666666,6.316666666666666,10.958333333333334,0.5,92.58333333333331,65.54166666666667,Sunny,0.55,7,6,08:21:00,17:37:00,15:46:00,5:22:00,16,76,1027,1
2013-12-15,56.0375,50.7625,243.16666666666663,43.77916666666667,6.316666666666666,8.083333333333334,0.5,97.375,67.20833333333333,Sunny,0.0,9,7,08:22:00,17:37:00,16:27:00,6:19:00,7,61,1030,1
2013-12-16,59.3375,47.85833333333333,243.16666666666663,43.775,6.316666666666666,7.375,0.5,148.125,84.54166666666667,Partly cloudy,0.31,9,8,08:22:00,17:37:00,17:12:00,7:13:00,18,78,1031,1
2013-12-17,15.620833333333335,11.920833333333334,243.16666666666663,17.404166666666665,6.316666666666666,27.625,0.5,89.0,57.41666666666666,Overcast,1.28,9,8,08:23:00,17:38:00,18:1:00,8:3:00,28,78,1033,1
2013-12-18,20.870833333333334,13.604166666666666,243.16666666666663,17.270833333333332,6.316666666666666,28.08333333333333,0.5,51.083333333333336,25.291666666666668,Partly cloudy,0.1,9,8,08:24:00,17:38:00,18:53:00,8:49:00,26,77,1028,0
2013-12-19,42.708333333333336,36.88333333333333,243.16666666666663,37.46666666666667,6.316666666666666,17.833333333333332,0.5,65.45833333333333,39.625,Sunny,0.02,8,7,08:24:00,17:38:00,19:47:00,9:30:00,12,72,1026,0
2013-12-20,60.97916666666666,57.4875,243.16666666666663,48.6625,6.316666666666666,5.541666666666667,0.5,141.33333333333334,83.0,Sunny,0.0,9,7,08:25:00,17:39:00,20:43:00,10:7:00,8,63,1030,1
2013-12-21,52.825,39.225,243.16666666666663,44.26666666666667,6.316666666666666,12.083333333333334,0.5,121.5,75.41666666666667,Sunny,0.0,10,8,08:25:00,17:39:00,21:40:00,10:40:00,12,74,1033,1
2013-12-22,64.23333333333333,44.14166666666667,243.16666666666663,41.85833333333333,6.316666666666666,10.625,0.5,126.54166666666669,76.91666666666667,Sunny,0.0,10,7,08:26:00,17:40:00,22:36:00,11:11:00,15,76,1034,1
2013-12-23,99.87916666666666,81.02916666666667,243.16666666666663,62.65833333333333,6.316666666666666,10.583333333333334,0.5,135.45833333333334,82.41666666666667,Sunny,0.0,8,6,08:26:00,17:40:00,23:34:00,11:40:00,3,62,1029,1
2013-12-24,69.80416666666666,68.49583333333334,243.16666666666663,63.2875,6.316666666666666,4.083333333333333,0.5,166.04166666666666,108.75,Sunny,0.0,10,7,08:27:00,17:41:00,,0:8:00,4,51,1028,1
2013-12-25,50.79166666666666,49.70416666666667,243.16666666666663,49.30833333333334,6.316666666666666,10.0,0.5,144.66666666666666,84.33333333333333,Partly cloudy,0.0,11,10,08:27:00,17:41:00,12:33:00,0:37:00,7,55,1023,1
2013-12-26,40.60833333333333,36.47916666666666,243.16666666666663,42.583333333333336,6.316666666666666,7.416666666666667,0.5,120.875,75.08333333333333,Sunny,0.0,12,9,08:28:00,17:42:00,1:34:00,13:8:00,14,57,1019,1
2013-12-27,48.55833333333334,36.04583333333333,243.16666666666663,29.433333333333334,6.316666666666666,25.125,0.5,99.79166666666669,68.25,Sunny,0.0,12,9,08:28:00,17:43:00,2:36:00,13:42:00,15,63,1018,1
2013-12-28,57.67083333333333,42.5875,243.16666666666663,38.16666666666666,6.316666666666666,18.95833333333333,0.5,110.95833333333331,71.95833333333333,Sunny,0.0,12,9,08:28:00,17:43:00,3:42:00,14:21:00,17,67,1016,1
2013-12-29,39.62916666666667,27.22083333333333,243.16666666666663,22.40833333333333,6.316666666666666,29.875,0.5,102.41666666666669,68.875,Partly cloudy,0.02,10,9,08:28:00,17:44:00,4:48:00,15:6:00,17,84,1018,1
2013-12-30,31.5625,20.3125,243.16666666666663,20.079166666666666,6.316666666666666,39.875,0.5,74.08333333333333,52.25,Cloudy,0.14,7,7,08:29:00,17:46:00,7:1:00,17:1:00,24,82,1025,1
2013-12-31,29.5,18.204166666666666,243.16666666666663,17.616666666666667,6.316666666666666,40.208333333333336,0.5,64.125,37.16666666666666,Cloudy,0.14,7,7,08:29:00,17:46:00,7:1:00,17:1:00,24,82,1025,0
2014-01-01,31.65,23.40416666666667,243.16666666666663,23.675,6.316666666666666,32.958333333333336,0.5,66.125,40.29166666666666,Cloudy,0.06,8,7,08:29:00,17:47:00,8:0:00,18:9:00,16,83,1023,0
2014-01-02,47.29166666666666,36.40833333333333,243.16666666666663,27.475,6.316666666666666,28.33333333333333,0.5,87.41666666666667,63.375,Partly cloudy,0.0,9,7,08:29:00,17:47:00,8:53:00,19:22:00,14,84,1021,1
2014-01-03,69.1875,52.80416666666667,243.16666666666663,36.2625,6.316666666666666,17.666666666666668,0.5,123.25,75.83333333333333,Partly cloudy,0.0,10,8,08:29:00,17:48:00,9:40:00,20:35:00,9,80,1022,1
2014-01-04,63.55833333333334,44.68333333333334,243.16666666666663,30.445833333333336,6.316666666666666,21.0,0.5,132.91666666666666,78.875,Partly cloudy,0.0,10,8,08:29:00,17:49:00,10:20:00,21:48:00,9,85,1025,1
2014-01-05,93.65833333333336,68.90833333333333,243.16666666666663,42.59166666666667,6.316666666666666,10.166666666666666,0.5,144.08333333333334,85.16666666666667,Sunny,0.0,10,8,08:29:00,17:50:00,10:57:00,22:59:00,6,79,1023,1
2014-01-06,58.833333333333336,41.17083333333333,243.16666666666663,46.95416666666667,6.316666666666666,10.666666666666666,0.5,143.20833333333334,85.66666666666667,Sunny,0.0,11,9,08:29:00,17:51:00,11:31:00,,8,66,1022,1
2014-01-07,73.68333333333334,45.7625,243.16666666666663,52.175,6.316666666666666,13.416666666666666,0.5,117.0,73.83333333333333,Sunny,0.0,11,9,08:29:00,17:52:00,0:3:00,12:6:00,8,72,1024,1
2014-01-08,45.87083333333334,34.4375,243.16666666666663,26.079166666666666,6.316666666666666,33.833333333333336,0.5,114.29166666666669,72.95833333333333,Sunny,0.01,10,8,08:29:00,17:53:00,0:36:00,1:12:00,20,85,1024,1
2014-01-09,42.04166666666666,30.4875,243.16666666666663,28.954166666666666,6.316666666666666,33.041666666666664,0.5,91.95833333333331,65.33333333333333,Sunny,0.0,10,8,08:29:00,17:54:00,13:11:00,2:14:00,11,75,1022,1
2014-01-10,57.63333333333333,38.3625,243.16666666666663,34.895833333333336,6.316666666666666,24.33333333333333,0.5,103.125,69.45833333333333,Sunny,0.0,11,8,08:28:00,17:55:00,13:47:00,3:16:00,16,63,1019,1
2014-01-11,65.54166666666667,44.28333333333333,243.16666666666663,43.25833333333333,6.316666666666666,18.95833333333333,0.5,102.25,68.95833333333333,Sunny,0.0,10,9,08:28:00,17:56:00,14:27:00,4:13:00,7,79,1022,1
2014-01-12,60.35833333333333,42.4125,243.16666666666663,34.1,6.316666666666666,28.20833333333333,0.5,132.125,78.75,Sunny,0.0,11,9,08:28:00,17:57:00,15:10:00,5:8:00,15,81,1021,1
2014-01-13,61.36666666666667,40.525,243.16666666666663,40.17083333333333,6.316666666666666,24.125,0.5,105.375,70.125,Sunny,0.0,10,9,08:28:00,17:58:00,15:57:00,6:0:00,9,80,1021,1
2014-01-14,71.95833333333333,48.9625,243.16666666666663,43.42083333333333,6.316666666666666,16.083333333333332,0.5,134.125,79.29166666666667,Partly cloudy,0.0,11,9,08:27:00,17:59:00,16:48:00,6:47:00,9,75,1020,1
2014-01-15,62.9875,39.80416666666667,243.16666666666663,43.62916666666666,6.316666666666666,12.25,0.5,120.16666666666669,74.83333333333333,Sunny,0.0,13,10,08:27:00,18:0:00,17:41:00,7:30:00,11,68,1018,1
2014-01-16,34.34583333333333,20.8625,243.16666666666663,30.21666666666667,6.316666666666666,31.20833333333333,0.5,89.83333333333333,63.375,Overcast,1.26,13,11,08:26:00,18:1:00,18:36:00,8:8:00,17,76,1016,1
2014-01-17,38.9625,28.391666666666666,243.16666666666663,36.68333333333333,6.316666666666666,21.416666666666668,0.5,72.66666666666667,49.583333333333336,Partly cloudy,0.56,12,10,08:26:00,18:3:00,19:33:00,8:42:00,10,85,1020,0
2014-01-18,25.9625,17.645833333333332,243.16666666666663,18.979166666666668,6.316666666666666,46.458333333333336,0.5,76.20833333333333,53.583333333333336,Sunny,0.0,13,10,08:25:00,18:4:00,20:30:00,9:14:00,26,78,1019,1
2014-01-19,25.541666666666668,16.608333333333334,243.16666666666663,21.475,6.316666666666666,47.875,0.5,58.625,32.083333333333336,Partly cloudy,0.01,14,12,08:25:00,18:5:00,21:28:00,9:44:00,22,79,1019,0
2014-01-20,31.870833333333334,22.079166666666666,243.16666666666663,22.2625,6.316666666666666,44.083333333333336,0.5,65.45833333333333,39.375,Sunny,0.0,14,11,08:24:00,18:6:00,22:25:00,10:12:00,22,71,1015,0
2014-01-21,69.89166666666667,32.02916666666667,243.16666666666663,19.554166666666667,6.316666666666666,53.375,0.5,81.70833333333333,59.54166666666666,Sunny,1.18,15,11,08:24:00,18:7:00,23:24:00,10:41:00,26,68,1011,1
2014-01-22,21.1,13.5,243.16666666666663,19.7625,6.316666666666666,56.833333333333336,0.5,75.54166666666667,54.66666666666666,Sunny,5.32,13,10,08:23:00,18:8:00,,11:11:00,24,82,1011,1
2014-01-23,21.816666666666663,17.895833333333332,243.16666666666663,31.175,6.316666666666666,39.79166666666666,0.5,56.583333333333336,30.20833333333333,Partly cloudy,9.27,12,10,08:22:00,18:10:00,12:24:00,11:43:00,13,84,1017,0
2014-01-24,39.16666666666666,31.516666666666666,243.16666666666663,44.10833333333333,6.316666666666666,32.625,0.5,71.83333333333333,47.29166666666666,Partly cloudy,1.49,11,10,08:22:00,18:11:00,1:27:00,0:17:00,9,85,1016,0
2014-01-25,22.725,20.091666666666665,243.16666666666663,23.9,6.316666666666666,44.333333333333336,0.5,87.83333333333333,61.91666666666666,Partly cloudy,0.0,14,10,08:21:00,18:12:00,2:30:00,0:58:00,20,73,1005,1
2014-01-26,35.112500000000004,28.041666666666668,243.16666666666663,35.15833333333333,6.316666666666666,27.45833333333333,0.5,77.25,54.75,Sunny,0.0,12,8,08:20:00,18:13:00,3:36:00,13:45:00,15,80,999,1
2014-01-27,15.6,9.520833333333334,243.16666666666663,20.191666666666663,6.316666666666666,46.958333333333336,0.5,59.458333333333336,36.125,Overcast,0.19,7,1,08:19:00,18:14:00,4:39:00,14:40:00,25,90,1003,0
2014-01-28,22.2,18.40833333333333,243.16666666666663,26.175,6.316666666666666,37.083333333333336,0.5,49.875,25.75,Partly cloudy,1.05,8,4,08:19:00,18:16:00,5:41:00,15:44:00,21,85,1005,0
2014-01-29,18.7,13.7,243.16666666666663,19.75,6.316666666666666,49.79166666666666,0.5,63.208333333333336,36.583333333333336,Overcast,0.7,11,4,08:18:00,18:17:00,6:36:00,16:53:00,36,81,1005,0
2014-01-30,15.3125,12.329166666666666,243.16666666666663,21.141666666666666,6.316666666666666,43.833333333333336,0.5,50.66666666666666,24.875,Cloudy,0.04,3,2,08:17:00,18:18:00,7:27:00,18:6:00,23,82,1028,0
2014-01-31,11.033333333333331,6.929166666666667,243.16666666666663,14.941666666666668,6.316666666666666,50.16666666666666,0.5,39.375,20.791666666666668,Cloudy,0.02,5,3,08:16:00,18:19:00,8:11:00,19:21:00,32,79,1032,0
2014-02-01,13.7875,7.416666666666667,243.16666666666663,13.725,6.316666666666666,47.333333333333336,0.5,29.0,18.916666666666668,Partly cloudy,0.04,7,4,08:15:00,18:21:00,8:51:00,20:34:00,36,80,1030,0
2014-02-02,17.983333333333334,12.295833333333334,243.16666666666663,14.195833333333333,6.316666666666666,56.0,0.5,39.5,22.45833333333333,Sunny,0.0,9,6,08:14:00,18:22:00,9:27:00,21:46:00,35,74,1022,0
2014-02-03,15.595833333333331,11.170833333333334,243.16666666666663,14.320833333333333,6.316666666666666,57.583333333333336,0.5,47.79166666666666,24.291666666666668,Sunny,0.01,8,7,08:13:00,18:23:00,10:2:00,22:55:00,34,72,1022,0
2014-02-04,18.52083333333333,12.483333333333334,243.16666666666663,18.854166666666668,6.316666666666666,57.875,0.5,50.958333333333336,25.20833333333333,Overcast,0.21,7,5,08:12:00,18:24:00,10:36:00,,27,76,1025,0
2014-02-05,31.879166666666663,26.916666666666668,243.16666666666663,30.675,6.316666666666666,42.16666666666666,0.5,62.54166666666666,38.29166666666666,Sunny,0.01,8,5,08:11:00,18:26:00,11:11:00,12:1:00,15,82,1023,0
2014-02-06,43.25833333333333,37.4875,243.16666666666663,41.99166666666667,6.316666666666666,31.125,0.5,87.16666666666667,63.54166666666666,Sunny,0.0,7,5,08:10:00,18:27:00,11:48:00,1:5:00,9,83,1019,1
2014-02-07,82.40416666666667,71.12916666666666,243.16666666666663,60.26666666666667,6.316666666666666,15.083333333333334,0.5,137.33333333333334,82.83333333333333,Sunny,0.0,9,6,08:09:00,18:28:00,0:26:00,2:5:00,6,77,1020,1
2014-02-08,38.4625,32.333333333333336,243.16666666666663,30.625,6.316666666666666,50.04166666666666,0.5,145.0,88.83333333333333,Partly cloudy,0.0,13,9,08:07:00,18:29:00,13:9:00,3:2:00,22,74,1018,1
2014-02-09,15.3,12.179166666666667,243.16666666666663,13.7875,6.316666666666666,68.04166666666667,0.5,64.45833333333333,39.375,Partly cloudy,0.5,13,10,08:06:00,18:31:00,13:55:00,3:55:00,28,77,1014,0
2014-02-10,18.154166666666665,12.570833333333333,243.16666666666663,21.725,6.316666666666666,65.66666666666667,0.5,44.625,26.83333333333333,Sunny,0.94,13,10,08:05:00,18:32:00,14:44:00,4:43:00,27,77,1013,0
2014-02-11,37.49583333333333,28.516666666666666,243.16666666666663,41.85416666666666,6.316666666666666,40.04166666666666,0.5,64.29166666666667,39.75,Sunny,0.0,12,10,08:04:00,18:33:00,15:36:00,5:28:00,11,76,1018,0
2014-02-12,49.73333333333333,38.55833333333333,243.16666666666663,45.94583333333333,6.316666666666666,27.0,0.5,97.95833333333331,67.625,Partly cloudy,0.0,13,11,08:03:00,18:34:00,16:30:00,6:7:00,10,68,1015,1
2014-02-13,50.09583333333333,39.62083333333333,243.16666666666663,47.42083333333333,6.316666666666666,26.83333333333333,0.5,107.5,70.83333333333333,Sunny,0.13,13,11,08:02:00,18:36:00,17:27:00,6:43:00,9,72,1012,1
2014-02-14,40.641666666666666,32.78333333333333,243.16666666666663,46.575,6.316666666666666,35.916666666666664,0.5,103.54166666666669,69.5,Partly cloudy,0.84,11,9,08:00:00,18:37:00,18:23:00,7:17:00,10,89,1009,1
2014-02-15,27.84166666666667,21.204166666666666,243.16666666666663,24.816666666666663,6.316666666666666,43.0,0.5,87.625,62.458333333333336,Overcast,2.18,9,7,07:59:00,18:38:00,19:21:00,7:48:00,17,91,1016,1
2014-02-16,39.72916666666666,34.22083333333333,243.16666666666663,37.6875,6.316666666666666,39.333333333333336,0.5,78.83333333333333,54.25,Sunny,0.0,10,6,07:58:00,18:39:00,20:19:00,8:17:00,9,81,1021,1
2014-02-17,28.0875,22.8625,243.16666666666663,27.879166666666663,6.316666666666666,51.75,0.5,86.95833333333333,63.0,Sunny,0.0,13,10,07:56:00,18:40:00,21:18:00,8:46:00,19,66,1020,1
2014-02-18,38.5,30.5375,243.16666666666663,38.62916666666667,6.316666666666666,46.125,0.5,76.54166666666667,55.958333333333336,Sunny,0.0,13,10,07:55:00,18:42:00,22:18:00,9:15:00,17,75,1023,1
2014-02-19,55.67083333333333,46.11666666666667,243.16666666666663,42.1625,6.316666666666666,33.208333333333336,0.5,115.125,73.16666666666667,Sunny,0.0,12,9,07:54:00,18:43:00,23:19:00,9:46:00,12,81,1023,1
2014-02-20,30.5875,24.0125,243.16666666666663,24.8875,6.316666666666666,52.25,0.5,98.75,67.45833333333333,Sunny,0.0,14,10,07:52:00,18:44:00,,10:20:00,19,70,1018,1
2014-02-21,49.55,36.91666666666666,243.16666666666663,47.6125,6.316666666666666,27.25,0.5,87.875,63.16666666666666,Partly cloudy,0.0,13,9,07:51:00,18:45:00,12:21:00,10:57:00,12,84,1015,1
2014-02-22,36.84166666666667,28.8625,243.16666666666663,25.179166666666664,6.316666666666666,48.458333333333336,0.5,94.625,66.375,Overcast,0.07,9,8,07:49:00,18:47:00,1:24:00,11:41:00,12,89,1014,1
2014-02-23,39.2625,29.4375,243.16666666666663,29.1125,6.316666666666666,47.29166666666666,0.5,89.58333333333333,64.41666666666667,Partly cloudy,0.11,10,8,07:48:00,18:48:00,2:26:00,0:30:00,9,82,1016,1
2014-02-24,21.78333333333333,15.7625,243.16666666666663,19.016666666666666,6.316666666666666,50.208333333333336,0.5,74.08333333333333,51.208333333333336,Cloudy,0.22,9,7,07:47:00,18:49:00,3:27:00,13:28:00,21,86,1017,1
2014-02-25,19.02083333333333,13.383333333333333,243.16666666666663,15.691666666666668,6.316666666666666,45.458333333333336,0.5,52.125,26.041666666666668,Overcast,0.85,8,5,07:45:00,18:50:00,4:23:00,14:32:00,31,87,1020,0
2014-02-26,39.05833333333333,28.55,243.16666666666663,30.14583333333333,6.316666666666666,28.666666666666668,0.5,64.83333333333333,40.29166666666666,Cloudy,0.03,6,4,07:44:00,18:51:00,5:14:00,15:42:00,11,77,1024,0
2014-02-27,61.71666666666667,45.46666666666667,243.16666666666663,41.6625,6.316666666666666,27.625,0.5,105.58333333333331,70.04166666666667,Partly cloudy,0.0,8,5,07:42:00,18:52:00,6:0:00,16:54:00,5,72,1024,1
2014-02-28,69.82083333333334,52.8375,243.16666666666663,44.80416666666667,6.316666666666666,24.25,0.5,137.625,80.45833333333333,Sunny,0.0,11,7,07:41:00,18:54:00,6:41:00,18:7:00,7,68,1019,1
2014-03-01,62.32916666666667,49.458333333333336,243.16666666666663,45.47916666666666,6.316666666666666,26.416666666666668,0.5,141.33333333333334,81.5,Partly cloudy,2.42,10,8,07:39:00,18:55:00,7:20:00,19:20:00,9,73,1013,1
2014-03-02,48.97083333333333,41.454166666666666,243.16666666666663,37.06666666666667,6.316666666666666,36.91666666666666,0.5,122.75,75.75,Partly cloudy,1.02,12,9,07:38:00,18:56:00,7:56:00,20:31:00,16,80,1003,1
2014-03-03,34.704166666666666,22.6625,243.16666666666663,30.625,6.316666666666666,55.5,0.5,90.54166666666669,63.583333333333336,Sunny,0.0,13,10,07:36:00,18:57:00,8:31:00,21:41:00,16,72,1001,1
2014-03-04,25.04583333333333,16.404166666666665,243.16666666666663,26.15833333333333,6.316666666666666,55.66666666666666,0.5,68.91666666666667,45.91666666666666,Partly cloudy,0.0,12,11,07:34:00,18:58:00,9:7:00,22:47:00,17,75,1002,0
2014-03-05,28.466666666666665,20.9,243.16666666666663,37.520833333333336,6.316666666666666,43.04166666666666,0.5,65.58333333333333,39.79166666666666,Partly cloudy,0.16,12,10,07:33:00,18:59:00,9:44:00,23:51:00,12,79,1007,0
2014-03-06,27.754166666666663,20.5625,243.16666666666663,33.22083333333333,6.316666666666666,52.66666666666666,0.5,62.125,35.791666666666664,Sunny,0.0,12,9,07:31:00,19:1:00,10:23:00,,15,77,1014,0
2014-03-07,26.425,19.8125,243.16666666666663,22.14583333333333,6.316666666666666,64.08333333333333,0.5,75.58333333333333,54.91666666666666,Sunny,0.0,12,9,07:30:00,19:2:00,11:5:00,12:51:00,24,81,1019,1
2014-03-08,15.458333333333334,12.1,243.16666666666663,15.908333333333331,6.316666666666666,59.66666666666666,0.5,56.29166666666666,29.791666666666668,Overcast,7.4,9,8,07:28:00,19:3:00,11:51:00,1:47:00,27,92,1018,0
2014-03-09,14.979166666666666,9.520833333333334,243.16666666666663,12.645833333333334,6.316666666666666,62.91666666666666,0.5,44.375,25.08333333333333,Overcast,1.92,8,7,07:26:00,19:4:00,0:39:00,2:37:00,30,86,1020,0
2014-03-10,12.395833333333334,8.316666666666666,243.16666666666663,14.204166666666666,6.316666666666666,56.16666666666666,0.5,37.54166666666666,22.70833333333333,Overcast,10.27,9,7,07:25:00,19:5:00,13:30:00,3:24:00,29,92,1014,0
2014-03-11,26.47083333333333,19.28333333333333,243.16666666666663,19.229166666666668,6.316666666666666,56.875,0.5,41.333333333333336,26.041666666666668,Overcast,3.06,7,6,07:23:00,19:6:00,14:23:00,4:5:00,23,86,1017,0
2014-03-12,35.32083333333333,27.54583333333333,243.16666666666663,21.354166666666668,6.316666666666666,53.41666666666666,0.5,86.875,61.66666666666666,Sunny,0.01,10,6,07:22:00,19:7:00,15:19:00,4:42:00,22,72,1021,1
2014-03-13,22.2625,15.525,243.16666666666663,23.7375,6.316666666666666,56.958333333333336,0.5,63.29166666666666,38.41666666666666,Sunny,0.05,9,7,07:20:00,19:8:00,16:15:00,5:17:00,20,68,1026,0
2014-03-14,52.24583333333334,41.0125,243.16666666666663,55.520833333333336,6.316666666666666,33.125,0.5,82.08333333333333,55.625,Sunny,0.0,10,6,07:18:00,19:10:00,17:13:00,5:49:00,4,68,1025,1
2014-03-15,51.208333333333336,39.875,243.16666666666663,44.65833333333333,6.316666666666666,45.083333333333336,0.5,124.125,76.20833333333333,Sunny,0.0,12,9,07:17:00,19:11:00,18:11:00,6:18:00,15,60,1016,1
2014-03-16,24.52916666666667,17.625,243.16666666666663,24.154166666666665,6.316666666666666,65.5,0.5,79.08333333333333,52.833333333333336,Partly cloudy,2.28,10,8,07:15:00,19:12:00,19:10:00,6:48:00,21,86,1010,1
2014-03-17,37.99583333333333,28.45833333333333,243.16666666666663,34.420833333333334,6.316666666666666,49.333333333333336,0.5,67.625,43.16666666666666,Sunny,0.05,11,9,07:13:00,19:13:00,20:10:00,7:18:00,10,83,1014,0
2014-03-18,39.22916666666666,29.52083333333333,243.16666666666663,39.48333333333333,6.316666666666666,40.79166666666666,0.5,88.79166666666667,64.25,Sunny,0.0,13,11,07:12:00,19:14:00,21:12:00,7:49:00,11,69,1018,1
2014-03-19,41.579166666666666,31.254166666666663,243.16666666666663,35.666666666666664,6.316666666666666,55.625,0.5,95.58333333333331,66.79166666666667,Sunny,0.0,16,12,07:10:00,19:15:00,22:14:00,8:22:00,19,57,1016,1
2014-03-20,33.6375,25.0375,243.16666666666663,37.42083333333333,6.316666666666666,49.583333333333336,0.5,77.125,55.54166666666666,Sunny,0.48,12,10,07:08:00,19:16:00,23:18:00,8:59:00,13,77,1023,1
2014-03-21,38.99166666666667,29.05,243.16666666666663,40.7375,6.316666666666666,51.29166666666666,0.5,93.75,66.08333333333333,Sunny,0.0,14,10,07:06:00,19:17:00,,9:41:00,20,67,1024,1
2014-03-22,42.47916666666666,36.2375,243.16666666666663,44.24166666666667,6.316666666666666,43.708333333333336,0.5,79.83333333333333,56.29166666666666,Sunny,0.0,14,10,07:05:00,19:18:00,12:20:00,10:28:00,8,71,1018,1
2014-03-23,54.31666666666666,47.7375,243.16666666666663,58.37083333333334,6.316666666666666,34.416666666666664,0.5,124.0,76.125,Sunny,0.0,14,11,07:03:00,19:19:00,1:20:00,11:22:00,7,71,1014,1
2014-03-24,52.81666666666666,46.4625,243.16666666666663,48.333333333333336,6.316666666666666,47.66666666666666,0.5,125.91666666666669,76.625,Partly cloudy,0.6,13,8,07:01:00,19:21:00,2:16:00,0:22:00,16,73,1013,1
2014-03-25,25.0125,19.475,243.16666666666663,22.625,6.316666666666666,62.29166666666666,0.5,102.41666666666669,68.0,Patchy rain possible,2.03,12,8,07:00:00,19:22:00,3:7:00,13:27:00,18,75,1014,1
2014-03-26,27.47083333333333,19.841666666666665,243.16666666666663,29.02083333333333,6.316666666666666,60.708333333333336,0.5,60.958333333333336,34.333333333333336,Partly cloudy,0.82,12,8,06:58:00,19:23:00,3:54:00,14:35:00,16,71,1014,0
2014-03-27,37.5375,27.554166666666664,243.16666666666663,37.65416666666667,6.316666666666666,52.208333333333336,0.5,75.25,54.91666666666666,Partly cloudy,0.29,14,11,06:56:00,19:24:00,4:35:00,15:46:00,12,74,1016,1
2014-03-28,50.19166666666666,29.77083333333333,243.16666666666663,31.945833333333336,6.316666666666666,54.125,0.5,84.625,62.583333333333336,Sunny,0.7,15,10,06:55:00,19:25:00,5:14:00,16:57:00,12,75,1010,1
2014-03-29,28.5125,20.04583333333333,243.16666666666663,18.375,6.316666666666666,66.0,0.5,82.95833333333333,61.375,Sunny,0.69,12,6,06:53:00,19:26:00,5:50:00,18:8:00,25,75,1017,1
2014-03-30,16.404166666666665,11.291666666666666,243.16666666666663,16.170833333333334,6.316666666666666,78.875,0.5,53.66666666666666,32.458333333333336,Sunny,0.01,9,6,06:51:00,19:27:00,6:25:00,19:18:00,21,55,1022,0
2014-03-31,45.57916666666667,35.21666666666667,243.16666666666663,54.27916666666667,6.316666666666666,45.583333333333336,0.5,66.16666666666667,41.833333333333336,Sunny,0.0,12,6,06:50:00,19:28:00,7:1:00,20:26:00,5,58,1014,0
2014-04-01,39.85416666666666,28.98333333333333,243.16666666666663,42.77916666666667,6.316666666666666,47.5,0.5,104.20833333333331,69.75,Sunny,1.07,14,10,06:48:00,19:29:00,7:38:00,21:32:00,13,63,1010,1
2014-04-02,39.6875,29.83333333333333,243.16666666666663,33.8375,6.316666666666666,51.458333333333336,0.5,83.125,61.875,Sunny,0.69,13,9,06:46:00,19:30:00,8:16:00,22:35:00,18,81,1014,1
2014-04-03,24.45833333333333,17.195833333333333,243.16666666666663,21.08333333333333,6.316666666666666,69.5,0.5,74.45833333333333,51.79166666666666,Sunny,0.01,13,9,06:45:00,19:31:00,8:58:00,23:34:00,17,78,1017,1
2014-04-04,51.0625,39.35416666666666,243.16666666666663,37.92083333333333,6.316666666666666,51.875,0.5,82.08333333333333,55.875,Sunny,0.0,16,11,06:43:00,19:32:00,9:43:00,,14,65,1014,1
2014-04-05,48.9375,37.3875,243.16666666666663,39.2375,6.316666666666666,49.708333333333336,0.5,107.875,71.0,Partly cloudy,0.0,15,12,06:41:00,19:33:00,10:30:00,12:28:00,11,64,1014,1
2014-04-06,42.725,23.79583333333333,243.16666666666663,13.620833333333332,6.316666666666666,73.79166666666667,0.5,96.25,66.70833333333333,Overcast,0.07,13,10,06:40:00,19:34:00,11:22:00,1:17:00,28,79,1015,1
2014-04-07,26.5,14.641666666666666,243.16666666666663,16.05,6.316666666666666,75.875,0.5,61.708333333333336,37.458333333333336,Partly cloudy,0.59,11,9,06:38:00,19:35:00,0:14:00,2:1:00,22,80,1015,0
2014-04-08,35.475,23.925,243.16666666666663,39.15833333333333,6.316666666666666,48.75,0.5,61.958333333333336,36.25,Sunny,0.0,13,9,06:36:00,19:37:00,13:10:00,2:40:00,7,74,1017,0
2014-04-09,47.7,35.78333333333333,243.16666666666663,48.16666666666666,6.316666666666666,43.833333333333336,0.5,92.79166666666669,65.45833333333333,Sunny,0.0,14,10,06:35:00,19:38:00,14:5:00,3:16:00,8,70,1014,1
2014-04-10,38.84583333333333,29.59166666666667,243.16666666666663,36.10833333333333,6.316666666666666,48.625,0.5,93.875,66.125,Sunny,1.3,14,9,06:33:00,19:39:00,15:2:00,3:48:00,15,77,1010,1
2014-04-11,25.08333333333333,17.5,243.16666666666663,28.625,6.316666666666666,49.083333333333336,0.5,73.125,49.333333333333336,Sunny,0.89,12,8,06:32:00,19:40:00,16:0:00,4:18:00,7,84,1014,0
2014-04-12,30.3375,22.8625,243.16666666666663,37.583333333333336,6.316666666666666,51.41666666666666,0.5,70.0,46.833333333333336,Sunny,2.78,11,9,06:30:00,19:41:00,16:58:00,4:48:00,7,80,1017,0
2014-04-13,26.59166666666667,22.225,243.16666666666663,30.84583333333333,6.316666666666666,58.375,0.5,67.20833333333333,41.79166666666666,Sunny,0.0,13,10,06:28:00,19:42:00,17:59:00,5:18:00,9,70,1016,0
2014-04-14,50.36666666666667,36.50833333333333,243.16666666666663,56.12916666666666,6.316666666666666,37.583333333333336,0.5,88.16666666666667,63.208333333333336,Sunny,0.0,14,11,06:27:00,19:43:00,19:0:00,5:49:00,5,73,1016,1
2014-04-15,47.5875,39.81666666666667,243.16666666666663,54.225,6.316666666666666,43.958333333333336,0.5,113.5,72.66666666666667,Sunny,0.0,16,12,06:25:00,19:44:00,20:4:00,6:21:00,9,62,1012,1
2014-04-16,47.7375,39.2375,243.16666666666663,38.083333333333336,6.316666666666666,66.625,0.5,104.29166666666669,69.75,Sunny,0.0,17,13,06:24:00,19:45:00,21:8:00,6:58:00,12,60,1011,1
2014-04-17,53.76666666666667,39.90416666666667,243.16666666666663,43.67083333333333,6.316666666666666,49.79166666666666,0.5,120.0,74.70833333333333,Partly cloudy,0.01,17,12,06:22:00,19:46:00,22:12:00,7:39:00,14,73,1009,1
2014-04-18,24.695833333333336,19.89583333333333,243.16666666666663,24.429166666666664,6.316666666666666,63.5,0.5,84.70833333333333,58.5,Partly cloudy,0.39,16,11,06:21:00,19:47:00,23:14:00,8:25:00,20,76,1005,1
2014-04-19,18.2875,13.020833333333334,243.16666666666663,18.179166666666667,6.316666666666666,73.625,0.5,55.958333333333336,33.708333333333336,Partly cloudy,0.0,15,12,06:19:00,19:48:00,,9:18:00,20,66,1012,0
2014-04-20,18.629166666666663,15.158333333333331,243.16666666666663,19.17083333333333,6.316666666666666,72.125,0.5,53.708333333333336,30.83333333333333,Partly cloudy,1.95,16,12,06:18:00,19:49:00,12:12:00,10:16:00,14,70,1014,0
2014-04-21,33.68333333333333,26.266666666666666,243.16666666666663,33.35,6.316666666666666,62.75,0.5,65.70833333333333,41.04166666666666,Sunny,0.0,15,12,06:16:00,19:50:00,1:5:00,11:20:00,9,75,1015,0
2014-04-22,63.05416666666667,37.2125,243.16666666666663,43.8,6.316666666666666,50.54166666666666,0.5,94.16666666666669,66.20833333333333,Sunny,0.0,18,15,06:15:00,19:51:00,1:53:00,0:26:00,7,67,1014,1
2014-04-23,95.025,49.8125,243.16666666666663,59.85,6.316666666666666,33.875,0.5,111.875,72.91666666666667,Partly cloudy,0.0,18,14,06:13:00,19:52:00,2:35:00,13:35:00,10,74,1017,1
2014-04-24,71.21666666666667,37.9,243.16666666666663,24.258333333333336,6.316666666666666,68.5,0.5,134.41666666666666,79.45833333333333,Sunny,2.02,18,15,06:12:00,19:53:00,3:13:00,14:44:00,22,70,1010,1
2014-04-25,46.60416666666666,28.33333333333333,243.16666666666663,28.558333333333334,6.316666666666666,57.54166666666666,0.5,94.75,66.33333333333333,Sunny,0.11,16,13,06:11:00,19:54:00,3:49:00,15:53:00,13,86,1008,1
2014-04-26,28.070833333333336,18.558333333333334,243.16666666666663,22.791666666666668,6.316666666666666,61.208333333333336,0.5,71.83333333333333,48.375,Cloudy,0.44,15,12,06:09:00,19:56:00,4:23:00,17:1:00,13,86,1011,0
2014-04-27,29.0,22.058333333333334,243.16666666666663,24.491666666666664,6.316666666666666,62.91666666666666,0.5,67.125,41.16666666666666,Partly cloudy,0.97,16,12,06:08:00,19:57:00,4:58:00,18:8:00,14,86,1010,0
2014-04-28,29.454166666666666,21.55,243.16666666666663,31.9625,6.316666666666666,55.375,0.5,69.45833333333333,44.583333333333336,Cloudy,3.5,15,12,06:06:00,19:58:00,5:33:00,19:14:00,5,86,1006,0
2014-04-29,20.508333333333333,14.475,243.16666666666663,21.179166666666667,6.316666666666666,77.04166666666667,0.5,63.208333333333336,39.875,Partly cloudy,0.08,16,13,06:05:00,19:59:00,6:10:00,20:18:00,14,81,1008,0
2014-04-30,23.129166666666663,16.866666666666667,243.16666666666663,21.08333333333333,6.316666666666666,67.79166666666667,0.5,60.54166666666666,33.916666666666664,Partly cloudy,0.15,16,14,06:04:00,20:0:00,6:50:00,21:20:00,22,74,1007,0
2014-05-01,19.8,15.125,243.16666666666663,18.92083333333333,6.316666666666666,78.5,0.5,56.5,32.958333333333336,Partly cloudy,2.58,16,13,06:03:00,20:1:00,7:34:00,22:16:00,12,75,1009,0
2014-05-02,25.0375,18.495833333333334,243.16666666666663,23.070833333333336,6.316666666666666,73.91666666666667,0.5,58.91666666666666,33.458333333333336,Sunny,2.02,17,14,06:01:00,20:2:00,8:21:00,23:8:00,10,77,1010,0
2014-05-03,32.06666666666667,23.9625,243.16666666666663,31.3125,6.316666666666666,66.16666666666667,0.5,69.33333333333333,45.208333333333336,Sunny,0.0,18,15,06:00:00,20:3:00,9:12:00,23:55:00,10,74,1010,0
2014-05-04,46.020833333333336,19.875,243.16666666666663,27.15416666666667,6.316666666666666,56.708333333333336,0.5,76.0,56.75,Partly cloudy,3.23,18,15,05:59:00,20:4:00,10:4:00,,12,77,1004,1
2014-05-05,32.2875,18.90833333333333,243.16666666666663,18.65,6.316666666666666,63.833333333333336,0.5,65.04166666666667,53.375,Sunny,2.07,17,13,05:58:00,20:5:00,10:59:00,12:36:00,18,83,1009,1
2014-05-06,13.808333333333332,9.495833333333334,243.16666666666663,12.041666666666666,6.316666666666666,76.125,0.5,49.625,31.875,Cloudy,0.6,16,13,05:56:00,20:6:00,11:54:00,1:14:00,30,79,1020,0
2014-05-07,14.85,11.825,243.16666666666663,12.433333333333332,6.316666666666666,80.33333333333333,0.5,45.54166666666666,32.0,Sunny,0.0,15,13,05:55:00,20:7:00,0:51:00,1:47:00,29,73,1021,0
2014-05-08,17.0625,13.166666666666666,243.16666666666663,13.366666666666667,6.316666666666666,81.5,0.5,52.375,32.583333333333336,Sunny,0.0,16,13,05:54:00,20:8:00,13:48:00,2:18:00,29,76,1015,0
2014-05-09,12.55,9.179166666666667,243.16666666666663,22.29583333333333,6.316666666666666,63.04166666666666,0.5,42.75,27.58333333333333,Overcast,0.91,14,13,05:53:00,20:9:00,14:45:00,2:48:00,27,88,1009,0
2014-05-10,18.829166666666666,11.875,243.16666666666663,31.016666666666666,6.316666666666666,42.75,0.5,44.0,21.416666666666668,Overcast,3.65,15,14,05:52:00,20:10:00,15:44:00,3:17:00,13,88,1011,0
2014-05-11,24.96666666666667,17.120833333333334,243.16666666666663,35.0875,6.316666666666666,55.125,0.5,52.958333333333336,27.75,Cloudy,0.58,17,14,05:51:00,20:11:00,16:45:00,3:47:00,7,83,1014,0
2014-05-12,28.075,22.05,243.16666666666663,31.329166666666666,6.316666666666666,58.125,0.5,69.20833333333333,44.833333333333336,Sunny,1.75,20,16,05:50:00,20:12:00,17:48:00,4:18:00,13,68,1013,0
2014-05-13,22.329166666666666,17.533333333333335,243.16666666666663,28.175,6.316666666666666,61.875,0.5,67.70833333333333,42.25,Sunny,1.28,18,15,05:49:00,20:13:00,18:52:00,4:53:00,17,79,1015,0
2014-05-14,35.916666666666664,22.95833333333333,243.16666666666663,23.40833333333333,6.316666666666666,61.708333333333336,0.5,68.66666666666667,44.5,Sunny,3.58,23,16,05:48:00,20:14:00,19:57:00,5:33:00,17,65,1008,0
2014-05-15,22.6125,11.579166666666666,243.16666666666663,15.654166666666669,6.316666666666666,79.04166666666667,0.5,59.875,38.625,Sunny,0.0,19,16,05:47:00,20:15:00,21:2:00,6:17:00,25,67,1005,0
2014-05-16,23.3625,17.05,243.16666666666663,31.054166666666664,6.316666666666666,73.04166666666667,0.5,50.91666666666666,31.75,Sunny,0.0,19,16,05:46:00,20:16:00,22:4:00,7:9:00,10,65,1010,0
2014-05-17,20.404166666666665,15.933333333333332,243.16666666666663,23.03333333333333,6.316666666666666,76.91666666666667,0.5,62.91666666666666,36.875,Sunny,1.44,19,15,05:45:00,20:17:00,23:0:00,8:7:00,11,65,1015,0
2014-05-18,20.3375,15.933333333333332,243.16666666666663,25.916666666666668,6.316666666666666,73.875,0.5,56.75,33.583333333333336,Sunny,0.76,18,15,05:44:00,20:18:00,23:51:00,9:11:00,9,68,1018,0
2014-05-19,29.15,21.383333333333336,243.16666666666663,37.82083333333333,6.316666666666666,55.583333333333336,0.5,63.25,37.083333333333336,Sunny,0.0,19,16,05:43:00,20:19:00,,10:18:00,9,69,1019,0
2014-05-20,20.141666666666666,16.070833333333333,243.16666666666663,21.2375,6.316666666666666,81.375,0.5,67.79166666666667,43.16666666666666,Sunny,0.0,20,16,05:42:00,20:20:00,12:35:00,11:27:00,22,65,1017,0
2014-05-21,22.34583333333333,17.795833333333334,243.16666666666663,20.804166666666667,6.316666666666666,82.20833333333333,0.5,58.25,34.791666666666664,Sunny,0.0,20,16,05:42:00,20:21:00,1:15:00,0:36:00,18,71,1017,0
2014-05-22,48.28333333333333,22.558333333333334,243.16666666666663,20.933333333333334,6.316666666666666,61.833333333333336,0.5,65.83333333333333,39.91666666666666,Sunny,0.01,20,17,05:41:00,20:21:00,1:52:00,13:44:00,16,80,1015,0
2014-05-23,55.86666666666667,37.325,243.16666666666663,27.17083333333333,6.316666666666666,53.708333333333336,0.5,84.125,63.375,Sunny,0.0,19,16,05:40:00,20:22:00,2:25:00,14:51:00,11,80,1013,1
2014-05-24,48.50416666666666,29.9125,243.16666666666663,36.6625,6.316666666666666,44.41666666666666,0.5,100.45833333333331,68.33333333333333,Sunny,0.14,20,16,05:39:00,20:23:00,2:59:00,15:58:00,6,82,1014,1
2014-05-25,73.05,56.208333333333336,243.16666666666663,53.73333333333333,6.316666666666666,44.708333333333336,0.5,122.5,75.5,Sunny,0.34,21,17,05:39:00,20:24:00,3:33:00,17:3:00,5,77,1015,1
2014-05-26,70.59166666666667,54.12083333333334,243.16666666666663,51.34166666666667,6.316666666666666,45.29166666666666,0.5,150.875,85.79166666666667,Sunny,0.0,21,18,05:38:00,20:25:00,4:8:00,18:6:00,5,73,1013,1
2014-05-27,69.05,51.6,243.16666666666663,54.3375,6.316666666666666,47.833333333333336,0.5,142.83333333333334,82.16666666666667,Sunny,0.03,22,19,05:37:00,20:26:00,4:47:00,19:8:00,6,69,1010,1
2014-05-28,59.64166666666667,35.93333333333333,243.16666666666663,43.39166666666667,6.316666666666666,53.54166666666666,0.5,115.5,73.33333333333333,Sunny,0.0,22,20,05:37:00,20:27:00,5:29:00,20:6:00,9,69,1009,1
2014-05-29,62.56666666666666,39.05416666666667,243.16666666666663,35.5125,6.316666666666666,55.16666666666666,0.5,107.58333333333331,70.75,Sunny,1.22,24,21,05:36:00,20:27:00,6:13:00,21:0:00,11,66,1008,1
2014-05-30,32.2,11.958333333333334,243.16666666666663,13.225,6.316666666666666,71.04166666666667,0.5,77.20833333333333,55.208333333333336,Sunny,3.68,23,19,05:36:00,20:28:00,7:3:00,21:49:00,22,68,1005,1
2014-05-31,16.233333333333334,10.3875,243.16666666666663,15.741666666666667,6.316666666666666,72.16666666666667,0.5,42.54166666666666,28.95833333333333,Cloudy,3.15,20,18,05:35:00,20:29:00,7:55:00,22:33:00,22,77,1007,0
2014-06-01,26.695833333333336,17.925,243.16666666666663,36.42083333333333,6.316666666666666,43.54166666666666,0.5,52.5,26.95833333333333,Partly cloudy,3.86,21,18,05:35:00,20:30:00,8:49:00,23:12:00,7,71,1010,0
2014-06-02,32.57083333333333,22.64583333333333,243.16666666666663,41.43333333333333,6.316666666666666,47.29166666666666,0.5,71.5,48.79166666666666,Partly cloudy,2.78,21,18,05:34:00,20:30:00,9:44:00,23:47:00,10,69,1012,0
2014-06-03,34.77916666666667,23.516666666666666,243.16666666666663,32.958333333333336,6.316666666666666,67.125,0.5,70.33333333333333,46.29166666666666,Sunny,0.05,21,17,05:34:00,20:31:00,10:40:00,,11,72,1014,0
2014-06-04,28.8375,18.15833333333333,243.16666666666663,22.329166666666666,6.316666666666666,61.66666666666666,0.5,70.08333333333333,46.79166666666666,Partly cloudy,2.51,23,18,05:33:00,20:32:00,11:37:00,12:19:00,21,78,1007,0
2014-06-05,27.245833333333334,17.604166666666668,243.16666666666663,22.079166666666666,6.316666666666666,61.208333333333336,0.5,64.0,37.083333333333336,Partly cloudy,3.29,20,18,05:33:00,20:33:00,0:33:00,12:49:00,14,83,1007,0
2014-06-06,26.0625,15.525,243.16666666666663,19.716666666666665,6.316666666666666,57.91666666666666,0.5,57.208333333333336,30.83333333333333,Moderate or heavy rain shower,16.47,21,19,05:33:00,20:33:00,13:31:00,1:18:00,14,82,1010,0
2014-06-07,67.88333333333334,30.60833333333333,243.16666666666663,19.454166666666666,6.316666666666666,61.333333333333336,0.5,70.375,47.04166666666666,Sunny,2.08,22,20,05:33:00,20:34:00,14:29:00,1:47:00,12,83,1010,0
2014-06-08,85.60416666666667,45.1375,243.16666666666663,23.65,6.316666666666666,63.5,0.5,117.70833333333331,75.54166666666667,Sunny,0.0,23,19,05:32:00,20:34:00,15:31:00,2:17:00,15,79,1013,1
2014-06-09,56.87083333333334,37.15416666666667,243.16666666666663,19.15,6.316666666666666,65.75,0.5,106.79166666666669,70.5,Sunny,0.0,23,19,05:32:00,20:35:00,16:33:00,2:49:00,21,80,1014,1
2014-06-10,28.65,19.9125,243.16666666666663,18.47083333333333,6.316666666666666,73.125,0.5,89.08333333333333,62.375,Sunny,0.0,24,19,05:32:00,20:36:00,17:38:00,3:26:00,20,78,1014,1
2014-06-11,37.46666666666667,24.258333333333336,243.16666666666663,28.2,6.316666666666666,69.29166666666667,0.5,69.08333333333333,45.25,Sunny,0.0,23,20,05:32:00,20:36:00,18:43:00,4:7:00,12,76,1014,0
2014-06-12,20.67083333333333,13.920833333333334,243.16666666666663,21.508333333333336,6.316666666666666,67.66666666666667,0.5,67.25,44.125,Sunny,0.01,22,19,05:32:00,20:37:00,19:48:00,4:55:00,16,73,1015,0
2014-06-13,40.770833333333336,30.14583333333333,243.16666666666663,41.92916666666667,6.316666666666666,47.91666666666666,0.5,66.5,42.333333333333336,Sunny,0.0,23,19,05:32:00,20:37:00,20:48:00,5:51:00,6,70,1012,0
2014-06-14,49.91666666666666,38.5375,243.16666666666663,45.45,6.316666666666666,60.083333333333336,0.5,100.95833333333331,68.625,Sunny,0.1,25,21,05:32:00,20:37:00,21:43:00,6:54:00,11,70,1009,1
2014-06-15,27.195833333333336,19.195833333333333,243.16666666666663,21.279166666666665,6.316666666666666,83.66666666666667,0.5,91.625,63.75,Sunny,2.41,24,20,05:32:00,20:38:00,22:32:00,8:2:00,19,77,1011,1
2014-06-16,30.8125,24.8875,243.16666666666663,23.745833333333334,6.316666666666666,72.41666666666667,0.5,63.833333333333336,38.625,Sunny,0.1,24,20,05:32:00,20:38:00,23:15:00,9:13:00,14,78,1014,0
2014-06-17,42.45,35.9,243.16666666666663,32.34583333333333,6.316666666666666,60.29166666666666,0.5,88.91666666666667,64.08333333333333,Sunny,0.36,25,20,05:32:00,20:39:00,23:53:00,10:24:00,8,72,1014,1
2014-06-18,44.52916666666667,28.9875,243.16666666666663,26.64583333333333,6.316666666666666,69.29166666666667,0.5,94.20833333333331,66.29166666666667,Sunny,0.01,25,22,05:32:00,20:39:00,,11:35:00,15,76,1013,1
2014-06-19,45.4125,31.866666666666664,243.16666666666663,23.745833333333334,6.316666666666666,74.58333333333333,0.5,89.95833333333333,64.625,Sunny,0.74,25,21,05:32:00,20:39:00,12:29:00,0:43:00,12,80,1008,1
2014-06-20,16.266666666666666,12.6375,243.16666666666663,18.904166666666665,6.316666666666666,60.75,0.5,73.75,48.79166666666666,Sunny,2.93,22,20,05:32:00,20:39:00,1:3:00,13:50:00,16,69,1005,0
2014-06-21,19.945833333333333,16.029166666666665,243.16666666666663,21.916666666666668,6.316666666666666,70.41666666666667,0.5,52.41666666666666,31.33333333333333,Sunny,4.44,23,19,05:32:00,20:40:00,1:37:00,14:56:00,15,66,1012,0
2014-06-22,20.808333333333334,16.533333333333335,243.16666666666663,29.4125,6.316666666666666,55.958333333333336,0.5,59.875,33.25,Sunny,0.01,23,19,05:33:00,20:40:00,2:11:00,15:59:00,9,62,1018,0
2014-06-23,41.145833333333336,29.995833333333334,243.16666666666663,42.94166666666666,6.316666666666666,48.208333333333336,0.5,75.66666666666667,51.66666666666666,Sunny,0.0,24,20,05:33:00,20:40:00,2:47:00,17:1:00,11,59,1020,1
2014-06-24,29.625,24.0375,243.16666666666663,35.0375,6.316666666666666,61.25,0.5,80.91666666666667,59.375,Sunny,0.0,25,20,05:33:00,20:40:00,3:27:00,17:59:00,12,59,1016,1
2014-06-25,35.38333333333333,28.441666666666663,243.16666666666663,36.21666666666667,6.316666666666666,65.20833333333333,0.5,81.58333333333333,61.29166666666666,Sunny,0.0,25,22,05:33:00,20:40:00,4:10:00,18:54:00,11,60,1012,1
2014-06-26,42.52916666666667,23.116666666666664,243.16666666666663,22.416666666666668,6.316666666666666,72.25,0.5,75.95833333333333,54.91666666666666,Sunny,0.01,28,23,05:34:00,20:40:00,4:57:00,19:45:00,19,63,1011,1
2014-06-27,42.35416666666666,21.620833333333334,243.16666666666663,17.316666666666666,6.316666666666666,80.0,0.5,76.33333333333333,57.625,Partly cloudy,0.0,26,20,05:34:00,20:40:00,5:48:00,20:30:00,27,70,1014,1
2014-06-28,15.954166666666666,8.370833333333334,243.16666666666663,9.775,6.316666666666666,83.29166666666667,0.5,54.16666666666666,35.833333333333336,Sunny,0.37,22,20,05:34:00,20:40:00,6:41:00,21:11:00,36,72,1017,0
2014-06-29,14.066666666666668,8.141666666666667,243.16666666666663,10.079166666666667,6.316666666666666,79.16666666666667,0.5,36.75,31.70833333333333,Sunny,0.0,23,20,05:35:00,20:40:00,7:36:00,21:48:00,31,71,1016,0
2014-06-30,20.3375,13.225,243.16666666666663,14.954166666666666,6.316666666666666,79.04166666666667,0.5,40.833333333333336,31.70833333333333,Sunny,0.0,24,20,05:35:00,20:40:00,8:31:00,22:21:00,21,76,1012,0
2014-07-01,30.254166666666663,23.02916666666667,243.16666666666663,25.15416666666667,6.316666666666666,66.54166666666667,0.5,65.45833333333333,41.25,Sunny,0.0,24,21,05:36:00,20:40:00,9:28:00,22:51:00,14,76,1014,0
2014-07-02,16.016666666666666,11.6375,243.16666666666663,15.5375,6.316666666666666,73.16666666666667,0.5,62.04166666666666,39.0,Sunny,0.0,24,21,05:36:00,20:40:00,10:24:00,23:21:00,25,72,1020,0
2014-07-03,11.804166666666667,7.829166666666667,243.16666666666663,13.095833333333331,6.316666666666666,74.95833333333333,0.5,40.458333333333336,30.08333333333333,Sunny,0.0,24,20,05:37:00,20:40:00,11:21:00,23:49:00,23,71,1017,0
2014-07-04,15.425,9.558333333333334,243.16666666666663,13.004166666666668,6.316666666666666,74.66666666666667,0.5,37.458333333333336,29.916666666666668,Sunny,0.18,23,20,05:37:00,20:40:00,0:18:00,,27,70,1015,0
2014-07-05,20.245833333333334,12.6625,243.16666666666663,13.15,6.316666666666666,79.58333333333333,0.5,46.54166666666666,32.083333333333336,Sunny,0.06,25,21,05:38:00,20:39:00,13:17:00,12:18:00,26,65,1014,0
2014-07-06,17.729166666666668,13.0125,243.16666666666663,16.366666666666667,6.316666666666666,75.83333333333333,0.5,51.708333333333336,30.916666666666668,Sunny,0.0,25,20,05:39:00,20:39:00,14:17:00,12:48:00,23,69,1014,0
2014-07-07,18.229166666666668,12.8125,243.16666666666663,14.833333333333334,6.316666666666666,78.54166666666667,0.5,51.375,31.45833333333333,Sunny,0.0,26,22,05:39:00,20:39:00,15:20:00,1:22:00,26,68,1014,0
2014-07-08,22.183333333333334,15.758333333333333,243.16666666666663,16.70416666666667,6.316666666666666,73.08333333333333,0.5,54.625,30.625,Sunny,0.0,27,22,05:40:00,20:38:00,16:23:00,2:0:00,21,71,1013,0
2014-07-09,21.075,15.629166666666668,243.16666666666663,16.645833333333332,6.316666666666666,74.0,0.5,58.75,32.666666666666664,Sunny,0.0,27,22,05:41:00,20:38:00,17:28:00,2:43:00,20,66,1007,0
2014-07-10,29.975,21.604166666666668,243.16666666666663,28.258333333333336,6.316666666666666,59.5,0.5,61.0,34.583333333333336,Sunny,0.0,26,22,05:41:00,20:38:00,18:30:00,3:35:00,8,71,1006,0
2014-07-11,35.9,20.98333333333333,243.16666666666663,24.48333333333333,6.316666666666666,64.79166666666667,0.5,74.45833333333333,53.375,Sunny,0.0,28,25,05:42:00,20:37:00,19:29:00,4:33:00,14,59,1003,1
2014-07-12,39.975,21.141666666666666,243.16666666666663,26.075,6.316666666666666,61.91666666666666,0.5,66.5,40.0,Sunny,0.93,26,24,05:43:00,20:37:00,20:21:00,5:40:00,7,69,1007,0
2014-07-13,35.8125,25.375,243.16666666666663,33.90833333333333,6.316666666666666,61.79166666666666,0.5,77.08333333333333,56.41666666666666,Sunny,0.58,26,23,05:43:00,20:36:00,21:8:00,6:51:00,12,71,1012,1
2014-07-14,19.2125,14.866666666666667,243.16666666666663,18.716666666666665,6.316666666666666,78.45833333333333,0.5,65.58333333333333,43.625,Sunny,0.0,26,23,05:44:00,20:36:00,21:50:00,8:4:00,20,66,1011,0
2014-07-15,16.0625,12.4375,243.16666666666663,14.604166666666666,6.316666666666666,74.375,0.5,53.458333333333336,31.75,Sunny,1.01,26,22,05:45:00,20:35:00,22:28:00,9:18:00,22,73,1008,0
2014-07-16,18.954166666666666,13.125,243.16666666666663,13.620833333333332,6.316666666666666,78.25,0.5,50.875,31.5,Partly cloudy,1.12,25,23,05:46:00,20:34:00,23:4:00,10:29:00,25,76,1009,0
2014-07-17,30.391666666666666,20.016666666666666,243.16666666666663,21.691666666666663,6.316666666666666,61.54166666666666,0.5,59.25,32.625,Sunny,2.22,26,23,05:46:00,20:34:00,23:39:00,11:39:00,12,71,1011,0
2014-07-18,37.275,23.616666666666664,243.16666666666663,34.40833333333333,6.316666666666666,48.79166666666666,0.5,71.08333333333333,47.583333333333336,Sunny,0.0,26,23,05:47:00,20:33:00,,0:47:00,9,70,1011,0
2014-07-19,16.916666666666668,13.275,243.16666666666663,19.8,6.316666666666666,60.625,0.5,65.54166666666667,40.958333333333336,Sunny,5.27,25,23,05:48:00,20:32:00,12:13:00,13:52:00,18,75,1010,0
2014-07-20,23.741666666666664,16.25,243.16666666666663,16.908333333333335,6.316666666666666,63.25,0.5,56.125,30.375,Sunny,1.01,26,23,05:49:00,20:32:00,12:50:00,14:54:00,19,74,1012,0
2014-07-21,25.391666666666666,15.920833333333334,243.16666666666663,23.725,6.316666666666666,60.875,0.5,56.583333333333336,30.33333333333333,Sunny,0.01,27,23,05:50:00,20:31:00,1:29:00,15:54:00,13,71,1011,0
2014-07-22,36.2,24.541666666666668,243.16666666666663,23.35,6.316666666666666,59.66666666666666,0.5,67.20833333333333,42.958333333333336,Sunny,0.0,28,24,05:51:00,20:30:00,2:10:00,16:50:00,17,64,1008,0
2014-07-23,39.43333333333333,29.441666666666663,243.16666666666663,25.104166666666668,6.316666666666666,66.125,0.5,80.625,60.66666666666666,Sunny,0.0,27,23,05:52:00,20:29:00,2:55:00,17:42:00,11,75,1005,1
2014-07-24,43.43333333333334,30.52083333333333,243.16666666666663,30.200000000000003,6.316666666666666,50.54166666666666,0.5,90.66666666666669,64.95833333333333,Sunny,0.01,26,23,05:52:00,20:28:00,3:44:00,18:28:00,11,76,1007,1
2014-07-25,19.008333333333333,14.666666666666666,243.16666666666663,17.8,6.316666666666666,66.29166666666667,0.5,72.08333333333333,48.16666666666666,Sunny,0.01,27,24,05:53:00,20:27:00,4:36:00,19:11:00,20,75,1009,0
2014-07-26,31.0,20.70833333333333,243.16666666666663,17.283333333333335,6.316666666666666,72.20833333333333,0.5,60.54166666666666,34.083333333333336,Sunny,0.0,27,24,05:54:00,20:26:00,5:30:00,19:49:00,19,77,1010,0
2014-07-27,38.62916666666667,25.829166666666666,243.16666666666663,22.133333333333336,6.316666666666666,61.5,0.5,75.16666666666667,54.458333333333336,Sunny,0.03,28,24,05:55:00,20:26:00,6:25:00,20:23:00,14,76,1012,1
2014-07-28,33.1,20.016666666666666,243.16666666666663,18.904166666666665,6.316666666666666,65.66666666666667,0.5,73.54166666666667,52.125,Sunny,0.0,28,24,05:56:00,20:25:00,7:21:00,20:55:00,16,78,1011,1
2014-07-29,27.429166666666664,17.516666666666666,243.16666666666663,16.1125,6.316666666666666,70.16666666666667,0.5,64.83333333333333,37.91666666666666,Sunny,0.0,28,24,05:57:00,20:24:00,8:17:00,21:24:00,18,80,1009,0
2014-07-30,26.875,17.254166666666666,243.16666666666663,15.4125,6.316666666666666,66.83333333333333,0.5,62.41666666666666,35.708333333333336,Sunny,0.07,27,24,05:58:00,20:23:00,9:14:00,21:53:00,20,79,1010,0
2014-07-31,20.179166666666667,13.916666666666666,243.16666666666663,16.808333333333334,6.316666666666666,66.5,0.5,57.375,32.041666666666664,Sunny,0.0,28,24,05:59:00,20:21:00,10:10:00,22:21:00,20,69,1008,0
2014-08-01,20.816666666666663,13.304166666666667,243.16666666666663,14.141666666666666,6.316666666666666,72.875,0.5,51.79166666666666,29.416666666666668,Sunny,0.0,27,24,06:00:00,20:20:00,11:8:00,22:51:00,25,77,1004,0
2014-08-02,25.79583333333333,18.304166666666667,243.16666666666663,19.65,6.316666666666666,59.625,0.5,57.958333333333336,31.541666666666668,Thundery outbreaks possible,2.56,27,25,06:01:00,20:19:00,0:6:00,23:23:00,14,82,1006,0
2014-08-03,31.975,25.566666666666663,243.16666666666663,29.55,6.316666666666666,54.29166666666666,0.5,69.29166666666667,44.91666666666666,Partly cloudy,6.15,27,24,06:02:00,20:18:00,13:7:00,23:57:00,10,75,1008,0
2014-08-04,55.65,38.454166666666666,243.16666666666663,29.3875,6.316666666666666,56.0,0.5,94.0,65.95833333333333,Sunny,0.0,28,25,06:03:00,20:17:00,14:8:00,,14,73,1007,1
2014-08-05,35.079166666666666,23.0625,243.16666666666663,20.45,6.316666666666666,78.41666666666667,0.5,92.16666666666669,65.125,Sunny,0.02,29,25,06:04:00,20:16:00,15:10:00,12:37:00,19,71,1007,1
2014-08-06,22.89583333333333,16.216666666666665,243.16666666666663,14.8875,6.316666666666666,83.45833333333333,0.5,67.5,43.04166666666666,Sunny,0.01,29,25,06:05:00,20:15:00,16:12:00,1:23:00,28,67,1006,0
2014-08-07,21.2125,15.8375,243.16666666666663,17.912499999999998,6.316666666666666,79.29166666666667,0.5,55.333333333333336,32.666666666666664,Sunny,0.03,28,25,06:06:00,20:13:00,17:11:00,2:16:00,19,72,1006,0
2014-08-08,22.683333333333334,16.704166666666666,243.16666666666663,24.429166666666664,6.316666666666666,62.66666666666666,0.5,60.0,33.333333333333336,Sunny,0.31,26,23,06:07:00,20:12:00,18:6:00,3:18:00,13,71,1010,0
2014-08-09,27.825,22.016666666666666,243.16666666666663,21.870833333333334,6.316666666666666,64.79166666666667,0.5,66.0,40.0,Partly cloudy,6.49,27,24,06:07:00,20:11:00,18:56:00,4:25:00,17,64,1013,0
2014-08-10,28.695833333333336,22.825,243.16666666666663,25.6875,6.316666666666666,64.45833333333333,0.5,74.08333333333333,53.25,Sunny,0.0,29,25,06:08:00,20:10:00,19:42:00,5:38:00,18,69,1014,1
2014-08-11,21.429166666666664,18.354166666666668,243.16666666666663,17.533333333333335,6.316666666666666,81.875,0.5,67.20833333333333,43.375,Sunny,0.0,29,25,06:09:00,20:8:00,20:22:00,6:52:00,21,70,1013,0
2014-08-12,20.075,16.25,243.16666666666663,17.666666666666668,6.316666666666666,79.75,0.5,60.875,35.375,Sunny,0.0,29,25,06:10:00,20:7:00,21:0:00,8:6:00,20,70,1012,0
2014-08-13,16.366666666666667,13.408333333333331,243.16666666666663,15.079166666666666,6.316666666666666,89.66666666666667,0.5,55.625,37.04166666666666,Sunny,0.0,29,25,06:11:00,20:6:00,21:37:00,9:20:00,26,71,1012,0
2014-08-14,23.504166666666663,17.454166666666666,243.16666666666663,16.795833333333334,6.316666666666666,79.25,0.5,56.66666666666666,32.75,Sunny,0.0,29,25,06:12:00,20:4:00,22:13:00,10:30:00,19,76,1010,0
2014-08-15,43.520833333333336,34.94583333333333,243.16666666666663,36.65,6.316666666666666,60.66666666666666,0.5,75.33333333333333,50.5,Sunny,0.0,28,24,06:13:00,20:3:00,22:50:00,11:39:00,7,75,1009,1
2014-08-16,28.52916666666667,20.2125,243.16666666666663,27.291666666666668,6.316666666666666,63.75,0.5,90.04166666666667,63.16666666666666,Sunny,0.0,29,25,06:14:00,20:2:00,23:29:00,0:44:00,12,68,1008,1
2014-08-17,17.1875,12.991666666666667,243.16666666666663,12.008333333333333,6.316666666666666,73.20833333333333,0.5,59.41666666666666,34.958333333333336,Sunny,2.52,28,23,06:15:00,20:0:00,,13:46:00,26,79,1006,0
2014-08-18,14.491666666666667,8.366666666666667,243.16666666666663,10.2875,6.316666666666666,80.91666666666667,0.5,41.79166666666666,32.416666666666664,Partly cloudy,3.38,24,22,06:16:00,19:59:00,12:10:00,14:44:00,35,75,1012,0
2014-08-19,17.2625,10.491666666666667,243.16666666666663,13.379166666666668,6.316666666666666,82.375,0.5,41.708333333333336,32.958333333333336,Sunny,0.22,26,23,06:17:00,19:57:00,12:54:00,15:38:00,29,67,1015,0
2014-08-20,17.141666666666666,12.083333333333334,243.16666666666663,17.808333333333334,6.316666666666666,76.5,0.5,46.333333333333336,30.666666666666668,Sunny,0.06,27,23,06:18:00,19:56:00,1:42:00,16:26:00,18,74,1016,0
2014-08-21,24.14583333333333,17.683333333333334,243.16666666666663,26.3875,6.316666666666666,63.625,0.5,53.5,28.75,Sunny,0.0,27,24,06:19:00,19:55:00,2:32:00,17:10:00,9,76,1015,0
2014-08-22,31.804166666666664,23.491666666666664,243.16666666666663,30.04583333333333,6.316666666666666,61.375,0.5,71.70833333333333,49.66666666666666,Sunny,0.0,29,25,06:20:00,19:53:00,3:26:00,17:49:00,13,67,1014,0
2014-08-23,21.64583333333333,16.054166666666667,243.16666666666663,13.945833333333333,6.316666666666666,77.83333333333333,0.5,65.75,41.54166666666666,Sunny,0.0,28,25,06:21:00,19:52:00,4:20:00,18:25:00,26,72,1014,0
2014-08-24,28.72083333333333,22.15833333333333,243.16666666666663,23.85833333333333,6.316666666666666,66.95833333333333,0.5,63.41666666666666,37.208333333333336,Sunny,0.0,27,24,06:22:00,19:50:00,5:16:00,18:57:00,12,74,1011,0
2014-08-25,20.254166666666663,13.233333333333334,243.16666666666663,13.025,6.316666666666666,73.04166666666667,0.5,64.79166666666667,39.625,Partly cloudy,0.02,26,24,06:23:00,19:49:00,6:12:00,19:28:00,30,75,1014,0
2014-08-26,15.9,10.4625,243.16666666666663,13.504166666666668,6.316666666666666,80.66666666666667,0.5,46.208333333333336,32.333333333333336,Sunny,0.07,27,24,06:24:00,19:47:00,7:8:00,19:57:00,28,70,1013,0
2014-08-27,24.55,16.854166666666668,243.16666666666663,22.59166666666667,6.316666666666666,64.20833333333333,0.5,52.875,29.0,Sunny,0.0,27,24,06:25:00,19:45:00,8:5:00,20:25:00,14,76,1010,0
2014-08-28,27.27916666666667,18.20833333333333,243.16666666666663,20.079166666666666,6.316666666666666,67.70833333333333,0.5,64.79166666666667,38.083333333333336,Sunny,0.05,27,24,06:26:00,19:44:00,9:2:00,20:55:00,26,73,1011,0
2014-08-29,16.0125,8.0375,243.16666666666663,9.708333333333334,6.316666666666666,81.54166666666667,0.5,48.25,33.125,Sunny,0.0,25,22,06:27:00,19:42:00,10:0:00,21:26:00,39,67,1017,0
2014-08-30,15.6625,8.245833333333334,243.16666666666663,9.958333333333334,6.316666666666666,79.95833333333333,0.5,36.25,32.0,Partly cloudy,0.17,25,23,06:28:00,19:41:00,10:59:00,21:59:00,37,72,1016,0
2014-08-31,23.9375,11.220833333333331,243.16666666666663,11.408333333333331,6.316666666666666,85.16666666666667,0.5,40.04166666666666,34.083333333333336,Partly cloudy,0.6,25,23,06:29:00,19:39:00,11:59:00,22:36:00,31,73,1012,0
2014-09-01,27.225,15.058333333333332,243.16666666666663,16.712500000000002,6.316666666666666,82.125,0.5,53.04166666666666,33.25,Partly cloudy,0.12,25,23,06:30:00,19:37:00,13:0:00,23:19:00,18,75,1009,0
2014-09-02,34.5875,21.9625,243.16666666666663,27.675,6.316666666666666,61.375,0.5,64.5,38.66666666666666,Sunny,0.11,26,23,06:31:00,19:36:00,14:0:00,,14,77,1008,0
2014-09-03,31.991666666666664,23.354166666666668,243.16666666666663,29.916666666666668,6.316666666666666,64.58333333333333,0.5,70.33333333333333,46.083333333333336,Sunny,0.56,27,23,06:32:00,19:34:00,14:58:00,12:7:00,14,74,1008,0
2014-09-04,40.9625,28.454166666666666,243.16666666666663,23.02083333333333,6.316666666666666,63.833333333333336,0.5,77.91666666666667,57.833333333333336,Sunny,1.92,27,24,06:33:00,19:33:00,15:53:00,1:3:00,16,79,1009,1
2014-09-05,64.5625,31.391666666666666,243.16666666666663,17.741666666666667,6.316666666666666,62.75,0.5,91.33333333333331,65.25,Moderate or heavy rain shower,6.26,27,24,06:34:00,19:31:00,16:44:00,2:6:00,22,80,1007,1
2014-09-06,66.53333333333333,34.38333333333333,243.16666666666663,20.5875,6.316666666666666,61.54166666666666,0.5,93.25,68.33333333333333,Partly cloudy,0.94,26,23,06:35:00,19:29:00,17:31:00,3:14:00,16,83,1006,1
2014-09-07,53.24166666666667,37.27916666666667,243.16666666666663,28.025,6.316666666666666,47.41666666666666,0.5,100.45833333333331,68.58333333333333,Sunny,2.26,26,23,06:36:00,19:28:00,18:13:00,4:25:00,13,74,1009,1
2014-09-08,23.1875,18.02083333333333,243.16666666666663,27.025,6.316666666666666,45.66666666666666,0.5,87.08333333333333,60.875,Partly cloudy,4.93,24,22,06:37:00,19:26:00,18:52:00,5:40:00,15,72,1013,1
2014-09-09,44.41666666666666,32.579166666666666,243.16666666666663,29.016666666666666,6.316666666666666,46.458333333333336,0.5,75.33333333333333,50.958333333333336,Sunny,0.0,26,22,06:38:00,19:24:00,19:30:00,6:53:00,14,65,1014,1
2014-09-10,33.233333333333334,24.83333333333333,243.16666666666663,22.604166666666668,6.316666666666666,67.04166666666667,0.5,88.08333333333333,63.833333333333336,Sunny,0.0,26,23,06:39:00,19:22:00,20:7:00,8:6:00,20,63,1013,1
2014-09-11,28.65833333333333,21.10833333333333,243.16666666666663,20.8125,6.316666666666666,73.04166666666667,0.5,73.5,52.16666666666666,Sunny,0.0,26,23,06:40:00,19:21:00,20:45:00,9:18:00,22,66,1014,1
2014-09-12,24.5875,19.425,243.16666666666663,20.641666666666666,6.316666666666666,69.29166666666667,0.5,65.5,38.75,Sunny,0.0,25,22,06:41:00,19:19:00,21:24:00,10:26:00,17,73,1015,0
2014-09-13,22.995833333333334,17.849999999999998,243.16666666666663,16.783333333333335,6.316666666666666,70.66666666666667,0.5,64.58333333333333,37.875,Partly cloudy,0.64,25,21,06:42:00,19:17:00,22:5:00,11:32:00,16,68,1013,0
2014-09-14,59.03333333333333,33.18333333333333,243.16666666666663,15.845833333333331,6.316666666666666,71.29166666666667,0.5,69.45833333333333,44.29166666666666,Partly cloudy,1.66,25,23,06:43:00,19:16:00,22:50:00,0:33:00,22,75,1013,0
2014-09-15,84.97083333333333,42.00833333333333,243.16666666666663,14.816666666666668,6.316666666666666,61.958333333333336,0.5,116.25,73.625,Sunny,0.17,25,22,06:44:00,19:14:00,23:38:00,13:30:00,24,73,1013,1
2014-09-16,85.16666666666667,44.42083333333333,243.16666666666663,15.679166666666667,6.316666666666666,64.45833333333333,0.5,120.5,75.16666666666667,Partly cloudy,2.75,24,22,06:45:00,19:12:00,,14:21:00,26,73,1012,1
2014-09-17,35.05,19.241666666666667,243.16666666666663,12.675,6.316666666666666,76.95833333333333,0.5,92.83333333333331,63.04166666666666,Partly cloudy,1.78,23,21,06:46:00,19:11:00,12:27:00,15:7:00,31,74,1012,1
2014-09-18,24.691666666666663,16.445833333333333,243.16666666666663,16.875,6.316666666666666,58.833333333333336,0.5,61.208333333333336,34.5,Cloudy,9.69,22,21,06:47:00,19:9:00,1:20:00,15:48:00,22,73,1016,0
2014-09-19,26.90416666666667,17.954166666666666,243.16666666666663,19.17083333333333,6.316666666666666,57.0,0.5,61.958333333333336,35.25,Sunny,1.78,22,20,06:48:00,19:7:00,2:14:00,16:25:00,22,67,1020,0
2014-09-20,27.8375,18.891666666666666,243.16666666666663,28.116666666666664,6.316666666666666,54.333333333333336,0.5,63.208333333333336,36.333333333333336,Sunny,0.22,22,20,06:49:00,19:5:00,3:10:00,16:59:00,14,63,1020,0
2014-09-21,32.00416666666667,22.516666666666666,243.16666666666663,36.8625,6.316666666666666,38.875,0.5,66.45833333333333,40.41666666666666,Cloudy,0.44,21,20,06:50:00,19:4:00,4:5:00,17:30:00,9,62,1015,0
2014-09-22,33.52916666666667,24.4,243.16666666666663,31.77916666666667,6.316666666666666,43.125,0.5,76.375,56.833333333333336,Sunny,0.49,24,20,06:51:00,19:2:00,5:2:00,18:0:00,10,66,1010,1
2014-09-23,27.758333333333336,16.3125,243.16666666666663,16.645833333333332,6.316666666666666,60.625,0.5,70.625,47.208333333333336,Partly cloudy,4.51,25,16,06:52:00,19:0:00,5:58:00,18:28:00,25,72,1007,0
2014-09-24,24.229166666666668,18.08333333333333,243.16666666666663,28.825,6.316666666666666,44.0,0.5,55.16666666666666,28.83333333333333,Sunny,0.0,19,16,06:53:00,18:58:00,6:56:00,18:58:00,9,54,1018,0
2014-09-25,38.275,26.77083333333333,243.16666666666663,39.704166666666666,6.316666666666666,36.958333333333336,0.5,72.16666666666667,49.41666666666666,Sunny,0.0,20,18,06:54:00,18:57:00,7:54:00,19:29:00,9,56,1017,0
2014-09-26,24.6625,20.504166666666663,243.16666666666663,23.35833333333333,6.316666666666666,58.083333333333336,0.5,81.95833333333333,60.333333333333336,Sunny,0.87,22,18,06:55:00,18:55:00,8:53:00,20:1:00,21,64,1012,1
2014-09-27,8.700000000000001,6.254166666666666,243.16666666666663,13.466666666666669,6.316666666666666,75.75,0.5,47.333333333333336,32.291666666666664,Overcast,18.8,18,17,06:56:00,18:53:00,9:53:00,20:37:00,36,83,1010,0
2014-09-28,16.783333333333335,10.1375,243.16666666666663,10.158333333333331,6.316666666666666,71.33333333333333,0.5,35.5,28.541666666666668,Overcast,10.72,19,18,06:57:00,18:52:00,10:54:00,21:19:00,45,77,1018,0
2014-09-29,22.379166666666663,11.895833333333334,243.16666666666663,15.916666666666666,6.316666666666666,57.79166666666666,0.5,49.29166666666666,25.041666666666668,Sunny,1.34,20,18,06:58:00,18:50:00,11:54:00,22:4:00,28,69,1027,0
2014-09-30,17.916666666666668,12.720833333333331,243.16666666666663,22.22083333333333,6.316666666666666,59.29166666666666,0.5,49.875,25.625,Sunny,0.0,20,17,06:59:00,18:48:00,0:51:00,22:57:00,15,65,1024,0
2014-10-01,22.508333333333336,18.04583333333333,243.16666666666663,25.85,6.316666666666666,54.958333333333336,0.5,57.458333333333336,31.041666666666668,Sunny,0.0,22,18,07:00:00,18:46:00,13:46:00,23:55:00,17,61,1022,0
2014-10-02,26.129166666666663,18.391666666666666,243.16666666666663,15.420833333333334,6.316666666666666,66.125,0.5,63.958333333333336,37.0,Partly cloudy,0.24,21,18,07:02:00,18:45:00,14:37:00,,32,75,1022,0
2014-10-03,22.304166666666664,12.3875,243.16666666666663,12.808333333333332,6.316666666666666,68.875,0.5,57.0,31.375,Overcast,0.83,18,17,07:03:00,18:43:00,15:24:00,12:59:00,35,77,1021,0
2014-10-04,21.870833333333334,12.525,243.16666666666663,14.525,6.316666666666666,68.95833333333333,0.5,50.66666666666666,27.58333333333333,Light rain shower,0.74,18,17,07:04:00,18:41:00,16:6:00,2:7:00,27,76,1019,0
2014-10-05,21.48333333333333,13.633333333333333,243.16666666666663,16.054166666666667,6.316666666666666,70.83333333333333,0.5,51.875,28.75,Cloudy,0.51,19,17,07:05:00,18:40:00,16:45:00,3:17:00,25,74,1019,0
2014-10-06,27.870833333333334,19.45,243.16666666666663,25.766666666666666,6.316666666666666,61.333333333333336,0.5,59.833333333333336,33.25,Partly cloudy,0.05,20,17,07:06:00,18:38:00,17:23:00,4:29:00,14,73,1022,0
2014-10-07,49.725,36.516666666666666,243.16666666666663,39.72083333333333,6.316666666666666,41.0,0.5,76.83333333333333,51.5,Sunny,0.0,21,18,07:07:00,18:37:00,18:0:00,5:41:00,11,75,1021,1
2014-10-08,30.191666666666663,21.22083333333333,243.16666666666663,18.725,6.316666666666666,56.375,0.5,97.0,66.20833333333333,Sunny,0.16,20,19,07:08:00,18:35:00,18:37:00,6:53:00,26,82,1021,1
2014-10-09,24.829166666666666,16.120833333333334,243.16666666666663,15.070833333333333,6.316666666666666,64.08333333333333,0.5,61.333333333333336,34.708333333333336,Partly cloudy,0.01,20,18,07:09:00,18:33:00,19:16:00,8:3:00,31,79,1021,0
2014-10-10,20.54583333333333,14.0,243.16666666666663,15.683333333333332,6.316666666666666,62.0,0.5,56.66666666666666,30.33333333333333,Overcast,0.07,19,18,07:10:00,18:32:00,19:57:00,9:12:00,29,77,1020,0
2014-10-11,18.8375,12.504166666666668,243.16666666666663,16.279166666666665,6.316666666666666,61.833333333333336,0.5,51.875,26.5,Overcast,1.14,19,18,07:11:00,18:30:00,20:41:00,10:16:00,26,78,1018,0
2014-10-12,20.279166666666665,15.225,243.16666666666663,22.4375,6.316666666666666,56.25,0.5,54.125,28.166666666666668,Partly cloudy,1.0,19,17,07:12:00,18:28:00,21:29:00,11:17:00,17,75,1017,0
2014-10-13,25.09583333333333,19.77083333333333,243.16666666666663,36.28333333333333,6.316666666666666,41.25,0.5,61.083333333333336,34.375,Partly cloudy,0.0,19,17,07:13:00,18:27:00,22:19:00,0:12:00,12,78,1017,0
2014-10-14,27.85,23.366666666666664,243.16666666666663,34.520833333333336,6.316666666666666,43.5,0.5,69.79166666666667,45.208333333333336,Sunny,0.0,20,17,07:14:00,18:25:00,23:12:00,13:1:00,11,80,1015,0
2014-10-15,45.75416666666666,35.125,243.16666666666663,38.23333333333333,6.316666666666666,36.25,0.5,85.54166666666667,62.41666666666666,Sunny,0.0,20,17,07:16:00,18:24:00,,13:45:00,8,78,1015,1
2014-10-16,41.79166666666666,27.7375,243.16666666666663,19.825,6.316666666666666,59.0,0.5,93.45833333333331,66.04166666666667,Partly cloudy,1.45,22,19,07:17:00,18:22:00,12:6:00,14:23:00,25,72,1013,1
2014-10-17,50.35,31.241666666666664,243.16666666666663,29.35,6.316666666666666,36.29166666666666,0.5,86.25,63.375,Partly cloudy,6.34,20,16,07:19:00,18:19:00,1:57:00,15:31:00,26,77,1017,1
2014-10-18,28.2375,18.65833333333333,243.16666666666663,15.675,6.316666666666666,53.41666666666666,0.5,84.375,59.958333333333336,Partly cloudy,6.34,20,16,07:19:00,18:19:00,1:57:00,15:31:00,26,77,1017,1
2014-10-19,17.229166666666668,9.845833333333331,243.16666666666663,14.808333333333332,6.316666666666666,52.54166666666666,0.5,47.04166666666666,24.875,Partly cloudy,1.13,16,13,07:20:00,18:18:00,2:53:00,16:1:00,26,69,1027,0
2014-10-20,33.06666666666667,22.429166666666664,243.16666666666663,40.35,6.316666666666666,43.083333333333336,0.5,49.79166666666666,26.5,Sunny,0.0,15,12,07:21:00,18:16:00,3:50:00,16:30:00,8,59,1022,0
2014-10-21,36.25416666666667,25.054166666666664,243.16666666666663,43.52916666666667,6.316666666666666,40.458333333333336,0.5,81.04166666666667,60.583333333333336,Sunny,0.0,19,15,07:22:00,18:15:00,4:46:00,16:59:00,12,53,1013,1
2014-10-22,27.625,18.9,243.16666666666663,20.5125,6.316666666666666,64.41666666666667,0.5,72.79166666666667,50.54166666666666,Sunny,0.0,21,17,07:23:00,18:13:00,5:45:00,17:30:00,20,55,1009,1
2014-10-23,20.979166666666668,13.891666666666666,243.16666666666663,22.3375,6.316666666666666,53.0,0.5,59.458333333333336,32.958333333333336,Partly cloudy,0.0,23,19,07:25:00,18:12:00,6:44:00,18:2:00,18,63,1005,0
2014-10-24,20.3125,15.570833333333333,243.16666666666663,24.195833333333336,6.316666666666666,48.208333333333336,0.5,53.625,27.45833333333333,Sunny,0.0,20,18,07:26:00,18:11:00,7:45:00,18:37:00,22,73,1011,0
2014-10-25,20.52083333333333,15.858333333333334,243.16666666666663,28.429166666666664,6.316666666666666,40.625,0.5,55.875,29.416666666666668,Sunny,0.0,19,17,07:27:00,18:9:00,8:46:00,19:17:00,16,76,1011,0
2014-10-26,21.429166666666664,18.154166666666665,243.16666666666663,32.78333333333333,6.316666666666666,28.33333333333333,0.5,64.5,37.91666666666666,Partly cloudy,3.13,16,14,07:28:00,18:8:00,9:48:00,20:2:00,18,84,1017,0
2014-10-27,9.979166666666666,6.808333333333334,243.16666666666663,15.5125,6.316666666666666,57.79166666666666,0.5,47.375,27.75,Overcast,7.67,16,14,07:29:00,18:7:00,10:47:00,20:53:00,36,86,1022,0
2014-10-28,14.291666666666666,9.533333333333331,243.16666666666663,17.866666666666667,6.316666666666666,50.5,0.5,31.375,21.166666666666668,Light drizzle,0.72,15,12,07:30:00,18:5:00,11:43:00,21:50:00,29,88,1022,0
2014-10-29,22.3125,17.241666666666667,243.16666666666663,22.4125,6.316666666666666,46.16666666666666,0.5,54.25,28.625,Cloudy,2.84,17,15,07:31:00,18:4:00,0:35:00,22:51:00,21,86,1018,0
2014-10-30,14.704166666666666,9.370833333333334,243.16666666666663,15.433333333333335,6.316666666666666,49.04166666666666,0.5,51.79166666666666,26.83333333333333,Overcast,15.29,16,12,07:33:00,18:3:00,13:22:00,23:57:00,26,87,1016,0
2014-10-31,20.404166666666665,12.258333333333333,243.16666666666663,15.8375,6.316666666666666,45.583333333333336,0.5,37.208333333333336,19.625,Overcast,7.01,14,11,07:34:00,18:2:00,14:4:00,,32,85,1019,0
2014-11-01,35.90416666666667,23.85,243.16666666666663,17.662499999999998,6.316666666666666,48.16666666666666,0.5,64.20833333333333,39.25,Partly cloudy,0.44,13,12,07:35:00,18:0:00,14:43:00,1:5:00,29,76,1023,0
2014-11-02,24.52916666666667,18.60833333333333,243.16666666666663,20.27083333333333,6.316666666666666,46.583333333333336,0.5,74.45833333333333,53.833333333333336,Partly cloudy,0.72,13,12,07:36:00,17:59:00,15:21:00,2:13:00,23,73,1024,1
2014-11-03,13.204166666666666,9.741666666666664,243.16666666666663,19.90833333333333,6.316666666666666,56.0,0.5,49.29166666666666,26.125,Sunny,0.13,12,10,07:37:00,17:58:00,15:56:00,3:23:00,25,68,1025,0
2014-11-04,26.916666666666668,21.85833333333333,243.16666666666663,29.0,6.316666666666666,43.41666666666666,0.5,53.41666666666666,28.83333333333333,Sunny,0.0,14,11,07:39:00,17:57:00,16:32:00,4:32:00,15,62,1022,0
2014-11-05,43.2625,34.079166666666666,243.16666666666663,45.37083333333334,6.316666666666666,23.83333333333333,0.5,83.58333333333333,61.125,Sunny,0.0,16,13,07:40:00,17:56:00,17:9:00,5:42:00,6,56,1022,1
2014-11-06,42.2625,33.2875,243.16666666666663,40.2375,6.316666666666666,25.291666666666668,0.5,100.0,68.29166666666667,Sunny,0.0,17,15,07:41:00,17:55:00,17:48:00,6:50:00,11,68,1024,1
2014-11-07,63.71666666666667,41.1125,243.16666666666663,52.84166666666667,6.316666666666666,18.58333333333333,0.5,95.625,66.75,Sunny,0.0,18,16,07:42:00,17:54:00,18:31:00,7:57:00,7,72,1021,1
2014-11-08,51.19166666666666,34.9125,243.16666666666663,44.30833333333334,6.316666666666666,15.291666666666666,0.5,116.375,73.66666666666667,Sunny,0.0,18,16,07:43:00,17:52:00,19:17:00,9:0:00,6,59,1017,1
2014-11-09,55.90833333333333,33.59166666666667,243.16666666666663,53.54583333333333,6.316666666666666,16.291666666666668,0.5,91.41666666666669,65.16666666666667,Cloudy,0.0,17,16,07:44:00,17:51:00,20:7:00,9:59:00,8,59,1017,1
2014-11-10,63.88333333333333,41.84583333333333,243.16666666666663,54.43333333333334,6.316666666666666,19.08333333333333,0.5,107.91666666666669,70.83333333333333,Sunny,0.23,17,15,07:46:00,17:50:00,21:0:00,10:52:00,7,79,1021,1
2014-11-11,51.40833333333333,38.5625,243.16666666666663,33.641666666666666,6.316666666666666,42.0,0.5,114.79166666666669,73.08333333333333,Sunny,0.0,17,15,07:47:00,17:49:00,21:54:00,11:39:00,15,86,1022,1
2014-11-12,52.5125,39.7875,243.16666666666663,33.775,6.316666666666666,43.79166666666666,0.5,105.29166666666669,70.125,Partly cloudy,0.01,17,14,07:48:00,17:49:00,22:50:00,0:20:00,13,88,1017,1
2014-11-13,55.25,43.925,243.16666666666663,41.391666666666666,6.316666666666666,26.08333333333333,0.5,117.91666666666669,74.08333333333333,Partly cloudy,0.4,16,14,07:49:00,17:48:00,23:46:00,0:57:00,13,88,1013,1
2014-11-14,43.15416666666667,32.47083333333333,243.16666666666663,27.0375,6.316666666666666,38.5,0.5,112.625,72.33333333333333,Overcast,0.0,16,15,07:50:00,17:47:00,,13:31:00,19,85,1012,1
2014-11-15,24.695833333333336,17.504166666666666,243.16666666666663,17.1875,6.316666666666666,51.0,0.5,74.375,50.04166666666666,Overcast,0.08,15,14,07:52:00,17:46:00,12:42:00,14:1:00,27,88,1015,1
2014-11-16,33.145833333333336,23.22083333333333,243.16666666666663,23.075,6.316666666666666,38.91666666666666,0.5,67.83333333333333,42.91666666666666,Partly cloudy,0.19,15,13,07:53:00,17:45:00,1:38:00,14:30:00,19,85,1017,0
2014-11-17,57.01666666666666,46.57083333333333,243.16666666666663,37.60833333333333,6.316666666666666,21.041666666666668,0.5,91.20833333333331,64.16666666666667,Overcast,0.21,16,14,07:54:00,17:44:00,2:35:00,14:59:00,9,80,1016,1
2014-11-18,49.92916666666667,35.87083333333333,243.16666666666663,36.895833333333336,6.316666666666666,25.25,0.5,128.29166666666666,77.375,Sunny,0.0,18,16,07:55:00,17:44:00,3:32:00,15:29:00,10,77,1019,1
2014-11-19,36.0125,22.729166666666668,243.16666666666663,28.09166666666667,6.316666666666666,28.0,0.5,83.04166666666667,60.75,Overcast,0.65,19,16,07:56:00,17:43:00,4:31:00,16:0:00,18,72,1017,1
2014-11-20,18.041666666666668,13.9625,243.16666666666663,22.179166666666664,6.316666666666666,34.916666666666664,0.5,64.95833333333333,39.625,Partly cloudy,6.47,16,11,07:57:00,17:42:00,5:31:00,16:34:00,19,79,1014,0
2014-11-21,24.133333333333336,18.745833333333334,243.16666666666663,26.279166666666665,6.316666666666666,17.083333333333332,0.5,60.125,33.625,Light rain shower,2.72,12,9,07:58:00,17:41:00,6:33:00,17:12:00,18,77,1018,0
2014-11-22,15.8875,11.566666666666668,243.16666666666663,17.370833333333334,6.316666666666666,33.541666666666664,0.5,52.0,26.916666666666668,Overcast,1.84,9,8,08:00:00,17:41:00,7:36:00,17:56:00,23,82,1023,0
2014-11-23,24.1125,17.566666666666666,243.16666666666663,17.316666666666666,6.316666666666666,41.41666666666666,0.5,58.16666666666666,31.95833333333333,Overcast,0.84,10,9,08:01:00,17:40:00,8:37:00,18:45:00,24,81,1026,0
2014-11-24,24.941666666666663,18.854166666666668,243.16666666666663,22.79583333333333,6.316666666666666,48.0,0.5,60.41666666666666,33.833333333333336,Overcast,2.78,10,10,08:02:00,17:40:00,9:37:00,19:42:00,22,78,1023,0
2014-11-25,16.758333333333333,12.1375,243.16666666666663,15.329166666666666,6.316666666666666,52.5,0.5,59.29166666666666,32.875,Cloudy,2.19,10,9,08:03:00,17:39:00,10:31:00,20:43:00,39,80,1022,0
2014-11-26,16.099999999999998,9.591666666666669,243.16666666666663,14.6125,6.316666666666666,38.083333333333336,0.5,44.958333333333336,21.625,Cloudy,1.3,9,8,08:04:00,17:39:00,11:21:00,21:49:00,36,81,1022,0
2014-11-27,17.045833333333334,13.583333333333334,243.16666666666663,22.133333333333336,6.316666666666666,32.791666666666664,0.5,46.458333333333336,22.625,Light rain shower,0.71,9,8,08:05:00,17:38:00,0:6:00,22:57:00,22,78,1023,0
2014-11-28,42.00416666666667,29.070833333333336,243.16666666666663,35.63333333333333,6.316666666666666,24.25,0.5,62.04166666666666,36.79166666666666,Sunny,0.08,11,8,08:06:00,17:38:00,0:46:00,,8,73,1024,0
2014-11-29,43.35416666666666,32.87083333333333,243.16666666666663,39.59583333333333,6.316666666666666,22.791666666666668,0.5,98.875,67.83333333333333,Cloudy,0.04,14,12,08:07:00,17:38:00,13:23:00,12:5:00,12,73,1023,1
2014-11-30,31.929166666666664,15.733333333333334,243.16666666666663,29.566666666666663,6.316666666666666,27.0,0.5,82.125,57.833333333333336,Overcast,5.7,13,9,08:08:00,17:37:00,13:58:00,1:14:00,18,86,1020,1
2014-12-01,20.98333333333333,10.491666666666664,243.16666666666663,20.525,6.316666666666666,38.0,0.5,42.25,22.416666666666668,Overcast,1.21,10,9,08:09:00,17:37:00,14:32:00,2:21:00,24,85,1021,0
2014-12-02,25.9,18.433333333333334,243.16666666666663,28.2125,6.316666666666666,29.58333333333333,0.5,50.583333333333336,25.541666666666668,Partly cloudy,1.2,12,10,08:10:00,17:37:00,15:8:00,3:29:00,19,87,1017,0
2014-12-03,41.8625,33.075,243.16666666666663,34.583333333333336,6.316666666666666,17.75,0.5,77.08333333333333,54.083333333333336,Partly cloudy,0.72,16,13,08:11:00,17:36:00,15:45:00,4:36:00,16,82,1019,1
2014-12-04,59.81666666666666,41.62916666666667,243.16666666666663,41.00416666666667,6.316666666666666,19.0,0.5,103.33333333333331,69.41666666666667,Overcast,1.87,14,13,08:12:00,17:36:00,16:24:00,5:42:00,8,87,1019,1
2014-12-05,48.03333333333333,33.079166666666666,243.16666666666663,37.625,6.316666666666666,10.375,0.5,116.66666666666669,73.75,Cloudy,0.07,13,11,08:13:00,17:36:00,17:8:00,6:45:00,9,89,1021,1
2014-12-06,47.2125,33.145833333333336,243.16666666666663,31.64583333333333,6.316666666666666,21.83333333333333,0.5,87.25,63.583333333333336,Cloudy,2.59,13,12,08:14:00,17:36:00,17:56:00,7:46:00,12,89,1018,1
2014-12-07,58.0,46.775,243.16666666666663,42.84166666666667,6.316666666666666,13.458333333333334,0.5,108.54166666666669,71.08333333333333,Sunny,1.6,14,13,08:15:00,17:36:00,18:47:00,8:41:00,8,83,1015,1
2014-12-08,55.90833333333333,46.8625,243.16666666666663,44.74166666666667,6.316666666666666,13.708333333333334,0.5,141.33333333333334,81.66666666666667,Partly cloudy,0.06,14,12,08:16:00,17:36:00,19:42:00,9:31:00,16,82,1011,1
2014-12-09,42.69166666666666,30.85,243.16666666666663,40.25416666666667,6.316666666666666,12.125,0.5,101.875,68.75,Partly cloudy,0.0,14,12,08:17:00,17:36:00,20:37:00,10:15:00,13,83,1006,1
2014-12-10,30.23333333333333,20.1875,243.16666666666663,23.22083333333333,6.316666666666666,20.08333333333333,0.5,79.33333333333333,56.708333333333336,Overcast,0.1,11,8,08:18:00,17:36:00,21:34:00,10:55:00,18,88,1017,1
2014-12-11,47.79166666666666,41.025,243.16666666666663,48.87083333333334,6.316666666666666,10.041666666666666,0.5,81.5,55.208333333333336,Partly cloudy,0.03,13,9,08:19:00,17:36:00,22:30:00,11:30:00,9,83,1019,1
2014-12-12,29.825,23.741666666666664,243.16666666666663,30.3125,6.316666666666666,27.0,0.5,112.91666666666669,72.45833333333333,Overcast,0.0,12,10,08:19:00,17:36:00,23:27:00,0:2:00,29,89,1016,1
2014-12-13,25.266666666666666,14.208333333333334,243.16666666666663,18.475,6.316666666666666,46.333333333333336,0.5,56.583333333333336,30.70833333333333,Sunny,0.0,11,9,08:20:00,17:36:00,,0:31:00,21,78,1025,0
2014-12-14,36.333333333333336,30.241666666666664,243.16666666666663,41.4125,6.316666666666666,23.875,0.5,67.375,42.875,Sunny,0.0,11,9,08:21:00,17:37:00,12:22:00,13:0:00,9,82,1025,0
2014-12-15,90.89583333333331,75.24583333333334,243.16666666666663,59.10416666666666,6.316666666666666,7.208333333333333,0.5,119.75,75.875,Sunny,0.0,11,9,08:22:00,17:37:00,1:19:00,13:29:00,2,80,1025,1
2014-12-16,71.02083333333333,59.72083333333333,243.16666666666663,50.15833333333333,6.316666666666666,10.166666666666666,0.5,163.29166666666666,104.66666666666669,Partly cloudy,0.0,12,10,08:22:00,17:37:00,2:16:00,13:59:00,8,72,1023,1
2014-12-17,33.11666666666667,24.83333333333333,243.16666666666663,31.9625,6.316666666666666,30.5,0.5,110.125,71.54166666666667,Partly cloudy,1.05,14,12,08:23:00,17:37:00,3:15:00,14:31:00,21,68,1017,1
2014-12-18,29.05,22.479166666666668,243.16666666666663,32.016666666666666,6.316666666666666,37.0,0.5,67.58333333333333,42.708333333333336,Cloudy,0.6,13,11,08:24:00,17:38:00,4:15:00,15:6:00,15,85,1016,0
2014-12-19,63.07916666666667,54.42916666666667,243.16666666666663,49.61666666666667,6.316666666666666,9.5,0.5,105.79166666666669,69.33333333333333,Sunny,0.0,11,10,08:24:00,17:38:00,5:17:00,15:47:00,5,82,1022,1
2014-12-20,37.96666666666667,29.425,243.16666666666663,28.441666666666663,6.316666666666666,40.458333333333336,0.5,130.25,78.08333333333333,Partly cloudy,0.04,12,10,08:25:00,17:39:00,6:20:00,16:33:00,16,78,1020,1
2014-12-21,23.6875,18.40833333333333,243.16666666666663,21.5875,6.316666666666666,51.75,0.5,74.41666666666667,52.458333333333336,Sunny,6.34,12,8,08:25:00,17:39:00,7:21:00,17:27:00,21,76,1019,1
2014-12-22,16.354166666666668,13.454166666666666,243.16666666666663,24.275,6.316666666666666,39.0,0.5,55.54166666666666,29.33333333333333,Sunny,0.13,8,7,08:26:00,17:40:00,8:20:00,18:28:00,20,64,1027,0
2014-12-23,16.145833333333332,11.679166666666667,243.16666666666663,17.925,6.316666666666666,59.333333333333336,0.5,49.583333333333336,25.125,Sunny,0.0,11,8,08:26:00,17:40:00,9:14:00,19:34:00,28,69,1022,0
2014-12-24,22.77083333333333,16.708333333333332,243.16666666666663,22.40833333333333,6.316666666666666,51.79166666666666,0.5,54.79166666666666,28.45833333333333,Sunny,0.0,13,11,08:27:00,17:41:00,10:2:00,20:43:00,22,70,1023,0
2014-12-25,23.479166666666668,18.254166666666663,243.16666666666663,24.066666666666663,6.316666666666666,53.75,0.5,61.958333333333336,35.041666666666664,Sunny,0.0,14,11,08:27:00,17:41:00,10:45:00,21:54:00,19,64,1021,0
2014-12-26,26.25,19.370833333333334,243.16666666666663,29.691666666666663,6.316666666666666,40.0,0.5,66.33333333333333,40.125,Partly cloudy,0.57,13,11,08:27:00,17:42:00,11:25:00,23:4:00,19,75,1014,0
2014-12-27,18.35833333333333,13.283333333333331,243.16666666666663,26.95833333333333,6.316666666666666,34.083333333333336,0.5,58.91666666666666,32.25,Partly cloudy,0.59,10,6,08:28:00,17:43:00,0:1:00,,18,83,1009,0
2014-12-28,25.508333333333336,20.066666666666663,243.16666666666663,30.3625,6.316666666666666,25.041666666666668,0.5,56.54166666666666,30.20833333333333,Partly cloudy,0.0,11,4,08:28:00,17:43:00,0:36:00,12:13:00,14,67,1014,0
2014-12-29,13.275,8.795833333333333,243.16666666666663,15.295833333333334,6.316666666666666,51.5,0.5,58.29166666666666,32.875,Thundery outbreaks possible,1.41,12,3,08:28:00,17:44:00,13:11:00,1:22:00,35,79,1007,0
2014-12-30,12.991666666666667,6.7875000000000005,243.16666666666663,13.291666666666666,6.316666666666666,52.333333333333336,0.5,32.916666666666664,20.875,Overcast,3.3,4,3,08:29:00,17:45:00,13:47:00,2:28:00,44,84,1019,0
2014-12-31,12.0125,4.354166666666667,243.16666666666663,9.4625,6.316666666666666,55.708333333333336,0.5,26.45833333333333,22.20833333333333,Overcast,4.29,6,5,08:29:00,17:46:00,14:24:00,3:33:00,56,85,1018,0
2015-01-01,11.9375,7.133333333333333,243.16666666666663,11.458333333333334,6.316666666666666,50.25,0.5,24.5,20.08333333333333,Overcast,0.24,5,4,08:29:00,17:46:00,15:6:00,4:36:00,49,83,1025,0
2015-01-02,17.7,14.758333333333333,243.16666666666663,24.679166666666664,6.316666666666666,42.833333333333336,0.5,39.04166666666666,21.375,Sunny,0.53,4,3,08:29:00,17:47:00,15:51:00,5:37:00,21,76,1028,0
2015-01-03,27.525,23.88333333333333,243.16666666666663,39.41666666666666,6.316666666666666,25.875,0.5,69.91666666666667,46.708333333333336,Sunny,0.04,6,4,08:29:00,17:48:00,16:39:00,6:33:00,15,77,1024,0
2015-01-04,17.479166666666668,14.933333333333332,243.16666666666663,19.808333333333334,6.316666666666666,44.208333333333336,0.5,66.95833333333333,41.333333333333336,Partly cloudy,6.35,9,6,08:29:00,17:49:00,17:32:00,7:25:00,25,75,1014,0
2015-01-05,14.658333333333331,11.758333333333333,243.16666666666663,20.979166666666668,6.316666666666666,35.291666666666664,0.5,50.833333333333336,25.0,Cloudy,0.0,5,4,08:29:00,17:50:00,18:26:00,8:11:00,24,73,1015,0
2015-01-06,11.645833333333334,7.229166666666667,243.16666666666663,13.6625,6.316666666666666,48.54166666666666,0.5,40.833333333333336,20.916666666666668,Overcast,2.1,4,3,08:29:00,17:51:00,19:23:00,8:52:00,48,76,1012,0
2015-01-07,12.054166666666667,7.45,243.16666666666663,10.079166666666667,6.316666666666666,43.54166666666666,0.5,30.125,17.333333333333332,Blizzard,1.29,3,-2,08:29:00,17:52:00,20:19:00,9:30:00,41,78,1028,0
2015-01-08,11.645833333333334,8.458333333333334,243.16666666666663,18.804166666666667,6.316666666666666,49.833333333333336,0.5,32.125,20.625,Cloudy,0.7,-1,-2,08:29:00,17:53:00,21:16:00,10:3:00,23,76,1038,0
2015-01-09,15.6375,12.208333333333334,243.16666666666663,23.758333333333336,6.316666666666666,44.41666666666666,0.5,44.41666666666666,21.791666666666668,Partly cloudy,0.12,4,-1,08:29:00,17:54:00,22:12:00,10:33:00,21,74,1032,0
2015-01-10,15.895833333333334,11.45,243.16666666666663,16.375,6.316666666666666,53.41666666666666,0.5,47.25,22.916666666666668,Partly cloudy,2.26,8,4,08:28:00,17:55:00,23:9:00,11:3:00,31,81,1016,0
2015-01-11,16.8625,12.879166666666668,243.16666666666663,17.604166666666668,6.316666666666666,46.125,0.5,50.958333333333336,25.041666666666668,Sunny,0.0,11,7,08:28:00,17:56:00,,11:31:00,30,78,1015,0
2015-01-12,10.85,7.991666666666667,243.16666666666663,15.520833333333334,6.316666666666666,51.75,0.5,44.625,22.33333333333333,Overcast,14.07,10,5,08:28:00,17:57:00,12:5:00,0:0:00,34,82,1018,0
2015-01-13,15.891666666666666,9.8625,243.16666666666663,18.33333333333333,6.316666666666666,48.125,0.5,34.5,19.541666666666668,Sunny,0.0,8,6,08:28:00,17:58:00,1:2:00,0:30:00,33,73,1026,0
2015-01-14,31.5125,27.71666666666667,243.16666666666663,40.34583333333333,6.316666666666666,32.75,0.5,54.583333333333336,31.0,Sunny,0.0,10,6,08:27:00,17:59:00,2:0:00,13:3:00,10,82,1021,0
2015-01-15,40.73333333333333,35.74583333333333,243.16666666666663,40.5875,6.316666666666666,26.041666666666668,0.5,102.375,68.95833333333333,Sunny,0.0,10,6,08:27:00,18:0:00,3:0:00,13:40:00,12,79,1018,1
2015-01-16,35.85,31.204166666666666,243.16666666666663,37.37083333333333,6.316666666666666,20.125,0.5,90.91666666666669,64.91666666666667,Overcast,0.0,7,5,08:27:00,18:1:00,4:0:00,14:22:00,13,79,1025,1
2015-01-17,61.27916666666667,55.17083333333333,243.16666666666663,46.23333333333333,6.316666666666666,17.791666666666668,0.5,114.125,72.79166666666667,Sunny,0.0,9,4,08:26:00,18:2:00,5:2:00,15:11:00,6,72,1027,1
2015-01-18,42.47083333333333,37.37083333333333,243.16666666666663,40.25,6.316666666666666,25.916666666666668,0.5,136.70833333333334,80.58333333333333,Sunny,0.0,11,6,08:26:00,18:3:00,6:1:00,16:8:00,14,63,1026,1
2015-01-19,30.316666666666663,26.725,243.16666666666663,40.0,6.316666666666666,28.041666666666668,0.5,92.66666666666669,65.625,Sunny,0.0,12,8,08:25:00,18:5:00,6:58:00,17:11:00,17,67,1020,1
2015-01-20,32.141666666666666,27.65416666666667,243.16666666666663,40.92083333333333,6.316666666666666,30.58333333333333,0.5,77.08333333333333,57.958333333333336,Sunny,0.0,14,10,08:24:00,18:6:00,7:51:00,18:20:00,15,74,1018,1
2015-01-21,52.59166666666667,45.97916666666666,243.16666666666663,52.5125,6.316666666666666,15.958333333333334,0.5,104.04166666666669,69.54166666666667,Sunny,0.0,14,10,08:24:00,18:7:00,8:38:00,19:33:00,8,66,1019,1
2015-01-22,47.03333333333333,40.46666666666667,243.16666666666663,49.49166666666667,6.316666666666666,23.45833333333333,0.5,121.625,75.375,Sunny,0.02,14,10,08:23:00,18:8:00,9:21:00,20:46:00,11,70,1020,1
2015-01-23,50.95416666666667,40.05833333333333,243.16666666666663,37.09166666666667,6.316666666666666,36.583333333333336,0.5,109.16666666666669,71.41666666666667,Sunny,0.0,15,9,08:23:00,18:9:00,10:0:00,21:58:00,17,66,1015,1
2015-01-24,44.88333333333333,33.916666666666664,243.16666666666663,34.49166666666667,6.316666666666666,36.708333333333336,0.5,106.625,70.5,Partly cloudy,0.15,13,9,08:22:00,18:10:00,10:36:00,23:10:00,15,73,1009,1
2015-01-25,48.2125,35.125,243.16666666666663,41.7875,6.316666666666666,32.125,0.5,98.25,67.70833333333333,Partly cloudy,0.0,13,9,08:21:00,18:12:00,11:13:00,,16,69,1013,1
2015-01-26,54.083333333333336,41.47083333333333,243.16666666666663,43.1875,6.316666666666666,26.666666666666668,0.5,113.25,72.625,Partly cloudy,0.6,10,7,08:20:00,18:13:00,11:49:00,12:18:00,16,82,1018,1
2015-01-27,35.06666666666667,30.254166666666663,243.16666666666663,34.6375,6.316666666666666,33.458333333333336,0.5,93.83333333333331,65.875,Cloudy,3.11,12,7,08:20:00,18:14:00,0:26:00,1:26:00,15,86,1014,1
2015-01-28,25.1,23.33333333333333,243.16666666666663,32.94583333333333,6.316666666666666,30.625,0.5,85.125,61.875,Overcast,1.42,8,6,08:19:00,18:15:00,13:7:00,2:29:00,14,89,1009,1
2015-01-29,34.295833333333334,30.558333333333334,243.16666666666663,42.325,6.316666666666666,20.666666666666668,0.5,76.16666666666667,54.91666666666666,Cloudy,0.0,10,5,08:18:00,18:17:00,13:50:00,3:31:00,12,84,1010,1
2015-01-30,27.370833333333334,23.229166666666668,243.16666666666663,34.229166666666664,6.316666666666666,37.375,0.5,95.91666666666669,66.58333333333333,Sunny,0.0,13,8,08:17:00,18:18:00,14:37:00,4:28:00,23,72,1004,1
2015-01-31,32.275,14.808333333333332,243.16666666666663,11.2,6.316666666666666,69.54166666666667,0.5,49.0,30.416666666666668,Overcast,1.09,14,11,08:16:00,18:19:00,15:28:00,5:21:00,42,70,997,0
2015-02-01,262.4833333333333,96.15833333333336,243.16666666666663,9.691666666666666,6.316666666666666,60.625,0.5,122.125,86.20833333333333,Sunny,2.25,18,12,08:15:00,18:20:00,16:20:00,6:8:00,42,65,995,1
2015-02-02,144.0375,69.625,243.16666666666663,22.17083333333333,6.316666666666666,48.25,0.5,174.75,148.58333333333334,Overcast,16.56,13,9,08:14:00,18:22:00,17:16:00,6:51:00,19,86,1000,1
2015-02-03,22.1125,15.725,243.16666666666663,28.637500000000003,6.316666666666666,47.91666666666666,0.5,84.33333333333333,50.41666666666666,Sunny,0.2,11,7,08:13:00,18:23:00,18:12:00,7:30:00,22,78,1007,1
2015-02-04,30.67916666666667,26.40833333333333,243.16666666666663,45.10833333333333,6.316666666666666,29.291666666666668,0.5,77.875,55.29166666666666,Sunny,0.19,12,6,08:12:00,18:24:00,19:8:00,8:4:00,16,71,1016,1
2015-02-05,39.15,29.320833333333336,243.16666666666663,38.15,6.316666666666666,43.54166666666666,0.5,69.08333333333333,45.0,Sunny,0.33,14,10,08:11:00,18:25:00,20:4:00,8:36:00,15,68,1016,0
2015-02-06,58.3125,47.5125,243.16666666666663,46.66666666666666,6.316666666666666,18.5,0.5,121.25,75.16666666666667,Sunny,1.41,15,7,08:10:00,18:27:00,21:1:00,9:6:00,14,69,1010,1
2015-02-07,24.5375,17.483333333333334,243.16666666666663,20.1875,6.316666666666666,47.083333333333336,0.5,97.70833333333331,64.20833333333333,Overcast,0.04,10,5,08:09:00,18:28:00,21:57:00,9:35:00,27,82,1015,1
2015-02-08,33.645833333333336,28.8875,243.16666666666663,35.24583333333333,6.316666666666666,31.5,0.5,59.5,34.0,Partly cloudy,8.4,7,4,08:08:00,18:29:00,22:53:00,10:3:00,13,83,1007,0
2015-02-09,19.216666666666665,15.65,243.16666666666663,21.258333333333333,6.316666666666666,48.208333333333336,0.5,84.58333333333333,60.54166666666666,Overcast,0.73,5,3,08:07:00,18:30:00,23:50:00,10:32:00,27,79,1008,1
2015-02-10,14.7125,7.254166666666666,243.16666666666663,9.883333333333333,6.316666666666666,62.0,0.5,42.0,25.291666666666668,Overcast,0.0,3,2,08:05:00,18:32:00,,11:4:00,51,76,1009,0
2015-02-11,17.779166666666665,9.325,243.16666666666663,11.0625,6.316666666666666,58.375,0.5,34.0,23.416666666666668,Overcast,0.65,3,2,08:04:00,18:33:00,12:48:00,11:38:00,47,79,1015,0
2015-02-12,16.491666666666667,10.383333333333333,243.16666666666663,14.920833333333334,6.316666666666666,51.41666666666666,0.5,40.125,21.166666666666668,Overcast,3.31,4,2,08:03:00,18:34:00,1:47:00,0:16:00,38,89,1022,0
2015-02-13,23.47083333333333,17.908333333333335,243.16666666666663,25.633333333333336,6.316666666666666,52.458333333333336,0.5,51.875,26.625,Overcast,1.08,6,4,08:02:00,18:35:00,2:45:00,13:1:00,23,87,1023,0
2015-02-14,20.98333333333333,17.266666666666666,243.16666666666663,26.9,6.316666666666666,48.875,0.5,65.04166666666667,38.04166666666666,Overcast,0.29,8,5,08:01:00,18:36:00,3:44:00,13:52:00,18,88,1020,0
2015-02-15,20.591666666666665,16.9375,243.16666666666663,24.4625,6.316666666666666,47.583333333333336,0.5,60.5,34.041666666666664,Overcast,0.0,9,6,07:59:00,18:38:00,4:41:00,14:50:00,23,87,1019,0
2015-02-16,18.58333333333333,13.829166666666666,243.16666666666663,17.041666666666668,6.316666666666666,58.66666666666666,0.5,56.91666666666666,30.58333333333333,Overcast,1.14,7,4,07:58:00,18:39:00,5:35:00,15:55:00,28,83,1023,0
2015-02-17,14.1625,8.020833333333334,243.16666666666663,13.025,6.316666666666666,48.083333333333336,0.5,47.125,23.541666666666668,Overcast,1.8,3,0,07:57:00,18:40:00,6:24:00,17:5:00,31,73,1028,0
2015-02-18,8.879166666666666,6.204166666666667,243.16666666666663,12.791666666666666,6.316666666666666,51.708333333333336,0.5,27.08333333333333,20.70833333333333,Overcast,3.79,1,0,07:55:00,18:41:00,7:10:00,18:18:00,36,77,1029,0
2015-02-19,18.2375,12.333333333333334,243.16666666666663,16.3,6.316666666666666,55.16666666666666,0.5,33.541666666666664,22.5,Cloudy,1.62,4,1,07:54:00,18:43:00,7:52:00,19:33:00,33,75,1025,0
2015-02-20,22.575,19.2,243.16666666666663,25.933333333333334,6.316666666666666,38.875,0.5,62.04166666666666,35.416666666666664,Overcast,1.28,5,3,07:53:00,18:44:00,8:30:00,20:47:00,19,87,1022,0
2015-02-21,23.52916666666667,19.5125,243.16666666666663,28.79583333333333,6.316666666666666,53.833333333333336,0.5,62.79166666666666,35.958333333333336,Sunny,0.02,7,3,07:51:00,18:45:00,9:9:00,21:59:00,15,74,1020,0
2015-02-22,35.325,31.120833333333334,243.16666666666663,50.40833333333333,6.316666666666666,41.375,0.5,79.70833333333333,57.79166666666666,Sunny,0.0,10,4,07:50:00,18:46:00,9:46:00,23:10:00,13,61,1017,1
2015-02-23,25.245833333333334,22.85833333333333,243.16666666666663,38.59166666666667,6.316666666666666,46.958333333333336,0.5,82.95833333333333,61.833333333333336,Overcast,0.0,9,8,07:48:00,18:47:00,10:25:00,,16,79,1014,1
2015-02-24,34.25833333333333,30.129166666666663,243.16666666666663,47.80833333333334,6.316666666666666,36.91666666666666,0.5,67.54166666666667,42.833333333333336,Cloudy,0.0,12,8,07:47:00,18:49:00,11:6:00,12:18:00,12,83,1008,0
2015-02-25,52.17083333333333,46.71666666666667,243.16666666666663,55.69166666666666,6.316666666666666,21.70833333333333,0.5,130.29166666666666,78.04166666666667,Partly cloudy,0.0,13,9,07:45:00,18:50:00,11:49:00,1:22:00,9,78,1010,1
2015-02-26,32.083333333333336,26.79583333333333,243.16666666666663,44.708333333333336,6.316666666666666,32.416666666666664,0.5,90.5,64.58333333333333,Sunny,0.0,14,10,07:44:00,18:51:00,0:35:00,2:22:00,13,70,1019,1
2015-02-27,38.3,34.5875,243.16666666666663,48.17916666666667,6.316666666666666,28.70833333333333,0.5,95.79166666666669,66.83333333333333,Partly cloudy,0.0,15,10,07:43:00,18:52:00,13:25:00,3:17:00,16,68,1013,1
2015-02-28,34.75416666666667,27.48333333333333,243.16666666666663,37.5625,6.316666666666666,32.166666666666664,0.5,90.29166666666669,64.66666666666667,Partly cloudy,0.8,11,8,07:41:00,18:53:00,14:17:00,4:6:00,11,87,1012,1
2015-03-01,31.308333333333334,23.954166666666666,243.16666666666663,27.3125,6.316666666666666,38.5,0.5,78.41666666666667,58.29166666666666,Overcast,0.18,9,7,07:39:00,18:55:00,15:11:00,4:50:00,13,81,1018,1
2015-03-02,52.73333333333333,46.65416666666667,243.16666666666663,38.69583333333333,6.316666666666666,31.5,0.5,94.75,65.54166666666667,Sunny,0.0,11,6,07:38:00,18:56:00,16:6:00,5:30:00,10,80,1017,1
2015-03-03,29.1875,25.425,243.16666666666663,32.5125,6.316666666666666,43.0,0.5,111.95833333333331,72.0,Overcast,5.15,10,7,07:36:00,18:57:00,17:2:00,6:5:00,16,88,1016,1
2015-03-04,29.0375,26.008333333333336,243.16666666666663,35.05833333333333,6.316666666666666,26.70833333333333,0.5,76.79166666666667,57.625,Sunny,0.0,9,6,07:35:00,18:58:00,17:58:00,6:38:00,14,63,1027,1
2015-03-05,29.75,26.5,243.16666666666663,41.19583333333333,6.316666666666666,44.16666666666666,0.5,79.95833333333333,60.04166666666666,Overcast,0.0,13,5,07:33:00,18:59:00,18:54:00,7:9:00,17,59,1022,1
2015-03-06,42.40833333333333,36.81666666666667,243.16666666666663,50.9,6.316666666666666,30.75,0.5,90.375,64.75,Partly cloudy,0.0,15,9,07:32:00,19:0:00,19:51:00,7:38:00,13,62,1019,1
2015-03-07,24.84166666666667,16.079166666666666,243.16666666666663,16.533333333333335,6.316666666666666,67.5,0.5,83.875,58.54166666666666,Overcast,0.14,9,7,07:30:00,19:1:00,20:47:00,8:6:00,43,83,1021,1
2015-03-08,26.4,14.333333333333334,243.16666666666663,11.870833333333332,6.316666666666666,80.29166666666667,0.5,55.583333333333336,32.166666666666664,Overcast,0.07,8,7,07:28:00,19:3:00,21:44:00,8:35:00,42,79,1024,0
2015-03-09,29.566666666666663,18.104166666666668,243.16666666666663,16.783333333333335,6.316666666666666,74.33333333333333,0.5,57.833333333333336,32.958333333333336,Cloudy,0.12,9,7,07:27:00,19:4:00,22:41:00,9:6:00,28,82,1023,0
2015-03-10,38.25416666666667,27.4375,243.16666666666663,38.30833333333333,6.316666666666666,45.91666666666666,0.5,71.54166666666667,48.16666666666666,Overcast,1.88,10,7,07:25:00,19:5:00,23:39:00,9:40:00,19,77,1017,0
2015-03-11,37.7375,33.45,243.16666666666663,43.92083333333333,6.316666666666666,37.458333333333336,0.5,85.04166666666667,62.66666666666666,Patchy rain possible,0.78,10,7,07:24:00,19:6:00,,10:16:00,17,78,1014,1
2015-03-12,35.145833333333336,31.8,243.16666666666663,33.454166666666666,6.316666666666666,48.5,0.5,104.875,69.91666666666667,Partly cloudy,1.5,11,7,07:22:00,19:7:00,12:36:00,10:57:00,16,77,1013,1
2015-03-13,43.79583333333333,40.1875,243.16666666666663,41.1375,6.316666666666666,41.083333333333336,0.5,95.29166666666669,66.58333333333333,Cloudy,1.75,11,8,07:20:00,19:8:00,1:34:00,11:44:00,19,78,1014,1
2015-03-14,26.4625,22.45833333333333,243.16666666666663,23.5875,6.316666666666666,63.41666666666666,0.5,97.125,66.58333333333333,Patchy rain possible,1.81,10,7,07:19:00,19:9:00,2:29:00,0:37:00,16,77,1015,1
2015-03-15,30.566666666666663,24.09166666666667,243.16666666666663,30.70833333333333,6.316666666666666,50.125,0.5,68.0,42.333333333333336,Cloudy,0.76,10,7,07:17:00,19:10:00,3:23:00,13:37:00,16,73,1016,0
2015-03-16,49.73333333333333,37.09166666666667,243.16666666666663,19.7875,6.316666666666666,46.25,0.5,97.0,66.91666666666667,Cloudy,0.76,10,7,07:15:00,19:12:00,4:12:00,14:42:00,15,74,1019,1
2015-03-17,32.083333333333336,24.42083333333333,243.16666666666663,20.04583333333333,6.316666666666666,59.54166666666666,0.5,93.25,65.875,Patchy rain possible,0.83,10,7,07:14:00,19:13:00,4:58:00,15:52:00,15,72,1019,1
2015-03-18,18.625,14.108333333333334,243.16666666666663,19.883333333333333,6.316666666666666,56.25,0.5,56.875,31.875,Partly cloudy,0.69,11,7,07:12:00,19:14:00,5:41:00,17:4:00,13,69,1017,0
2015-03-19,22.241666666666664,19.266666666666666,243.16666666666663,27.691666666666663,6.316666666666666,51.333333333333336,0.5,63.333333333333336,36.583333333333336,Patchy rain possible,0.98,9,4,07:10:00,19:15:00,6:21:00,18:18:00,15,66,1019,0
2015-03-20,17.070833333333333,14.704166666666666,243.16666666666663,22.35,6.316666666666666,56.958333333333336,0.5,59.375,32.833333333333336,Overcast,0.14,7,4,07:09:00,19:16:00,7:0:00,19:32:00,18,68,1019,0
2015-03-21,23.4875,19.47083333333333,243.16666666666663,26.879166666666663,6.316666666666666,47.04166666666666,0.5,54.083333333333336,27.916666666666668,Overcast,2.84,9,6,07:07:00,19:17:00,7:38:00,20:45:00,25,77,1019,0
2015-03-22,34.025,29.97083333333333,243.16666666666663,30.633333333333336,6.316666666666666,51.375,0.5,80.41666666666667,57.54166666666666,Sunny,0.0,11,6,07:05:00,19:18:00,8:17:00,21:57:00,14,65,1020,1
2015-03-23,46.41666666666666,40.3875,243.16666666666663,45.92916666666667,6.316666666666666,35.083333333333336,0.5,106.20833333333331,70.41666666666667,Partly cloudy,0.63,12,7,07:04:00,19:19:00,8:58:00,23:5:00,12,74,1019,1
2015-03-24,24.79583333333333,20.2375,243.16666666666663,22.7,6.316666666666666,60.833333333333336,0.5,85.54166666666667,60.29166666666666,Sunny,0.0,11,5,07:02:00,19:20:00,9:42:00,,17,77,1022,1
2015-03-25,37.92083333333333,34.075,243.16666666666663,39.1875,6.316666666666666,45.54166666666666,0.5,79.16666666666667,55.66666666666666,Sunny,0.0,14,6,07:00:00,19:21:00,10:29:00,12:9:00,12,66,1020,1
2015-03-26,59.2,53.29583333333333,243.16666666666663,70.9875,6.316666666666666,24.416666666666668,0.5,125.5,76.45833333333333,Sunny,0.02,17,10,06:58:00,19:22:00,11:19:00,1:8:00,5,62,1017,1
2015-03-27,82.14999999999999,63.59166666666667,243.16666666666663,56.025,6.316666666666666,29.666666666666668,0.5,140.0,81.54166666666667,Partly cloudy,0.39,18,12,06:57:00,19:24:00,0:11:00,2:1:00,8,76,1008,1
2015-03-28,43.35833333333333,37.8625,243.16666666666663,42.95,6.316666666666666,37.54166666666666,0.5,148.25,88.95833333333333,Partly cloudy,0.0,14,12,06:55:00,19:25:00,13:5:00,2:47:00,11,83,1004,1
2015-03-29,49.1,42.57083333333333,243.16666666666663,44.49166666666667,6.316666666666666,36.75,0.5,102.25,68.875,Cloudy,0.26,13,10,06:53:00,19:26:00,14:1:00,3:29:00,12,87,1008,1
2015-03-30,43.0375,37.833333333333336,243.16666666666663,36.475,6.316666666666666,44.708333333333336,0.5,111.0,71.95833333333333,Partly cloudy,0.46,14,10,06:52:00,19:27:00,14:56:00,4:6:00,11,82,1009,1
2015-03-31,33.237500000000004,28.879166666666663,243.16666666666663,40.59166666666667,6.316666666666666,42.29166666666666,0.5,97.0,67.04166666666667,Overcast,1.1,13,10,06:50:00,19:28:00,15:52:00,4:40:00,11,85,1009,1
2015-04-01,26.4375,23.6125,243.16666666666663,28.22083333333333,6.316666666666666,61.625,0.5,77.625,57.16666666666666,Sunny,2.87,17,11,06:48:00,19:29:00,16:48:00,5:11:00,17,75,1008,1
2015-04-02,15.666666666666666,13.120833333333332,243.16666666666663,21.204166666666666,6.316666666666666,62.25,0.5,65.29166666666667,39.625,Sunny,2.7,12,7,06:47:00,19:30:00,17:44:00,5:40:00,20,62,1014,0
2015-04-03,19.254166666666663,16.545833333333334,243.16666666666663,27.2625,6.316666666666666,60.708333333333336,0.5,57.708333333333336,31.20833333333333,Sunny,0.46,13,7,06:45:00,19:31:00,18:40:00,6:9:00,19,55,1012,0
2015-04-04,17.904166666666665,15.120833333333332,243.16666666666663,23.1125,6.316666666666666,59.25,0.5,56.875,30.70833333333333,Sunny,0.0,10,5,06:43:00,19:32:00,19:38:00,6:38:00,14,51,1017,0
2015-04-05,41.7625,37.00416666666667,243.16666666666663,50.9,6.316666666666666,43.333333333333336,0.5,76.83333333333333,52.208333333333336,Cloudy,0.0,12,8,06:42:00,19:33:00,20:35:00,7:9:00,8,49,1015,1
2015-04-06,29.695833333333336,25.575,243.16666666666663,32.18333333333333,6.316666666666666,52.04166666666666,0.5,101.20833333333331,68.5,Partly cloudy,7.79,16,10,06:40:00,19:34:00,21:33:00,7:41:00,14,72,1008,1
2015-04-07,14.125,11.766666666666666,243.16666666666663,21.92083333333333,6.316666666666666,57.0,0.5,58.16666666666666,32.708333333333336,Overcast,7.81,9,6,06:38:00,19:35:00,22:31:00,8:16:00,17,79,1011,0
2015-04-08,15.920833333333334,12.675,243.16666666666663,17.483333333333334,6.316666666666666,61.708333333333336,0.5,49.708333333333336,26.45833333333333,Sunny,0.05,10,6,06:37:00,19:36:00,23:29:00,8:56:00,24,66,1017,0
2015-04-09,17.258333333333333,12.529166666666669,243.16666666666663,11.258333333333333,6.316666666666666,78.33333333333333,0.5,53.208333333333336,31.83333333333333,Overcast,0.03,9,7,06:35:00,19:37:00,,9:41:00,42,75,1015,0
2015-04-10,14.408333333333331,9.208333333333334,243.16666666666663,16.279166666666665,6.316666666666666,71.66666666666667,0.5,41.25,28.791666666666668,Sunny,0.01,11,6,06:34:00,19:38:00,12:24:00,10:31:00,29,58,1025,0
2015-04-11,30.98333333333333,25.308333333333334,243.16666666666663,40.05833333333333,6.316666666666666,45.708333333333336,0.5,60.25,36.208333333333336,Sunny,0.0,13,5,06:32:00,19:39:00,1:18:00,11:28:00,9,58,1024,0
2015-04-12,50.025,41.708333333333336,243.16666666666663,57.23333333333333,6.316666666666666,32.333333333333336,0.5,92.41666666666669,65.41666666666667,Sunny,0.0,15,7,06:30:00,19:41:00,2:7:00,0:29:00,4,59,1023,1
2015-04-13,49.2,43.60416666666666,243.16666666666663,58.01666666666667,6.316666666666666,40.66666666666666,0.5,122.0,75.45833333333333,Sunny,0.19,17,11,06:29:00,19:42:00,2:53:00,13:35:00,13,67,1013,1
2015-04-14,39.8,34.545833333333334,243.16666666666663,39.45,6.316666666666666,50.333333333333336,0.5,114.5,73.04166666666667,Partly cloudy,0.5,15,11,06:27:00,19:43:00,3:35:00,14:43:00,13,73,1012,1
2015-04-15,30.308333333333334,26.09166666666667,243.16666666666663,44.47916666666666,6.316666666666666,50.583333333333336,0.5,83.29166666666667,62.083333333333336,Partly cloudy,0.6,16,11,06:26:00,19:44:00,4:14:00,15:54:00,16,70,1012,1
2015-04-16,48.4625,41.71666666666667,243.16666666666663,54.22916666666666,6.316666666666666,37.458333333333336,0.5,101.33333333333331,68.45833333333333,Sunny,0.0,17,10,06:24:00,19:45:00,4:53:00,17:6:00,11,59,1021,1
2015-04-17,26.59583333333333,22.9375,243.16666666666663,23.73333333333333,6.316666666666666,73.41666666666667,0.5,92.125,64.625,Sunny,0.0,19,12,06:23:00,19:46:00,5:30:00,18:19:00,22,62,1017,1
2015-04-18,33.020833333333336,23.554166666666664,243.16666666666663,16.6875,6.316666666666666,86.20833333333333,0.5,71.08333333333333,47.54166666666666,Sunny,0.0,20,14,06:21:00,19:47:00,6:8:00,19:32:00,26,63,1012,0
2015-04-19,21.1625,14.9,243.16666666666663,17.516666666666666,6.316666666666666,68.45833333333333,0.5,73.16666666666667,51.75,Light rain,1.53,13,8,06:20:00,19:48:00,6:48:00,20:42:00,24,83,1016,1
2015-04-20,19.616666666666667,16.962500000000002,243.16666666666663,26.266666666666666,6.316666666666666,69.625,0.5,50.75,28.916666666666668,Sunny,0.0,12,7,06:18:00,19:49:00,7:31:00,21:50:00,12,57,1014,0
2015-04-21,18.091666666666665,14.75,243.16666666666663,20.75,6.316666666666666,66.125,0.5,60.708333333333336,34.125,Partly cloudy,3.04,11,7,06:17:00,19:50:00,8:17:00,22:53:00,20,68,1015,0
2015-04-22,20.4625,16.504166666666666,243.16666666666663,26.254166666666663,6.316666666666666,59.458333333333336,0.5,59.91666666666666,33.166666666666664,Heavy rain,17.11,9,7,06:15:00,19:51:00,9:7:00,23:50:00,16,73,1018,0
2015-04-23,17.191666666666666,14.983333333333334,243.16666666666663,26.754166666666663,6.316666666666666,67.95833333333333,0.5,51.91666666666666,30.416666666666668,Partly cloudy,0.62,11,6,06:14:00,19:52:00,10:0:00,,10,60,1023,0
2015-04-24,24.995833333333334,22.683333333333334,243.16666666666663,34.77916666666667,6.316666666666666,61.583333333333336,0.5,66.625,41.458333333333336,Sunny,0.0,15,8,06:12:00,19:53:00,10:55:00,12:41:00,11,56,1021,0
2015-04-25,48.63333333333333,43.74583333333334,243.16666666666663,48.65416666666667,6.316666666666666,42.583333333333336,0.5,96.54166666666669,66.125,Cloudy,0.12,17,11,06:11:00,19:54:00,11:51:00,1:26:00,10,60,1019,1
2015-04-26,41.27916666666667,34.97083333333333,243.16666666666663,40.333333333333336,6.316666666666666,59.91666666666666,0.5,106.625,70.5,Sunny,0.39,17,12,06:09:00,19:55:00,0:48:00,2:5:00,10,72,1016,1
2015-04-27,43.72916666666666,36.25,243.16666666666663,45.55833333333334,6.316666666666666,44.79166666666666,0.5,99.33333333333331,68.125,Sunny,0.0,19,13,06:08:00,19:56:00,13:44:00,2:40:00,10,64,1014,1
2015-04-28,63.88333333333333,55.52916666666667,243.16666666666663,54.708333333333336,6.316666666666666,36.375,0.5,131.25,78.41666666666667,Partly cloudy,0.76,17,11,06:07:00,19:57:00,14:40:00,3:12:00,12,71,1015,1
2015-04-29,53.475,31.8375,243.16666666666663,29.90416666666667,6.316666666666666,57.083333333333336,0.5,119.04166666666669,74.45833333333333,Sunny,4.77,20,14,06:05:00,19:58:00,15:36:00,3:43:00,12,69,1011,1
2015-04-30,30.7125,27.258333333333336,243.16666666666663,30.8625,6.316666666666666,34.833333333333336,0.5,87.33333333333333,63.66666666666666,Partly cloudy,4.19,16,12,06:04:00,19:59:00,16:32:00,4:11:00,16,80,1017,1
2015-05-01,51.2875,42.2,243.16666666666663,45.27916666666667,6.316666666666666,41.91666666666666,0.5,89.625,64.5,Partly cloudy,0.0,17,12,06:03:00,20:0:00,17:29:00,4:40:00,7,82,1015,1
2015-05-02,54.475,46.51666666666667,243.16666666666663,52.11666666666667,6.316666666666666,30.791666666666668,0.5,135.04166666666666,79.58333333333333,Partly cloudy,1.2,20,13,06:02:00,20:1:00,18:26:00,5:10:00,10,64,1013,1
2015-05-03,33.354166666666664,28.791666666666668,243.16666666666663,40.32083333333333,6.316666666666666,40.5,0.5,103.875,69.375,Partly cloudy,4.93,18,14,06:00:00,20:2:00,19:25:00,5:42:00,11,80,1013,1
2015-05-04,34.612500000000004,31.141666666666666,243.16666666666663,43.2875,6.316666666666666,41.708333333333336,0.5,90.54166666666669,64.75,Sunny,0.0,21,14,05:59:00,20:4:00,20:24:00,6:16:00,10,67,1017,1
2015-05-05,29.291666666666668,26.125,243.16666666666663,40.24166666666667,6.316666666666666,50.958333333333336,0.5,81.33333333333333,61.333333333333336,Sunny,0.0,22,15,05:58:00,20:5:00,21:23:00,6:55:00,7,54,1015,1
2015-05-06,30.17083333333333,25.825,243.16666666666663,38.09583333333333,6.316666666666666,47.5,0.5,83.375,62.04166666666666,Sunny,0.0,23,16,05:57:00,20:6:00,22:20:00,7:39:00,12,59,1014,1
2015-05-07,40.91666666666666,34.208333333333336,243.16666666666663,53.29583333333333,6.316666666666666,39.0,0.5,79.83333333333333,59.79166666666666,Sunny,4.16,24,17,05:56:00,20:7:00,23:15:00,8:27:00,8,66,1012,1
2015-05-08,27.98333333333333,23.695833333333336,243.16666666666663,33.4125,6.316666666666666,55.16666666666666,0.5,97.58333333333331,67.41666666666667,Partly cloudy,10.09,17,14,05:54:00,20:8:00,,9:23:00,17,87,1015,1
2015-05-09,18.879166666666663,15.916666666666666,243.16666666666663,20.5625,6.316666666666666,70.58333333333333,0.5,63.833333333333336,38.583333333333336,Sunny,0.0,20,13,05:53:00,20:9:00,12:6:00,10:22:00,22,68,1015,0
2015-05-10,13.808333333333332,11.666666666666666,243.16666666666663,17.9125,6.316666666666666,73.75,0.5,52.5,30.58333333333333,Sunny,0.0,19,13,05:52:00,20:10:00,12:52:00,11:26:00,25,62,1015,0
2015-05-11,18.525,15.5125,243.16666666666663,19.6375,6.316666666666666,68.29166666666667,0.5,54.5,29.33333333333333,Sunny,0.0,20,13,05:51:00,20:11:00,1:35:00,0:32:00,25,62,1016,0
2015-05-12,18.1,15.154166666666669,243.16666666666663,19.841666666666665,6.316666666666666,72.125,0.5,54.958333333333336,31.25,Sunny,0.0,20,14,05:50:00,20:12:00,2:14:00,13:41:00,27,65,1019,0
2015-05-13,25.491666666666664,22.429166666666664,243.16666666666663,36.0,6.316666666666666,63.16666666666666,0.5,64.75,39.208333333333336,Sunny,0.0,21,14,05:49:00,20:13:00,2:51:00,14:49:00,13,62,1018,0
2015-05-14,38.03333333333333,33.2,243.16666666666663,48.4875,6.316666666666666,51.333333333333336,0.5,84.875,60.875,Sunny,0.0,21,14,05:48:00,20:14:00,3:27:00,16:0:00,8,52,1013,1
2015-05-15,26.762500000000003,23.78333333333333,243.16666666666663,38.9,6.316666666666666,61.833333333333336,0.5,79.79166666666667,56.0,Sunny,0.0,23,17,05:47:00,20:15:00,4:4:00,17:10:00,14,55,1014,1
2015-05-16,31.766666666666666,22.8625,243.16666666666663,33.0125,6.316666666666666,65.91666666666667,0.5,76.08333333333333,57.04166666666666,Sunny,1.29,24,18,05:46:00,20:16:00,4:41:00,18:20:00,14,64,1018,1
2015-05-17,50.85833333333333,33.920833333333334,243.16666666666663,44.25416666666666,6.316666666666666,44.54166666666666,0.5,87.45833333333333,62.875,Sunny,0.09,23,18,05:45:00,20:17:00,5:22:00,19:29:00,10,66,1018,1
2015-05-18,39.704166666666666,29.304166666666664,243.16666666666663,22.804166666666664,6.316666666666666,66.16666666666667,0.5,93.375,65.91666666666667,Sunny,0.16,25,17,05:44:00,20:17:00,6:6:00,20:35:00,21,64,1015,1
2015-05-19,36.079166666666666,27.09583333333333,243.16666666666663,23.0875,6.316666666666666,62.833333333333336,0.5,80.0,60.458333333333336,Sunny,0.86,25,17,05:43:00,20:18:00,6:54:00,21:36:00,22,68,1010,1
2015-05-20,44.69166666666666,31.7625,243.16666666666663,28.9875,6.316666666666666,63.04166666666666,0.5,88.04166666666667,63.958333333333336,Sunny,3.24,22,16,05:43:00,20:19:00,7:46:00,22:30:00,13,80,1008,1
2015-05-21,34.69583333333333,24.291666666666668,243.16666666666663,31.666666666666668,6.316666666666666,61.79166666666666,0.5,83.83333333333333,61.41666666666666,Cloudy,0.29,20,16,05:42:00,20:20:00,8:41:00,23:19:00,14,81,1012,1
2015-05-22,43.97083333333333,32.74166666666667,243.16666666666663,36.59166666666667,6.316666666666666,51.91666666666666,0.5,85.70833333333333,62.5,Sunny,0.03,22,15,05:41:00,20:21:00,9:38:00,,9,76,1014,1
2015-05-23,37.925,30.77916666666667,243.16666666666663,43.49583333333334,6.316666666666666,52.5,0.5,92.375,65.58333333333333,Sunny,0.0,25,14,05:40:00,20:22:00,10:35:00,12:2:00,8,70,1011,1
2015-05-24,35.675000000000004,30.6,243.16666666666663,32.40416666666667,6.316666666666666,55.0,0.5,90.29166666666669,64.66666666666667,Sunny,0.75,26,18,05:39:00,20:23:00,11:33:00,12:39:00,13,60,1008,1
2015-05-25,51.1125,41.5875,243.16666666666663,48.69583333333333,6.316666666666666,50.875,0.5,96.54166666666669,66.95833333333333,Sunny,0.2,25,18,05:39:00,20:24:00,0:30:00,1:13:00,8,67,1009,1
2015-05-26,31.166666666666668,23.825,243.16666666666663,35.65416666666667,6.316666666666666,72.875,0.5,99.33333333333331,67.75,Sunny,0.03,24,19,05:38:00,20:25:00,13:26:00,1:44:00,13,62,1008,1
2015-05-27,45.80416666666667,39.30833333333333,243.16666666666663,48.52916666666667,6.316666666666666,48.375,0.5,88.66666666666667,63.66666666666666,Partly cloudy,0.94,21,17,05:37:00,20:26:00,14:22:00,2:13:00,5,66,1005,1
2015-05-28,25.870833333333334,21.175,243.16666666666663,24.704166666666666,6.316666666666666,54.79166666666666,0.5,98.5,67.375,Overcast,0.0,18,17,05:37:00,20:26:00,15:19:00,2:42:00,20,76,1009,1
2015-05-29,15.354166666666666,11.466666666666669,243.16666666666663,20.4125,6.316666666666666,62.125,0.5,53.625,30.75,Partly cloudy,0.0,19,16,05:36:00,20:27:00,16:16:00,3:11:00,21,63,1012,0
2015-05-30,21.929166666666664,18.666666666666668,243.16666666666663,31.1875,6.316666666666666,52.0,0.5,55.91666666666666,29.625,Partly cloudy,0.0,21,15,05:36:00,20:28:00,17:14:00,3:42:00,13,63,1015,0
2015-05-31,42.11666666666667,34.475,243.16666666666663,46.15,6.316666666666666,51.25,0.5,83.95833333333333,57.25,Sunny,0.0,22,14,05:35:00,20:29:00,18:13:00,4:15:00,7,59,1017,1
2015-06-01,16.770833333333332,14.508333333333333,243.16666666666663,20.2375,6.316666666666666,72.20833333333333,0.5,75.33333333333333,50.16666666666666,Sunny,0.0,22,16,05:35:00,20:30:00,19:13:00,4:52:00,24,69,1018,1
2015-06-02,17.733333333333334,12.216666666666669,243.16666666666663,17.241666666666667,6.316666666666666,80.45833333333333,0.5,52.333333333333336,32.458333333333336,Sunny,0.0,23,17,05:34:00,20:30:00,20:12:00,5:34:00,26,75,1017,0
2015-06-03,18.808333333333334,13.55,243.16666666666663,19.829166666666666,6.316666666666666,80.79166666666667,0.5,50.04166666666666,32.416666666666664,Partly cloudy,0.0,22,17,05:34:00,20:31:00,21:9:00,6:21:00,23,74,1017,0
2015-06-04,25.17083333333333,21.2125,243.16666666666663,29.7875,6.316666666666666,70.5,0.5,60.66666666666666,35.0,Sunny,0.0,25,17,05:34:00,20:32:00,22:2:00,7:15:00,15,67,1016,0
2015-06-05,24.116666666666664,20.704166666666666,243.16666666666663,26.258333333333336,6.316666666666666,66.75,0.5,71.29166666666667,48.083333333333336,Partly cloudy,7.19,25,18,05:33:00,20:32:00,22:51:00,8:14:00,21,71,1015,0
2015-06-06,16.083333333333332,12.179166666666667,243.16666666666663,15.008333333333333,6.316666666666666,79.04166666666667,0.5,58.25,35.5,Partly cloudy,0.07,23,19,05:33:00,20:33:00,23:36:00,9:18:00,26,76,1017,0
2015-06-07,18.554166666666667,10.325,243.16666666666663,13.8125,6.316666666666666,81.125,0.5,48.625,32.416666666666664,Partly cloudy,0.02,23,19,05:33:00,20:34:00,,10:24:00,30,73,1019,0
2015-06-08,22.070833333333336,12.366666666666667,243.16666666666663,24.754166666666663,6.316666666666666,68.08333333333333,0.5,46.66666666666666,28.08333333333333,Partly cloudy,0.59,21,17,05:32:00,20:34:00,12:16:00,11:32:00,19,80,1015,0
2015-06-09,34.69583333333333,27.21666666666667,243.16666666666663,40.71666666666667,6.316666666666666,51.375,0.5,63.958333333333336,39.125,Sunny,0.02,22,16,05:32:00,20:35:00,12:54:00,0:40:00,5,72,1012,0
2015-06-10,37.44583333333333,31.016666666666666,243.16666666666663,45.46666666666667,6.316666666666666,43.0,0.5,87.875,63.875,Sunny,2.9,23,17,05:32:00,20:35:00,1:30:00,13:49:00,6,68,1012,1
2015-06-11,27.375,22.04583333333333,243.16666666666663,35.4375,6.316666666666666,53.75,0.5,82.0,60.125,Sunny,0.0,23,18,05:32:00,20:36:00,2:5:00,14:58:00,11,71,1013,1
2015-06-12,28.495833333333334,21.275,243.16666666666663,28.729166666666668,6.316666666666666,58.66666666666666,0.5,72.20833333333333,49.75,Sunny,0.01,25,18,05:32:00,20:36:00,2:40:00,16:6:00,14,75,1016,0
2015-06-13,19.20833333333333,16.466666666666665,243.16666666666663,23.1625,6.316666666666666,70.375,0.5,63.75,37.375,Sunny,0.01,26,19,05:32:00,20:37:00,3:19:00,17:14:00,18,64,1016,0
2015-06-14,33.583333333333336,28.541666666666668,243.16666666666663,41.17083333333333,6.316666666666666,59.958333333333336,0.5,66.0,41.54166666666666,Sunny,0.0,26,19,05:32:00,20:37:00,4:0:00,18:19:00,5,61,1014,0
2015-06-15,42.30416666666667,35.02916666666667,243.16666666666663,53.76666666666667,6.316666666666666,46.16666666666666,0.5,98.08333333333331,67.5,Sunny,2.25,25,21,05:32:00,20:38:00,4:45:00,19:22:00,7,62,1012,1
2015-06-16,35.25833333333333,30.204166666666666,243.16666666666663,36.48333333333333,6.316666666666666,62.708333333333336,0.5,92.95833333333331,65.70833333333333,Sunny,0.95,28,22,05:32:00,20:38:00,5:35:00,20:19:00,13,63,1009,1
2015-06-17,34.0875,29.229166666666668,243.16666666666663,34.28333333333333,6.316666666666666,55.083333333333336,0.5,89.29166666666667,64.41666666666667,Patchy rain possible,2.23,25,21,05:32:00,20:39:00,6:28:00,21:11:00,13,70,1009,1
2015-06-18,16.466666666666665,12.804166666666667,243.16666666666663,16.708333333333332,6.316666666666666,70.16666666666667,0.5,70.45833333333333,47.458333333333336,Thundery outbreaks possible,0.04,25,20,05:32:00,20:39:00,7:25:00,21:57:00,20,78,1006,0
2015-06-19,13.3125,9.620833333333334,243.16666666666663,14.145833333333334,6.316666666666666,79.16666666666667,0.5,39.375,31.625,Partly cloudy,1.2,23,19,05:32:00,20:39:00,8:22:00,22:37:00,23,73,1007,0
2015-06-20,33.7625,27.991666666666664,243.16666666666663,39.1125,6.316666666666666,68.75,0.5,62.458333333333336,40.79166666666666,Sunny,0.0,24,18,05:32:00,20:39:00,9:20:00,23:13:00,8,60,1010,0
2015-06-21,34.12916666666667,28.700000000000003,243.16666666666663,43.80833333333334,6.316666666666666,56.958333333333336,0.5,94.16666666666669,66.20833333333333,Sunny,0.0,26,19,05:32:00,20:40:00,10:18:00,23:45:00,12,57,1010,1
2015-06-22,16.349999999999998,12.991666666666667,243.16666666666663,18.945833333333333,6.316666666666666,61.79166666666666,0.5,64.5,40.458333333333336,Cloudy,0.19,22,19,05:32:00,20:40:00,11:15:00,,26,79,1014,0
2015-06-23,13.066666666666668,10.725,243.16666666666663,21.104166666666668,6.316666666666666,72.91666666666667,0.5,46.625,29.666666666666668,Thundery outbreaks possible,6.42,23,19,05:33:00,20:40:00,0:11:00,12:14:00,19,74,1013,0
2015-06-24,29.45,26.066666666666663,243.16666666666663,41.87083333333333,6.316666666666666,49.375,0.5,57.958333333333336,33.75,Sunny,0.09,24,18,05:33:00,20:40:00,13:8:00,12:43:00,7,70,1014,0
2015-06-25,36.329166666666666,30.1625,243.16666666666663,43.895833333333336,6.316666666666666,47.41666666666666,0.5,92.33333333333331,65.54166666666667,Sunny,0.02,24,18,05:33:00,20:40:00,14:4:00,1:12:00,11,65,1013,1
2015-06-26,23.7,19.89583333333333,243.16666666666663,33.725,6.316666666666666,67.45833333333333,0.5,73.70833333333333,49.0,Sunny,0.01,24,19,05:34:00,20:40:00,15:1:00,1:42:00,12,59,1011,0
2015-06-27,17.204166666666666,14.033333333333331,243.16666666666663,24.325,6.316666666666666,65.5,0.5,64.375,38.125,Sunny,0.0,24,19,05:34:00,20:40:00,15:59:00,2:13:00,20,64,1009,0
2015-06-28,20.695833333333333,15.804166666666667,243.16666666666663,25.291666666666668,6.316666666666666,65.125,0.5,49.91666666666666,28.25,Sunny,0.08,25,19,05:34:00,20:40:00,16:59:00,2:48:00,13,59,1011,0
2015-06-29,29.28333333333333,24.729166666666668,243.16666666666663,34.983333333333334,6.316666666666666,54.333333333333336,0.5,71.95833333333333,48.91666666666666,Sunny,0.5,25,19,05:35:00,20:40:00,17:58:00,3:28:00,11,64,1015,0
2015-06-30,21.3625,17.858333333333334,243.16666666666663,29.429166666666664,6.316666666666666,50.958333333333336,0.5,67.70833333333333,43.66666666666666,Sunny,0.0,25,20,05:35:00,20:40:00,18:57:00,4:12:00,12,58,1017,0
2015-07-01,15.225,13.320833333333333,243.16666666666663,23.29583333333333,6.316666666666666,64.08333333333333,0.5,60.0,34.208333333333336,Sunny,0.0,26,20,05:36:00,20:40:00,19:53:00,5:3:00,20,57,1019,0
2015-07-02,11.3875,9.825,243.16666666666663,20.65833333333333,6.316666666666666,66.79166666666667,0.5,44.16666666666666,27.70833333333333,Sunny,0.0,26,21,05:36:00,20:40:00,20:45:00,6:1:00,20,61,1019,0
2015-07-03,13.258333333333333,10.5875,243.16666666666663,20.425,6.316666666666666,62.91666666666666,0.5,44.79166666666666,26.791666666666668,Sunny,0.07,26,20,05:37:00,20:40:00,21:33:00,7:5:00,17,65,1020,0
2015-07-04,9.2625,7.241666666666667,243.16666666666663,18.55,6.316666666666666,68.79166666666667,0.5,37.625,28.041666666666668,Sunny,0.14,25,19,05:37:00,20:40:00,22:16:00,8:12:00,15,68,1019,0
2015-07-05,12.579166666666666,9.458333333333334,243.16666666666663,20.641666666666666,6.316666666666666,65.45833333333333,0.5,35.291666666666664,26.291666666666668,Sunny,0.21,25,19,05:38:00,20:39:00,22:56:00,9:21:00,14,71,1017,0
2015-07-06,25.84166666666667,22.2375,243.16666666666663,30.7625,6.316666666666666,49.41666666666666,0.5,54.54166666666666,31.125,Sunny,0.0,26,20,05:38:00,20:39:00,23:33:00,10:31:00,11,66,1016,0
2015-07-07,16.329166666666666,14.408333333333331,243.16666666666663,23.1125,6.316666666666666,61.25,0.5,66.91666666666667,42.833333333333336,Sunny,0.0,28,21,05:39:00,20:39:00,,11:41:00,19,65,1015,0
2015-07-08,17.704166666666666,16.283333333333335,243.16666666666663,18.35833333333333,6.316666666666666,71.04166666666667,0.5,55.79166666666666,30.75,Sunny,0.0,29,21,05:40:00,20:38:00,12:8:00,0:50:00,27,65,1011,0
2015-07-09,26.95,22.495833333333334,243.16666666666663,27.9,6.316666666666666,66.58333333333333,0.5,62.91666666666666,36.833333333333336,Sunny,0.0,29,22,05:40:00,20:38:00,12:44:00,13:58:00,11,71,1008,0
2015-07-10,27.9125,23.65,243.16666666666663,28.079166666666666,6.316666666666666,69.83333333333333,0.5,76.0,56.708333333333336,Sunny,0.37,28,22,05:41:00,20:38:00,1:21:00,15:5:00,15,73,1012,1
2015-07-11,13.754166666666668,10.8375,243.16666666666663,15.741666666666667,6.316666666666666,77.16666666666667,0.5,61.958333333333336,40.79166666666666,Sunny,1.02,26,22,05:42:00,20:37:00,2:0:00,16:10:00,21,68,1014,0
2015-07-12,14.491666666666667,10.345833333333331,243.16666666666663,15.729166666666666,6.316666666666666,81.04166666666667,0.5,43.41666666666666,32.708333333333336,Sunny,0.0,27,21,05:42:00,20:37:00,2:42:00,17:12:00,22,57,1014,0
2015-07-13,14.016666666666666,11.175,243.16666666666663,18.725,6.316666666666666,74.08333333333333,0.5,46.125,29.75,Sunny,0.0,27,20,05:43:00,20:36:00,3:29:00,18:11:00,18,58,1014,0
2015-07-14,20.216666666666665,16.075,243.16666666666663,26.9125,6.316666666666666,63.958333333333336,0.5,50.29166666666666,27.541666666666668,Sunny,0.02,27,19,05:44:00,20:36:00,4:20:00,19:4:00,13,64,1013,0
2015-07-15,14.3625,12.1625,243.16666666666663,23.679166666666664,6.316666666666666,67.58333333333333,0.5,56.16666666666666,33.291666666666664,Sunny,0.0,27,20,05:45:00,20:35:00,5:14:00,19:52:00,14,68,1016,0
2015-07-16,13.9375,12.1625,243.16666666666663,20.441666666666663,6.316666666666666,75.875,0.5,50.708333333333336,31.75,Sunny,0.0,28,20,05:45:00,20:35:00,6:11:00,20:34:00,19,64,1017,0
2015-07-17,11.2875,9.245833333333334,243.16666666666663,16.691666666666666,6.316666666666666,79.375,0.5,45.29166666666666,31.666666666666668,Sunny,0.0,27,21,05:46:00,20:34:00,7:9:00,21:12:00,27,63,1019,0
2015-07-18,11.283333333333331,7.766666666666667,243.16666666666663,16.170833333333334,6.316666666666666,79.875,0.5,37.333333333333336,31.95833333333333,Sunny,0.0,28,21,05:47:00,20:33:00,8:7:00,21:45:00,26,59,1016,0
2015-07-19,12.795833333333334,9.358333333333333,243.16666666666663,15.3125,6.316666666666666,83.54166666666667,0.5,39.41666666666666,33.5,Sunny,0.0,29,22,05:48:00,20:33:00,9:4:00,22:16:00,30,56,1015,0
2015-07-20,15.308333333333332,9.270833333333334,243.16666666666663,17.087500000000002,6.316666666666666,78.20833333333333,0.5,39.79166666666666,31.291666666666668,Sunny,0.0,27,21,05:49:00,20:32:00,10:1:00,22:45:00,24,68,1011,0
2015-07-21,14.379166666666668,10.233333333333333,243.16666666666663,18.566666666666663,6.316666666666666,79.41666666666667,0.5,40.708333333333336,31.70833333333333,Sunny,0.0,29,20,05:50:00,20:31:00,10:57:00,23:14:00,20,66,1012,0
2015-07-22,14.425,10.308333333333334,243.16666666666663,16.4375,6.316666666666666,83.29166666666667,0.5,40.625,33.208333333333336,Sunny,0.0,28,22,05:50:00,20:30:00,11:53:00,23:43:00,30,69,1015,0
2015-07-23,18.9625,11.508333333333333,243.16666666666663,15.395833333333334,6.316666666666666,80.04166666666667,0.5,46.29166666666666,32.083333333333336,Sunny,0.0,28,22,05:51:00,20:29:00,0:49:00,,31,71,1011,0
2015-07-24,27.77916666666667,15.4375,243.16666666666663,21.45,6.316666666666666,70.75,0.5,52.91666666666666,30.041666666666668,Sunny,0.0,28,22,05:52:00,20:29:00,13:47:00,12:13:00,17,76,1009,0
2015-07-25,30.14583333333333,22.008333333333336,243.16666666666663,35.175000000000004,6.316666666666666,63.41666666666666,0.5,63.5,37.125,Sunny,0.0,27,21,05:53:00,20:28:00,14:44:00,12:46:00,6,78,1009,0
2015-07-26,34.13333333333333,28.179166666666664,243.16666666666663,44.55833333333334,6.316666666666666,54.54166666666666,0.5,77.20833333333333,57.91666666666666,Sunny,0.0,30,23,05:54:00,20:27:00,15:43:00,1:23:00,9,56,1007,1
2015-07-27,38.44583333333333,32.550000000000004,243.16666666666663,49.40833333333333,6.316666666666666,60.0,0.5,94.20833333333331,66.25,Sunny,0.0,31,24,05:55:00,20:26:00,16:41:00,2:4:00,10,61,1006,1
2015-07-28,35.666666666666664,30.104166666666668,243.16666666666663,41.266666666666666,6.316666666666666,66.875,0.5,87.95833333333333,63.833333333333336,Sunny,0.0,33,24,05:56:00,20:25:00,17:38:00,2:51:00,10,55,1007,1
2015-07-29,24.741666666666664,21.225,243.16666666666663,20.529166666666665,6.316666666666666,79.625,0.5,79.58333333333333,57.04166666666666,Sunny,0.0,33,25,05:57:00,20:24:00,18:32:00,3:46:00,23,52,1008,1
2015-07-30,21.854166666666668,16.5,243.16666666666663,19.354166666666668,6.316666666666666,74.04166666666667,0.5,63.958333333333336,38.54166666666666,Sunny,0.0,35,25,05:58:00,20:23:00,19:23:00,4:46:00,22,57,1007,0
2015-07-31,20.55,15.2375,243.16666666666663,17.620833333333334,6.316666666666666,72.79166666666667,0.5,58.333333333333336,33.291666666666664,Sunny,0.0,31,24,05:59:00,20:22:00,20:9:00,5:53:00,25,67,1008,0
2015-08-01,20.52083333333333,15.304166666666667,243.16666666666663,15.5625,6.316666666666666,71.91666666666667,0.5,56.583333333333336,31.166666666666668,Sunny,0.02,29,24,06:00:00,20:21:00,20:52:00,7:3:00,26,73,1014,0
2015-08-02,20.725,14.6,243.16666666666663,14.108333333333334,6.316666666666666,74.08333333333333,0.5,55.625,31.291666666666668,Sunny,0.01,30,24,06:01:00,20:20:00,21:31:00,8:14:00,27,72,1017,0
2015-08-03,18.641666666666666,13.4375,243.16666666666663,14.85,6.316666666666666,74.41666666666667,0.5,56.208333333333336,31.166666666666668,Sunny,0.0,29,23,06:01:00,20:18:00,22:8:00,9:27:00,25,70,1015,0
2015-08-04,21.3625,14.445833333333333,243.16666666666663,21.929166666666664,6.316666666666666,64.625,0.5,52.79166666666666,28.08333333333333,Sunny,0.0,30,23,06:02:00,20:17:00,22:45:00,10:38:00,17,72,1012,0
2015-08-05,24.84583333333333,19.266666666666666,243.16666666666663,27.625,6.316666666666666,64.29166666666667,0.5,59.75,33.041666666666664,Sunny,0.0,30,24,06:03:00,20:16:00,23:23:00,11:48:00,16,75,1010,0
2015-08-06,20.6625,16.270833333333332,243.16666666666663,24.004166666666663,6.316666666666666,62.54166666666666,0.5,62.333333333333336,35.541666666666664,Sunny,0.0,30,23,06:04:00,20:15:00,,0:57:00,16,74,1010,0
2015-08-07,25.316666666666663,13.770833333333334,243.16666666666663,17.845833333333335,6.316666666666666,76.29166666666667,0.5,58.0,33.583333333333336,Sunny,0.04,30,24,06:05:00,20:14:00,12:1:00,14:3:00,29,68,1012,0
2015-08-08,30.883333333333336,13.404166666666669,243.16666666666663,12.954166666666666,6.316666666666666,75.875,0.5,52.66666666666666,31.20833333333333,Sunny,0.04,29,24,06:06:00,20:13:00,12:43:00,15:6:00,29,65,1015,0
2015-08-09,31.75,16.766666666666666,243.16666666666663,22.016666666666666,6.316666666666666,69.375,0.5,56.208333333333336,32.208333333333336,Sunny,0.0,29,23,06:07:00,20:11:00,1:28:00,16:5:00,18,71,1013,0
2015-08-10,27.4125,19.92083333333333,243.16666666666663,29.379166666666663,6.316666666666666,64.08333333333333,0.5,62.333333333333336,35.5,Sunny,0.0,29,23,06:08:00,20:10:00,2:17:00,16:59:00,13,70,1011,0
2015-08-11,37.69583333333333,30.34583333333333,243.16666666666663,37.9625,6.316666666666666,59.91666666666666,0.5,77.41666666666667,55.083333333333336,Sunny,0.85,28,22,06:09:00,20:9:00,3:9:00,17:49:00,5,66,1010,1
2015-08-12,41.46666666666667,35.333333333333336,243.16666666666663,49.92083333333333,6.316666666666666,53.25,0.5,95.75,66.875,Sunny,0.0,30,23,06:10:00,20:7:00,4:4:00,18:32:00,6,60,1012,1
2015-08-13,25.433333333333334,22.604166666666668,243.16666666666663,29.47083333333333,6.316666666666666,61.625,0.5,87.79166666666667,62.875,Sunny,0.0,29,23,06:11:00,20:6:00,5:1:00,19:11:00,9,66,1011,1
2015-08-14,30.58333333333333,25.5625,243.16666666666663,32.354166666666664,6.316666666666666,57.54166666666666,0.5,73.04166666666667,51.25,Sunny,0.0,30,23,06:12:00,20:5:00,5:58:00,19:46:00,10,64,1011,1
2015-08-15,23.704166666666666,21.65,243.16666666666663,24.120833333333334,6.316666666666666,67.25,0.5,77.25,57.41666666666666,Sunny,0.0,30,24,06:13:00,20:3:00,6:56:00,20:18:00,13,65,1010,1
2015-08-16,28.53333333333333,24.620833333333334,243.16666666666663,28.829166666666666,6.316666666666666,64.04166666666667,0.5,70.875,47.125,Sunny,0.0,31,23,06:14:00,20:2:00,7:53:00,20:48:00,8,66,1009,0
2015-08-17,34.420833333333334,30.004166666666663,243.16666666666663,31.308333333333334,6.316666666666666,59.54166666666666,0.5,83.33333333333333,61.91666666666666,Sunny,0.0,31,24,06:15:00,20:1:00,8:49:00,21:17:00,9,59,1008,1
2015-08-18,34.24583333333333,29.04583333333333,243.16666666666663,32.06666666666667,6.316666666666666,49.833333333333336,0.5,88.45833333333333,64.125,Sunny,0.07,30,24,06:16:00,19:59:00,9:45:00,21:46:00,13,67,1009,1
2015-08-19,18.54583333333333,16.654166666666665,243.16666666666663,18.754166666666663,6.316666666666666,61.5,0.5,73.66666666666667,49.66666666666666,Sunny,0.0,30,24,06:17:00,19:58:00,10:40:00,22:15:00,22,68,1012,0
2015-08-20,15.754166666666668,12.145833333333334,243.16666666666663,15.5,6.316666666666666,67.58333333333333,0.5,54.958333333333336,30.666666666666668,Sunny,0.0,30,24,06:18:00,19:56:00,11:37:00,22:46:00,25,70,1013,0
2015-08-21,20.79583333333333,11.425,243.16666666666663,14.208333333333334,6.316666666666666,64.83333333333333,0.5,48.66666666666666,26.625,Partly cloudy,0.2,28,24,06:19:00,19:55:00,0:33:00,23:21:00,25,70,1014,0
2015-08-22,19.17083333333333,9.129166666666666,243.16666666666663,10.745833333333332,6.316666666666666,68.75,0.5,42.79166666666666,27.541666666666668,Cloudy,0.67,26,23,06:20:00,19:53:00,13:31:00,23:59:00,29,71,1012,0
2015-08-23,19.25,10.470833333333331,243.16666666666663,11.495833333333332,6.316666666666666,68.75,0.5,39.125,27.58333333333333,Partly cloudy,0.47,26,22,06:21:00,19:52:00,14:27:00,,24,68,1013,0
2015-08-24,17.691666666666666,11.604166666666666,243.16666666666663,15.625,6.316666666666666,67.04166666666667,0.5,46.875,27.0,Sunny,0.01,26,22,06:22:00,19:50:00,15:24:00,12:42:00,21,62,1015,0
2015-08-25,14.920833333333334,11.520833333333334,243.16666666666663,19.904166666666665,6.316666666666666,66.0,0.5,48.625,26.791666666666668,Sunny,0.0,28,22,06:23:00,19:49:00,16:18:00,1:32:00,23,60,1016,0
2015-08-26,13.770833333333334,9.783333333333331,243.16666666666663,17.695833333333333,6.316666666666666,71.75,0.5,46.29166666666666,29.375,Sunny,0.01,27,21,06:24:00,19:47:00,17:10:00,2:28:00,22,62,1017,0
2015-08-27,15.954166666666666,9.054166666666667,243.16666666666663,18.279166666666665,6.316666666666666,72.41666666666667,0.5,37.25,29.0,Sunny,0.0,27,21,06:25:00,19:46:00,17:58:00,3:31:00,24,64,1018,0
2015-08-28,14.366666666666667,9.0625,243.16666666666663,20.25,6.316666666666666,71.16666666666667,0.5,38.083333333333336,28.45833333333333,Sunny,0.0,28,20,06:26:00,19:44:00,18:42:00,4:38:00,23,64,1019,0
2015-08-29,16.5125,14.645833333333334,243.16666666666663,22.383333333333336,6.316666666666666,72.0,0.5,47.16666666666666,29.58333333333333,Sunny,0.0,29,21,06:27:00,19:43:00,19:24:00,5:50:00,20,58,1020,0
2015-08-30,20.0,18.5875,243.16666666666663,25.20833333333333,6.316666666666666,65.29166666666667,0.5,60.66666666666666,34.583333333333336,Sunny,0.0,29,22,06:28:00,19:41:00,20:3:00,7:3:00,20,58,1020,0
2015-08-31,17.720833333333335,12.070833333333333,243.16666666666663,19.641666666666666,6.316666666666666,75.54166666666667,0.5,57.66666666666666,34.791666666666664,Sunny,0.0,28,22,06:29:00,19:39:00,20:41:00,8:17:00,24,67,1019,0
2015-09-01,17.520833333333332,11.729166666666666,243.16666666666663,22.4,6.316666666666666,71.83333333333333,0.5,46.833333333333336,28.916666666666668,Patchy rain possible,0.68,25,21,06:30:00,19:38:00,21:20:00,9:30:00,20,67,1015,0
2015-09-02,36.12083333333333,28.73333333333333,243.16666666666663,43.9125,6.316666666666666,52.708333333333336,0.5,62.083333333333336,37.66666666666666,Sunny,0.0,29,22,06:31:00,19:36:00,22:0:00,10:42:00,8,66,1011,0
2015-09-03,49.10833333333333,41.79166666666666,243.16666666666663,53.82916666666667,6.316666666666666,39.91666666666666,0.5,106.91666666666669,70.5,Sunny,0.0,30,23,06:32:00,19:35:00,22:41:00,11:52:00,6,64,1010,1
2015-09-04,30.4,25.241666666666664,243.16666666666663,32.8375,6.316666666666666,49.54166666666666,0.5,96.79166666666669,66.875,Sunny,0.0,27,23,06:33:00,19:33:00,23:27:00,0:58:00,11,71,1011,1
2015-09-05,37.80416666666667,32.233333333333334,243.16666666666663,45.8375,6.316666666666666,43.79166666666666,0.5,81.625,61.16666666666666,Patchy rain possible,1.66,26,21,06:34:00,19:31:00,,13:59:00,16,67,1014,1
2015-09-06,31.675,26.633333333333336,243.16666666666663,42.35,6.316666666666666,52.16666666666666,0.5,91.875,65.33333333333333,Patchy rain possible,0.89,26,21,06:35:00,19:30:00,12:14:00,14:56:00,17,67,1012,1
2015-09-07,17.462500000000002,12.604166666666666,243.16666666666663,18.695833333333333,6.316666666666666,73.91666666666667,0.5,65.95833333333333,41.375,Sunny,0.13,27,25,06:36:00,19:28:00,1:6:00,15:46:00,26,60,1014,0
2015-09-08,12.879166666666668,9.9625,243.16666666666663,15.795833333333334,6.316666666666666,73.79166666666667,0.5,47.083333333333336,30.0,Partly cloudy,0.18,26,22,06:37:00,19:26:00,2:0:00,16:31:00,26,62,1016,0
2015-09-09,12.291666666666666,8.779166666666667,243.16666666666663,15.970833333333331,6.316666666666666,73.33333333333333,0.5,37.16666666666666,29.375,Sunny,0.0,25,22,06:38:00,19:25:00,2:56:00,17:12:00,27,62,1017,0
2015-09-10,21.4625,15.629166666666668,243.16666666666663,19.54583333333333,6.316666666666666,67.54166666666667,0.5,44.5,28.291666666666668,Sunny,0.0,28,22,06:39:00,19:23:00,3:53:00,17:48:00,24,71,1015,0
2015-09-11,37.45,30.77083333333333,243.16666666666663,26.67083333333333,6.316666666666666,55.708333333333336,0.5,74.54166666666667,50.0,Sunny,0.0,29,22,06:40:00,19:21:00,4:49:00,18:20:00,17,75,1015,0
2015-09-12,20.9125,15.758333333333333,243.16666666666663,18.591666666666665,6.316666666666666,59.583333333333336,0.5,78.91666666666667,54.625,Light rain shower,3.33,23,21,06:41:00,19:20:00,5:46:00,18:50:00,27,82,1015,1
2015-09-13,18.025,10.7,243.16666666666663,11.645833333333334,6.316666666666666,67.29166666666667,0.5,47.04166666666666,27.541666666666668,Cloudy,0.58,25,21,06:42:00,19:18:00,6:42:00,19:20:00,26,76,1018,0
2015-09-14,17.720833333333335,11.291666666666666,243.16666666666663,16.349999999999998,6.316666666666666,61.5,0.5,46.54166666666666,24.95833333333333,Cloudy,0.21,24,21,06:43:00,19:16:00,7:39:00,19:49:00,25,78,1018,0
2015-09-15,16.870833333333334,11.716666666666669,243.16666666666663,18.1625,6.316666666666666,59.375,0.5,48.625,25.125,Cloudy,0.09,24,21,06:44:00,19:14:00,8:34:00,20:18:00,21,75,1018,0
2015-09-16,18.2125,13.2125,243.16666666666663,18.08333333333333,6.316666666666666,61.16666666666666,0.5,50.375,26.166666666666668,Cloudy,0.25,21,20,06:45:00,19:13:00,9:30:00,20:48:00,21,81,1015,0
2015-09-17,19.675,14.516666666666666,243.16666666666663,20.058333333333334,6.316666666666666,59.833333333333336,0.5,54.25,28.291666666666668,Partly cloudy,1.15,25,21,06:46:00,19:11:00,10:26:00,21:21:00,17,71,1013,0
2015-09-18,17.683333333333334,14.554166666666667,243.16666666666663,19.266666666666666,6.316666666666666,64.54166666666667,0.5,56.04166666666666,29.95833333333333,Partly cloudy,1.6,24,20,06:47:00,19:9:00,11:23:00,21:58:00,16,71,1013,0
2015-09-19,16.25,11.566666666666668,243.16666666666663,18.070833333333333,6.316666666666666,68.75,0.5,51.75,28.625,Partly cloudy,0.88,24,21,06:48:00,19:7:00,0:19:00,22:38:00,16,70,1013,0
2015-09-20,26.04583333333333,21.5375,243.16666666666663,31.0625,6.316666666666666,54.25,0.5,55.75,30.416666666666668,Partly cloudy,0.84,23,20,06:49:00,19:6:00,13:14:00,23:24:00,16,69,1013,0
2015-09-21,32.1,27.78333333333333,243.16666666666663,39.36666666666667,6.316666666666666,47.29166666666666,0.5,80.25,58.833333333333336,Sunny,0.0,26,20,06:50:00,19:4:00,14:8:00,,12,74,1009,1
2015-09-22,18.9125,17.220833333333335,243.16666666666663,26.27916666666667,6.316666666666666,61.79166666666666,0.5,72.45833333333333,49.458333333333336,Sunny,0.0,25,20,06:51:00,19:2:00,14:59:00,12:15:00,20,77,1009,0
2015-09-23,34.19166666666667,29.95833333333333,243.16666666666663,37.56666666666667,6.316666666666666,51.083333333333336,0.5,68.66666666666667,44.0,Sunny,1.52,26,21,06:52:00,19:1:00,15:47:00,1:14:00,9,74,1009,0
2015-09-24,21.14583333333333,17.787499999999998,243.16666666666663,29.558333333333334,6.316666666666666,51.79166666666666,0.5,78.375,55.083333333333336,Partly cloudy,3.25,25,21,06:53:00,18:59:00,16:32:00,2:17:00,16,70,1013,1
2015-09-25,35.2875,29.929166666666664,243.16666666666663,48.46666666666667,6.316666666666666,38.41666666666666,0.5,76.5,53.54166666666666,Sunny,0.02,26,22,06:54:00,18:57:00,17:15:00,3:25:00,9,66,1014,1
2015-09-26,38.18333333333333,32.87083333333333,243.16666666666663,34.88333333333333,6.316666666666666,39.583333333333336,0.5,93.70833333333331,66.08333333333333,Sunny,0.0,27,21,06:55:00,18:55:00,17:54:00,4:36:00,9,74,1013,1
2015-09-27,30.65,26.02916666666667,243.16666666666663,22.04583333333333,6.316666666666666,52.208333333333336,0.5,86.20833333333333,63.333333333333336,Sunny,0.12,26,22,06:56:00,18:54:00,18:33:00,5:50:00,15,81,1013,1
2015-09-28,27.820833333333336,23.479166666666668,243.16666666666663,23.29583333333333,6.316666666666666,58.875,0.5,77.25,58.54166666666666,Thundery outbreaks possible,11.77,25,21,06:57:00,18:52:00,19:12:00,7:4:00,19,82,1014,1
2015-09-29,22.475,17.958333333333332,243.16666666666663,17.858333333333334,6.316666666666666,49.833333333333336,0.5,71.33333333333333,48.29166666666666,Overcast,0.89,21,18,06:58:00,18:50:00,19:52:00,8:18:00,34,83,1016,0
2015-09-30,15.670833333333334,8.700000000000001,243.16666666666663,11.029166666666669,6.316666666666666,44.458333333333336,0.5,45.583333333333336,24.041666666666668,Overcast,0.0,18,17,06:59:00,18:49:00,20:34:00,9:31:00,38,82,1021,0
2015-10-01,16.662499999999998,11.6125,243.16666666666663,14.170833333333334,6.316666666666666,38.125,0.5,40.833333333333336,19.625,Cloudy,0.38,20,16,07:00:00,18:47:00,21:19:00,10:41:00,27,77,1024,0
2015-10-02,22.916666666666668,17.416666666666668,243.16666666666663,19.4125,6.316666666666666,40.75,0.5,51.5,25.58333333333333,Cloudy,0.37,20,17,07:01:00,18:45:00,22:8:00,11:47:00,25,80,1025,0
2015-10-03,43.81666666666666,33.233333333333334,243.16666666666663,19.433333333333334,6.316666666666666,51.75,0.5,82.45833333333333,57.29166666666666,Cloudy,0.1,22,18,07:02:00,18:44:00,23:0:00,0:48:00,20,79,1025,1
2015-10-04,39.025,30.60833333333333,243.16666666666663,23.7625,6.316666666666666,48.375,0.5,92.04166666666669,65.45833333333333,Sunny,0.0,22,17,07:03:00,18:42:00,23:54:00,13:42:00,17,81,1022,1
2015-10-05,50.583333333333336,41.204166666666666,243.16666666666663,35.69583333333333,6.316666666666666,36.25,0.5,100.66666666666669,68.29166666666667,Partly cloudy,0.21,21,18,07:04:00,18:40:00,,14:29:00,10,87,1015,1
2015-10-06,30.33333333333333,25.116666666666664,243.16666666666663,31.479166666666668,6.316666666666666,39.66666666666666,0.5,100.83333333333331,68.25,Cloudy,4.14,19,17,07:05:00,18:39:00,12:50:00,15:12:00,12,84,1010,1
2015-10-07,29.304166666666664,25.525,243.16666666666663,34.84166666666667,6.316666666666666,26.58333333333333,0.5,74.45833333333333,53.75,Partly cloudy,1.78,21,17,07:07:00,18:37:00,1:47:00,15:49:00,11,74,1010,1
2015-10-08,16.1375,10.758333333333333,243.16666666666663,17.058333333333334,6.316666666666666,51.0,0.5,64.5,40.75,Overcast,0.36,20,17,07:08:00,18:35:00,2:44:00,16:22:00,28,81,1015,0
2015-10-09,15.1625,9.495833333333334,243.16666666666663,17.658333333333335,6.316666666666666,63.708333333333336,0.5,43.083333333333336,25.83333333333333,Partly cloudy,0.0,20,16,07:09:00,18:34:00,3:41:00,16:53:00,20,72,1018,0
2015-10-10,13.204166666666666,10.766666666666666,243.16666666666663,20.98333333333333,6.316666666666666,56.16666666666666,0.5,40.208333333333336,22.58333333333333,Sunny,0.0,22,16,07:10:00,18:32:00,4:36:00,17:23:00,18,66,1018,0
2015-10-11,36.1375,28.5875,243.16666666666663,36.225,6.316666666666666,32.708333333333336,0.5,61.833333333333336,37.79166666666666,Cloudy,10.62,22,18,07:11:00,18:30:00,5:33:00,17:52:00,11,72,1010,0
2015-10-12,37.6625,25.5125,243.16666666666663,29.320833333333336,6.316666666666666,35.25,0.5,89.625,64.45833333333333,Cloudy,4.24,23,15,07:12:00,18:29:00,6:28:00,18:20:00,22,79,1011,1
2015-10-13,17.429166666666667,10.683333333333332,243.16666666666663,17.954166666666666,6.316666666666666,33.666666666666664,0.5,59.79166666666666,35.208333333333336,Overcast,0.55,16,14,07:13:00,18:27:00,7:25:00,18:51:00,20,83,1018,0
2015-10-14,17.320833333333333,10.325,243.16666666666663,17.620833333333334,6.316666666666666,47.41666666666666,0.5,40.833333333333336,20.541666666666668,Cloudy,0.11,18,15,07:14:00,18:26:00,8:21:00,19:23:00,23,77,1021,0
2015-10-15,13.9875,10.183333333333334,243.16666666666663,16.170833333333334,6.316666666666666,56.958333333333336,0.5,45.083333333333336,23.95833333333333,Partly cloudy,0.02,18,15,07:15:00,18:24:00,9:18:00,19:58:00,26,77,1022,0
2015-10-16,17.145833333333332,10.741666666666667,243.16666666666663,17.275000000000002,6.316666666666666,55.0,0.5,43.458333333333336,22.625,Partly cloudy,0.0,20,15,07:16:00,18:23:00,10:14:00,20:37:00,26,79,1021,0
2015-10-17,29.575,20.008333333333333,243.16666666666663,30.0375,6.316666666666666,35.458333333333336,0.5,52.66666666666666,27.625,Cloudy,0.14,19,16,07:17:00,18:21:00,11:9:00,21:21:00,8,83,1019,0
2015-10-18,28.8375,18.89583333333333,243.16666666666663,30.2,6.316666666666666,41.04166666666666,0.5,69.5,44.79166666666666,Overcast,0.17,19,16,07:19:00,18:20:00,0:3:00,22:9:00,13,82,1019,0
2015-10-19,46.22083333333333,38.125,243.16666666666663,41.42916666666667,6.316666666666666,31.166666666666668,0.5,75.08333333333333,49.083333333333336,Sunny,0.0,20,15,07:20:00,18:18:00,0:54:00,23:4:00,8,80,1016,0
2015-10-20,73.22500000000001,59.36666666666667,243.16666666666663,49.75416666666666,6.316666666666666,14.833333333333334,0.5,141.58333333333334,82.91666666666667,Sunny,1.61,21,16,07:21:00,18:17:00,13:42:00,,5,73,1013,1
2015-10-21,36.645833333333336,31.354166666666668,243.16666666666663,33.8125,6.316666666666666,22.33333333333333,0.5,135.79166666666666,80.91666666666667,Overcast,5.1,18,14,07:22:00,18:15:00,14:26:00,12:3:00,23,85,1012,1
2015-10-22,13.766666666666666,11.854166666666666,243.16666666666663,24.445833333333336,6.316666666666666,31.95833333333333,0.5,52.5,30.416666666666668,Cloudy,1.42,20,15,07:23:00,18:14:00,15:8:00,1:7:00,20,85,1009,0
2015-10-23,18.058333333333334,15.3,243.16666666666663,28.254166666666663,6.316666666666666,35.666666666666664,0.5,58.208333333333336,31.75,Overcast,0.0,18,16,07:24:00,18:12:00,15:48:00,2:14:00,25,86,1009,0
2015-10-24,12.783333333333331,7.416666666666667,243.16666666666663,15.345833333333331,6.316666666666666,57.458333333333336,0.5,39.458333333333336,23.45833333333333,Patchy rain possible,0.14,18,15,07:25:00,18:11:00,16:25:00,3:25:00,22,76,1016,0
2015-10-25,16.020833333333332,10.395833333333334,243.16666666666663,19.404166666666665,6.316666666666666,35.75,0.5,38.833333333333336,18.666666666666668,Sunny,0.21,16,13,07:27:00,18:10:00,17:3:00,4:36:00,20,74,1021,0
2015-10-26,13.125,10.083333333333334,243.16666666666663,22.954166666666666,6.316666666666666,41.083333333333336,0.5,42.208333333333336,20.70833333333333,Partly cloudy,0.01,17,13,07:28:00,18:8:00,17:42:00,5:50:00,20,75,1021,0
2015-10-27,15.804166666666667,12.645833333333334,243.16666666666663,18.870833333333334,6.316666666666666,45.708333333333336,0.5,46.75,22.625,Partly cloudy,0.03,16,12,07:29:00,18:7:00,18:22:00,7:3:00,25,72,1022,0
2015-10-28,9.633333333333333,6.504166666666666,243.16666666666663,14.775,6.316666666666666,57.875,0.5,40.875,23.791666666666668,Partly cloudy,0.1,15,12,07:30:00,18:6:00,19:7:00,8:16:00,28,65,1023,0
2015-10-29,9.4125,6.570833333333333,243.16666666666663,17.075,6.316666666666666,63.083333333333336,0.5,28.791666666666668,25.20833333333333,Partly cloudy,0.15,15,12,07:31:00,18:4:00,19:55:00,9:27:00,28,76,1021,0
2015-10-30,13.933333333333332,8.141666666666667,243.16666666666663,15.633333333333333,6.316666666666666,60.708333333333336,0.5,31.916666666666668,24.20833333333333,Partly cloudy,0.13,16,13,07:32:00,18:3:00,20:47:00,10:32:00,32,76,1023,0
2015-10-31,13.545833333333334,6.6875,243.16666666666663,11.0125,6.316666666666666,65.70833333333333,0.5,31.58333333333333,26.416666666666668,Overcast,0.27,14,13,07:34:00,18:2:00,21:42:00,11:31:00,38,73,1030,0
2015-11-01,15.9125,6.8375,243.16666666666663,12.595833333333331,6.316666666666666,64.0,0.5,30.45833333333333,25.666666666666668,Cloudy,0.0,14,12,07:35:00,18:1:00,22:39:00,0:23:00,39,72,1034,0
2015-11-02,11.975,7.116666666666667,243.16666666666663,20.20833333333333,6.316666666666666,54.79166666666666,0.5,28.20833333333333,22.75,Sunny,0.0,15,11,07:36:00,17:59:00,23:38:00,13:9:00,23,74,1031,0
2015-11-03,17.266666666666666,14.55,243.16666666666663,35.333333333333336,6.316666666666666,36.208333333333336,0.5,40.16666666666666,22.375,Sunny,0.0,16,11,07:37:00,17:58:00,,13:49:00,13,69,1026,0
2015-11-04,25.229166666666668,21.70833333333333,243.16666666666663,34.88333333333333,6.316666666666666,34.541666666666664,0.5,64.08333333333333,38.0,Sunny,0.0,17,12,07:38:00,17:57:00,12:36:00,14:24:00,18,66,1021,0
2015-11-05,26.129166666666663,23.620833333333334,243.16666666666663,33.2875,6.316666666666666,41.458333333333336,0.5,73.08333333333333,51.333333333333336,Sunny,0.0,18,12,07:39:00,17:56:00,1:33:00,14:56:00,16,80,1019,1
2015-11-06,19.47083333333333,16.354166666666668,243.16666666666663,25.7,6.316666666666666,57.083333333333336,0.5,69.66666666666667,45.91666666666666,Cloudy,0.06,15,12,07:41:00,17:55:00,2:29:00,15:26:00,18,83,1021,0
2015-11-07,20.316666666666663,18.33333333333333,243.16666666666663,21.745833333333334,6.316666666666666,58.16666666666666,0.5,58.0,31.375,Cloudy,0.34,15,13,07:42:00,17:54:00,3:26:00,15:55:00,17,82,1024,0
2015-11-08,44.583333333333336,39.38333333333333,243.16666666666663,32.3125,6.316666666666666,32.583333333333336,0.5,81.375,55.875,Sunny,0.05,14,12,07:43:00,17:53:00,4:21:00,16:23:00,11,76,1026,1
2015-11-09,45.020833333333336,40.391666666666666,243.16666666666663,37.1,6.316666666666666,23.375,0.5,117.83333333333331,74.04166666666667,Partly cloudy,0.04,17,13,07:44:00,17:52:00,5:18:00,16:53:00,13,76,1021,1
2015-11-10,51.44583333333333,44.3125,243.16666666666663,48.69166666666666,6.316666666666666,10.166666666666666,0.5,115.54166666666669,73.375,Partly cloudy,0.3,17,13,07:45:00,17:51:00,6:14:00,17:24:00,9,80,1018,1
2015-11-11,28.8,26.241666666666664,243.16666666666663,33.62083333333333,6.316666666666666,20.08333333333333,0.5,99.91666666666669,68.0,Partly cloudy,0.0,19,15,07:47:00,17:50:00,7:11:00,17:58:00,16,70,1019,1
2015-11-12,52.225,45.6625,243.16666666666663,48.825,6.316666666666666,10.541666666666666,0.5,92.66666666666669,65.5,Sunny,0.0,18,15,07:48:00,17:49:00,8:8:00,18:36:00,4,74,1025,1
2015-11-13,47.22083333333333,40.641666666666666,243.16666666666663,49.2625,6.316666666666666,13.083333333333334,0.5,141.375,81.75,Sunny,0.0,18,14,07:49:00,17:48:00,9:5:00,19:19:00,13,77,1027,1
2015-11-14,41.65833333333333,37.87083333333333,243.16666666666663,38.43333333333333,6.316666666666666,20.875,0.5,93.625,65.875,Sunny,0.0,17,13,07:50:00,17:47:00,10:0:00,20:6:00,10,82,1022,1
2015-11-15,27.854166666666668,23.433333333333334,243.16666666666663,37.2625,6.316666666666666,23.875,0.5,99.95833333333331,67.95833333333333,Sunny,0.01,16,12,07:51:00,17:46:00,10:52:00,20:59:00,13,73,1019,1
2015-11-16,36.31666666666667,30.683333333333334,243.16666666666663,39.69166666666667,6.316666666666666,22.791666666666668,0.5,79.08333333333333,58.375,Partly cloudy,0.0,15,11,07:52:00,17:45:00,11:42:00,21:57:00,12,76,1014,1
2015-11-17,18.375,12.533333333333331,243.16666666666663,29.370833333333334,6.316666666666666,34.333333333333336,0.5,69.625,45.04166666666666,Sunny,0.0,15,11,07:54:00,17:44:00,0:26:00,22:58:00,17,69,1021,0
2015-11-18,30.625,25.666666666666668,243.16666666666663,39.17916666666667,6.316666666666666,28.20833333333333,0.5,66.66666666666667,43.54166666666666,Sunny,0.0,16,11,07:55:00,17:44:00,13:8:00,,11,65,1018,0
2015-11-19,30.725,26.4375,243.16666666666663,31.35833333333333,6.316666666666666,27.875,0.5,75.20833333333333,54.79166666666666,Sunny,0.0,16,13,07:56:00,17:43:00,13:47:00,12:3:00,13,77,1021,1
2015-11-20,27.445833333333336,23.891666666666666,243.16666666666663,31.17083333333333,6.316666666666666,30.375,0.5,84.125,62.208333333333336,Sunny,0.0,19,13,07:57:00,17:42:00,14:23:00,1:9:00,19,56,1016,1
2015-11-21,19.695833333333333,13.875,243.16666666666663,14.933333333333332,6.316666666666666,59.04166666666666,0.5,62.91666666666666,37.375,Sunny,0.0,19,16,07:58:00,17:42:00,14:59:00,2:18:00,39,63,1007,0
2015-11-22,14.304166666666667,10.9625,243.16666666666663,11.6,6.316666666666666,62.583333333333336,0.5,50.5,25.70833333333333,Sunny,0.0,20,16,07:59:00,17:41:00,15:36:00,3:28:00,40,64,1008,0
2015-11-23,19.6125,13.158333333333331,243.16666666666663,22.075,6.316666666666666,55.833333333333336,0.5,45.91666666666666,24.83333333333333,Sunny,0.0,20,16,08:00:00,17:40:00,16:14:00,4:39:00,22,64,1019,0
2015-11-24,30.179166666666664,24.820833333333336,243.16666666666663,36.19583333333333,6.316666666666666,29.916666666666668,0.5,67.45833333333333,44.375,Sunny,0.0,19,15,08:02:00,17:40:00,16:55:00,5:51:00,13,64,1021,0
2015-11-25,22.14583333333333,18.6,243.16666666666663,31.6375,6.316666666666666,34.791666666666664,0.5,68.70833333333333,44.91666666666666,Sunny,0.0,18,15,08:03:00,17:39:00,17:41:00,7:2:00,16,59,1012,0
2015-11-26,22.741666666666664,19.825,243.16666666666663,34.59583333333333,6.316666666666666,37.583333333333336,0.5,70.91666666666667,47.375,Partly cloudy,0.0,18,15,08:04:00,17:39:00,18:31:00,8:10:00,18,68,1004,0
2015-11-27,34.425000000000004,29.90833333333333,243.16666666666663,45.145833333333336,6.316666666666666,13.166666666666666,0.5,70.41666666666667,47.0,Cloudy,2.48,16,13,08:05:00,17:38:00,19:25:00,9:14:00,12,87,1010,0
2015-11-28,16.966666666666665,14.004166666666668,243.16666666666663,26.7125,6.316666666666666,43.375,0.5,76.5,52.083333333333336,Partly cloudy,10.2,15,13,08:06:00,17:38:00,20:23:00,10:11:00,20,80,1008,1
2015-11-29,19.070833333333333,16.433333333333334,243.16666666666663,28.1875,6.316666666666666,28.20833333333333,0.5,50.75,25.25,Overcast,2.03,12,10,08:07:00,17:38:00,21:23:00,11:1:00,10,79,1017,0
2015-11-30,17.666666666666668,15.079166666666666,243.16666666666663,25.0,6.316666666666666,33.416666666666664,0.5,61.083333333333336,34.375,Sunny,0.0,11,8,08:08:00,17:37:00,22:22:00,11:45:00,17,63,1021,0
2015-12-01,15.445833333333333,11.5625,243.16666666666663,17.279166666666665,6.316666666666666,44.583333333333336,0.5,50.958333333333336,25.375,Partly cloudy,0.42,13,10,08:09:00,17:37:00,23:22:00,0:23:00,24,69,1020,0
2015-12-02,15.8125,12.070833333333333,243.16666666666663,26.445833333333336,6.316666666666666,43.04166666666666,0.5,50.458333333333336,24.83333333333333,Overcast,2.42,13,9,08:10:00,17:37:00,,0:57:00,19,60,1024,0
2015-12-03,18.041666666666668,14.333333333333334,243.16666666666663,31.258333333333336,6.316666666666666,30.166666666666668,0.5,51.875,25.75,Sunny,0.0,11,7,08:11:00,17:36:00,12:19:00,13:28:00,8,51,1031,0
2015-12-04,23.46666666666667,19.629166666666663,243.16666666666663,32.65416666666667,6.316666666666666,20.375,0.5,62.208333333333336,35.833333333333336,Cloudy,0.07,10,8,08:12:00,17:36:00,1:16:00,13:57:00,8,64,1035,0
2015-12-05,31.375,27.366666666666664,243.16666666666663,38.425,6.316666666666666,20.291666666666668,0.5,64.16666666666667,38.333333333333336,Sunny,0.0,10,7,08:13:00,17:36:00,2:12:00,14:25:00,9,60,1035,0
2015-12-06,55.59166666666667,48.75,243.16666666666663,52.458333333333336,6.316666666666666,7.041666666666667,0.5,115.04166666666669,73.08333333333333,Sunny,0.0,11,7,08:14:00,17:36:00,3:8:00,14:54:00,2,58,1034,1
2015-12-07,52.73333333333333,44.97083333333333,243.16666666666663,52.275,6.316666666666666,8.25,0.5,122.125,75.5,Sunny,0.0,13,7,08:15:00,17:36:00,4:5:00,15:25:00,5,63,1032,1
2015-12-08,32.545833333333334,27.758333333333336,243.16666666666663,30.4125,6.316666666666666,25.791666666666668,0.5,112.70833333333331,72.375,Overcast,0.02,12,10,08:16:00,17:36:00,5:1:00,15:58:00,25,80,1033,1
2015-12-09,18.4,13.7625,243.16666666666663,19.3625,6.316666666666666,44.41666666666666,0.5,67.54166666666667,43.333333333333336,Overcast,0.1,11,10,08:17:00,17:36:00,5:59:00,16:34:00,28,81,1029,0
2015-12-10,15.745833333333332,9.495833333333334,243.16666666666663,18.229166666666668,6.316666666666666,47.458333333333336,0.5,48.125,23.625,Overcast,0.46,10,9,08:18:00,17:36:00,6:56:00,17:15:00,27,78,1027,0
2015-12-11,13.825,9.6125,243.16666666666663,19.2375,6.316666666666666,41.25,0.5,38.54166666666666,19.20833333333333,Cloudy,0.02,10,9,08:18:00,17:36:00,7:53:00,18:1:00,24,75,1026,0
2015-12-12,17.091666666666665,14.145833333333334,243.16666666666663,23.7875,6.316666666666666,38.583333333333336,0.5,46.66666666666666,22.5,Overcast,0.0,9,6,08:19:00,17:36:00,8:48:00,18:53:00,19,79,1024,0
2015-12-13,38.833333333333336,35.25416666666667,243.16666666666663,39.97083333333333,6.316666666666666,17.833333333333332,0.5,74.04166666666667,48.79166666666666,Sunny,0.0,10,6,08:20:00,17:36:00,9:39:00,19:50:00,9,72,1024,0
2015-12-14,42.98333333333333,38.141666666666666,243.16666666666663,40.0375,6.316666666666666,17.583333333333332,0.5,109.41666666666669,71.45833333333333,Sunny,0.0,12,7,08:21:00,17:37:00,10:26:00,20:51:00,12,73,1023,1
2015-12-15,17.129166666666666,13.775,243.16666666666663,24.15416666666667,6.316666666666666,36.708333333333336,0.5,80.83333333333333,54.875,Partly cloudy,0.0,11,8,08:21:00,17:37:00,11:10:00,21:56:00,25,77,1027,1
2015-12-16,11.404166666666669,8.095833333333333,243.16666666666663,17.804166666666667,6.316666666666666,44.5,0.5,42.0,21.291666666666668,Overcast,0.1,9,7,08:22:00,17:37:00,11:49:00,23:2:00,27,77,1027,0
2015-12-17,13.925,8.362499999999999,243.16666666666663,15.179166666666667,6.316666666666666,46.083333333333336,0.5,33.25,18.666666666666668,Overcast,0.83,9,8,08:23:00,17:37:00,0:26:00,,32,80,1028,0
2015-12-18,13.804166666666667,10.4125,243.16666666666663,22.9,6.316666666666666,46.54166666666666,0.5,38.0,20.5,Cloudy,1.31,10,9,08:23:00,17:38:00,13:1:00,12:8:00,21,80,1016,0
2015-12-19,22.1625,19.475,243.16666666666663,28.066666666666663,6.316666666666666,37.375,0.5,54.375,28.916666666666668,Cloudy,1.81,9,8,08:24:00,17:38:00,13:37:00,1:17:00,17,81,1018,0
2015-12-20,23.316666666666663,20.995833333333334,243.16666666666663,32.0625,6.316666666666666,33.708333333333336,0.5,67.20833333333333,40.66666666666666,Cloudy,3.91,9,8,08:25:00,17:39:00,14:12:00,2:25:00,19,78,1019,0
2015-12-21,52.42916666666667,47.25,243.16666666666663,47.15416666666667,6.316666666666666,14.541666666666666,0.5,94.25,63.958333333333336,Sunny,0.0,11,6,08:25:00,17:39:00,14:51:00,3:34:00,4,80,1031,1
2015-12-22,46.25416666666666,40.425,243.16666666666663,40.9625,6.316666666666666,18.83333333333333,0.5,126.0,76.79166666666667,Sunny,0.0,12,8,08:26:00,17:39:00,15:33:00,4:43:00,7,77,1030,1
2015-12-23,53.81666666666666,46.20416666666667,243.16666666666663,45.80416666666667,6.316666666666666,10.916666666666666,0.5,114.20833333333331,72.91666666666667,Sunny,0.0,12,8,08:26:00,17:40:00,16:19:00,5:51:00,2,74,1030,1
2015-12-24,55.208333333333336,48.42916666666667,243.16666666666663,55.24583333333334,6.316666666666666,11.916666666666666,0.5,130.875,78.33333333333333,Sunny,0.0,13,8,08:27:00,17:41:00,17:10:00,6:56:00,4,68,1030,1
2015-12-25,56.35416666666666,51.0125,243.16666666666663,47.625,6.316666666666666,10.416666666666666,0.5,146.08333333333334,84.29166666666667,Sunny,0.07,12,9,08:27:00,17:41:00,18:6:00,7:56:00,13,81,1030,1
2015-12-26,37.891666666666666,34.145833333333336,243.16666666666663,37.2875,6.316666666666666,18.416666666666668,0.5,108.41666666666669,70.95833333333333,Sunny,0.05,11,8,08:27:00,17:42:00,19:5:00,8:50:00,11,81,1033,1
2015-12-27,67.825,59.833333333333336,243.16666666666663,55.82083333333333,6.316666666666666,8.25,0.5,120.5,75.0,Sunny,0.0,12,7,08:28:00,17:42:00,20:5:00,9:38:00,4,73,1032,1
2015-12-28,52.76666666666667,47.75833333333333,243.16666666666663,50.3125,6.316666666666666,12.875,0.5,151.0,87.58333333333333,Cloudy,1.26,10,8,08:28:00,17:43:00,21:6:00,10:19:00,18,75,1017,1
2015-12-29,34.395833333333336,29.025,243.16666666666663,31.67083333333333,6.316666666666666,21.25,0.5,109.41666666666669,71.29166666666667,Patchy rain possible,1.29,11,7,08:28:00,17:44:00,22:5:00,10:55:00,27,79,1021,1
2015-12-30,13.145833333333334,7.620833333333334,243.16666666666663,12.35,6.316666666666666,45.958333333333336,0.5,56.5,35.416666666666664,Overcast,2.49,6,2,08:29:00,17:45:00,23:4:00,11:28:00,32,73,1028,0
2015-12-31,7.183333333333334,5.55,243.16666666666663,13.125,6.316666666666666,47.29166666666666,0.5,25.375,18.875,Overcast,7.81,2,0,08:29:00,17:45:00,,11:58:00,32,76,1027,0
2016-01-01,14.541666666666666,12.5,269.7142857142857,27.2875,9.204761904761906,46.208333333333336,0.5,30.25,21.33333333333333,Partly cloudy,1.12,2,0,08:29:00,17:46:00,12:1:00,0:27:00,20,57,1028,0
2016-01-02,17.5125,14.520833333333334,282.4166666666667,46.325,9.991666666666664,30.20833333333333,0.5,56.125,29.83333333333333,Sunny,0.1,2,-2,08:29:00,17:47:00,12:57:00,0:56:00,11,64,1027,0
2016-01-03,22.041666666666668,18.225,287.9166666666667,41.7,8.295833333333333,28.5,0.5,58.625,32.0,Overcast,4.56,3,-2,08:29:00,17:48:00,1:53:00,13:26:00,17,82,1020,0
2016-01-04,25.325,21.53333333333333,323.2083333333333,50.40833333333333,11.916666666666666,24.291666666666668,0.5,64.70833333333333,38.16666666666666,Cloudy,4.71,7,6,08:29:00,17:49:00,2:49:00,13:57:00,17,82,1017,0
2016-01-05,20.97083333333333,17.837500000000002,306.2083333333333,47.95416666666667,12.654166666666669,18.791666666666668,0.5,69.0,44.375,Cloudy,3.13,9,6,08:29:00,17:50:00,3:46:00,14:31:00,16,87,1008,0
2016-01-06,30.041666666666668,22.60833333333333,265.0,52.1,13.241666666666667,16.5,0.5,67.375,42.875,Sunny,1.07,15,8,08:29:00,17:51:00,4:43:00,15:10:00,19,84,1006,0
2016-01-07,24.004166666666663,14.633333333333333,196.66666666666663,29.275,10.241666666666667,38.083333333333336,0.5,66.16666666666667,40.958333333333336,Cloudy,0.0,14,6,08:29:00,17:52:00,5:41:00,15:53:00,29,72,995,0
2016-01-08,21.641666666666666,19.125,335.7083333333333,40.10416666666666,14.995833333333332,26.08333333333333,0.5,59.79166666666666,33.208333333333336,Partly cloudy,0.0,9,6,08:29:00,17:52:00,6:36:00,16:42:00,13,70,1009,0
2016-01-09,18.9625,15.841666666666669,252.125,41.833333333333336,11.316666666666668,28.08333333333333,0.5,61.16666666666666,34.541666666666664,Sunny,0.0,11,7,08:29:00,17:53:00,7:31:00,17:38:00,16,68,1018,0
2016-01-10,18.7375,14.7625,221.29166666666663,38.645833333333336,15.225,31.95833333333333,0.5,58.25,31.75,Cloudy,0.02,13,9,08:29:00,17:55:00,8:20:00,18:39:00,22,73,1014,0
2016-01-11,16.470833333333335,13.041666666666666,197.58333333333331,32.8125,8.620833333333334,36.0,0.5,51.25,25.416666666666668,Sunny,0.0,15,11,08:28:00,17:56:00,9:7:00,19:44:00,25,83,1013,0
2016-01-12,23.7,15.25,172.83333333333334,23.3125,6.829166666666667,55.083333333333336,0.5,55.0,28.58333333333333,Sunny,3.41,16,13,08:28:00,17:57:00,9:49:00,20:51:00,42,76,1007,0
2016-01-13,20.1875,16.529166666666665,276.625,45.29166666666666,8.920833333333333,37.375,0.5,56.625,30.375,Partly cloudy,2.7,12,9,08:28:00,17:58:00,10:28:00,22:0:00,14,83,1010,0
2016-01-14,29.625,25.15416666666667,345.125,49.02916666666667,12.695833333333333,23.75,0.5,72.54166666666667,51.125,Sunny,0.13,10,7,08:27:00,17:59:00,11:5:00,23:8:00,12,73,1018,1
2016-01-15,23.5375,19.78333333333333,283.25,44.05833333333334,13.070833333333333,27.20833333333333,0.5,71.08333333333333,47.66666666666666,Partly cloudy,0.0,10,7,08:27:00,18:0:00,11:40:00,,17,61,1017,0
2016-01-16,15.983333333333334,8.8625,190.33333333333331,38.94583333333333,8.8375,47.333333333333336,0.5,54.125,30.08333333333333,Overcast,0.0,13,10,08:27:00,18:1:00,0:15:00,12:17:00,22,72,1008,0
2016-01-17,11.229166666666666,8.237499999999999,206.33333333333331,28.14583333333333,6.1875,48.875,0.5,37.125,20.791666666666668,Overcast,2.29,14,3,08:26:00,18:2:00,0:52:00,1:26:00,30,79,999,0
2016-01-18,8.541666666666666,6.2125,201.58333333333331,21.77916666666667,5.558333333333334,42.625,0.5,27.25,17.125,Overcast,1.18,2,0,08:26:00,18:3:00,13:32:00,2:33:00,39,89,1007,0
2016-01-19,16.391666666666666,12.108333333333334,256.375,28.3375,7.345833333333334,39.54166666666666,0.5,32.333333333333336,19.5,Sunny,0.19,2,-1,08:25:00,18:4:00,14:15:00,3:40:00,21,75,1020,0
2016-01-20,30.90833333333333,25.5625,322.4166666666667,62.15,15.875,21.916666666666668,0.5,65.5,41.41666666666666,Cloudy,0.0,4,1,08:25:00,18:5:00,15:3:00,4:44:00,11,59,1022,0
2016-01-21,39.54166666666666,34.4,408.0416666666667,72.85000000000001,18.133333333333333,18.08333333333333,0.5,88.75,64.125,Sunny,0.0,5,3,08:24:00,18:7:00,15:55:00,5:45:00,7,70,1021,1
2016-01-22,22.33333333333333,17.266666666666666,333.7916666666667,43.895833333333336,11.15,37.625,0.5,83.70833333333333,58.208333333333336,Overcast,0.51,4,2,08:23:00,18:8:00,16:51:00,6:40:00,26,79,1029,1
2016-01-23,13.029166666666669,9.508333333333333,270.9166666666667,24.29583333333333,7.354166666666667,48.75,0.5,50.25,25.541666666666668,Blizzard,0.83,2,0,08:23:00,18:9:00,17:51:00,7:30:00,26,71,1033,0
2016-01-24,14.191666666666668,11.15,229.70833333333331,29.225,8.970833333333333,48.41666666666666,0.5,39.958333333333336,21.625,Sunny,0.44,1,0,08:22:00,18:10:00,18:51:00,8:13:00,22,69,1032,0
2016-01-25,20.091666666666665,16.316666666666666,279.125,36.10416666666666,9.654166666666669,44.0,0.5,51.875,26.125,Partly cloudy,0.21,2,0,08:21:00,18:11:00,19:51:00,8:52:00,12,65,1032,0
2016-01-26,22.27083333333333,18.03333333333333,305.2083333333333,50.23333333333333,11.808333333333332,29.33333333333333,0.5,64.08333333333333,37.208333333333336,Overcast,2.37,3,0,08:21:00,18:13:00,20:50:00,9:27:00,19,78,1027,0
2016-01-27,20.47083333333333,16.3,335.625,39.82083333333333,11.291666666666666,30.95833333333333,0.5,60.79166666666666,34.041666666666664,Sunny,0.06,5,2,08:20:00,18:14:00,21:48:00,9:59:00,17,78,1030,0
2016-01-28,19.34583333333333,15.85,274.0,39.7,12.7375,37.16666666666666,0.5,56.25,29.95833333333333,Partly cloudy,0.0,9,5,08:19:00,18:15:00,22:45:00,10:28:00,26,71,1027,0
2016-01-29,41.2125,32.99166666666667,347.2083333333333,61.775,16.604166666666668,16.916666666666668,0.5,71.5,47.375,Partly cloudy,0.0,11,7,08:18:00,18:16:00,23:42:00,10:57:00,12,73,1028,0
2016-01-30,45.03333333333333,36.28333333333333,358.4583333333333,57.35,14.204166666666666,12.458333333333334,0.5,108.95833333333331,71.29166666666667,Mist,1.42,9,6,08:17:00,18:18:00,,11:27:00,10,90,1029,1
2016-01-31,43.32916666666667,32.85,300.6666666666667,44.70416666666667,10.091666666666669,19.75,0.5,98.79166666666669,67.95833333333333,Sunny,0.0,11,6,08:16:00,18:19:00,12:37:00,11:57:00,17,79,1022,1
2016-02-01,32.59166666666666,24.441666666666663,260.5833333333333,44.6375,11.345833333333331,34.041666666666664,0.5,81.70833333333333,61.29166666666666,Partly cloudy,3.23,13,9,08:15:00,18:20:00,1:34:00,0:29:00,21,82,1019,1
2016-02-02,42.5,34.85,410.5416666666667,57.57083333333333,15.120833333333332,14.916666666666666,0.5,85.70833333333333,62.5,Sunny,0.0,12,8,08:14:00,18:21:00,2:30:00,13:5:00,10,80,1027,1
2016-02-03,23.975,20.683333333333334,247.33333333333331,51.525,13.2625,23.625,0.5,86.125,60.5,Sunny,0.0,15,10,08:13:00,18:22:00,3:27:00,13:46:00,20,68,1021,1
2016-02-04,19.058333333333334,14.491666666666667,207.125,36.833333333333336,10.470833333333331,50.16666666666666,0.5,61.625,35.041666666666664,Cloudy,0.1,14,12,08:12:00,18:24:00,4:22:00,14:31:00,28,69,1015,0
2016-02-05,14.0,9.9625,234.79166666666663,29.65833333333333,6.308333333333334,39.54166666666666,0.5,53.54166666666666,27.541666666666668,Overcast,5.49,10,5,08:11:00,18:25:00,5:17:00,15:23:00,37,88,1011,0
2016-02-06,12.645833333333334,8.0375,236.625,18.95833333333333,4.329166666666667,42.0,0.5,29.541666666666668,17.208333333333332,Overcast,0.47,5,4,08:10:00,18:26:00,6:8:00,16:21:00,37,73,1024,0
2016-02-07,14.8,10.754166666666668,249.20833333333331,28.96666666666667,6.466666666666666,40.04166666666666,0.5,40.41666666666666,19.58333333333333,Sunny,0.01,7,4,08:09:00,18:27:00,6:57:00,17:25:00,17,64,1029,0
2016-02-08,33.72083333333333,29.1375,386.8333333333333,56.775,12.691666666666668,21.5,0.5,59.625,35.416666666666664,Sunny,0.0,8,2,08:08:00,18:29:00,7:42:00,18:32:00,11,64,1026,0
2016-02-09,40.47083333333333,34.829166666666666,357.375,52.07083333333333,15.879166666666668,25.83333333333333,0.5,103.83333333333331,69.5,Sunny,0.0,9,4,08:07:00,18:30:00,8:24:00,19:43:00,11,63,1023,1
2016-02-10,25.0125,20.8875,240.95833333333331,49.67083333333333,15.2,32.541666666666664,0.5,84.45833333333333,61.54166666666666,Sunny,0.0,12,7,08:06:00,18:31:00,9:3:00,20:53:00,24,68,1014,1
2016-02-11,21.1875,16.029166666666665,304.0833333333333,49.75416666666666,9.5125,42.25,0.5,53.41666666666666,33.791666666666664,Overcast,0.15,11,9,08:05:00,18:32:00,9:40:00,22:4:00,24,81,1010,0
2016-02-12,24.254166666666663,18.5375,243.95833333333331,54.62083333333334,9.220833333333331,28.125,0.5,68.20833333333333,43.41666666666666,Sunny,8.1,14,10,08:03:00,18:34:00,10:16:00,23:15:00,22,85,1013,0
2016-02-13,21.52083333333333,14.845833333333331,195.20833333333331,41.54583333333333,6.920833333333333,36.75,0.5,58.75,32.291666666666664,Sunny,0.0,15,11,08:02:00,18:35:00,10:54:00,,25,77,1007,0
2016-02-14,16.1375,11.895833333333334,184.45833333333331,26.52916666666667,7.3625,55.5,0.5,52.79166666666666,26.666666666666668,Sunny,4.52,16,12,08:01:00,18:36:00,11:33:00,12:24:00,29,81,1009,0
2016-02-15,29.429166666666664,21.375,212.45833333333331,49.69166666666666,10.895833333333334,38.0,0.5,56.04166666666666,29.70833333333333,Sunny,0.0,18,13,08:00:00,18:37:00,0:15:00,1:33:00,20,69,1017,0
2016-02-16,45.93333333333334,32.05833333333333,266.9583333333333,54.95,14.991666666666667,26.95833333333333,0.5,80.20833333333333,58.583333333333336,Partly cloudy,0.0,19,14,07:58:00,18:39:00,13:1:00,2:37:00,12,58,1027,1
2016-02-17,59.09583333333333,48.5125,417.125,68.28750000000001,21.120833333333334,18.125,0.5,119.83333333333331,74.625,Sunny,0.0,18,10,07:57:00,18:40:00,13:51:00,3:39:00,11,66,1028,1
2016-02-18,37.99583333333333,30.179166666666664,288.3333333333333,31.1125,7.195833333333333,31.416666666666668,0.5,105.79166666666669,70.04166666666667,Partly cloudy,0.0,12,9,07:56:00,18:41:00,14:45:00,4:34:00,24,84,1021,1
2016-02-19,35.67916666666667,21.604166666666668,281.5416666666667,33.87083333333333,9.95,41.04166666666666,0.5,82.16666666666667,59.833333333333336,Overcast,0.47,9,7,07:54:00,18:42:00,15:42:00,5:25:00,13,83,1014,1
2016-02-20,34.90833333333333,21.90416666666667,339.125,39.90416666666667,8.254166666666666,34.291666666666664,0.5,69.125,44.083333333333336,Partly cloudy,0.04,9,6,07:53:00,18:44:00,16:41:00,6:10:00,11,79,1020,0
2016-02-21,18.525,14.379166666666665,276.9583333333333,28.2125,6.6375,44.16666666666666,0.5,61.0,35.291666666666664,Overcast,1.12,8,6,07:52:00,18:45:00,17:40:00,6:50:00,16,80,1019,0
2016-02-22,30.39583333333333,25.4125,339.5,50.05,13.058333333333332,26.041666666666668,0.5,67.70833333333333,43.5,Sunny,0.0,12,6,07:50:00,18:46:00,18:39:00,7:26:00,11,72,1020,0
2016-02-23,44.59583333333333,38.2875,384.125,72.09583333333333,19.10833333333333,21.625,0.5,92.75,65.625,Sunny,0.0,14,9,07:49:00,18:47:00,19:38:00,7:59:00,10,61,1015,1
2016-02-24,27.183333333333334,22.78333333333333,252.33333333333331,59.9375,14.970833333333331,24.291666666666668,0.5,93.70833333333331,65.70833333333333,Overcast,0.59,15,12,07:47:00,18:48:00,20:35:00,8:29:00,19,74,1011,1
2016-02-25,21.28333333333333,16.229166666666668,265.2083333333333,34.112500000000004,6.004166666666666,32.416666666666664,0.5,63.04166666666666,37.04166666666666,Partly cloudy,6.29,10,8,07:46:00,18:50:00,21:32:00,8:59:00,17,88,1017,0
2016-02-26,58.69583333333333,51.27916666666667,435.875,63.35,15.05,11.208333333333334,0.5,92.25,59.333333333333336,Partly cloudy,1.44,15,8,07:44:00,18:51:00,22:28:00,9:28:00,7,82,1013,1
2016-02-27,50.27916666666667,44.69583333333333,389.1666666666667,62.270833333333336,12.070833333333333,19.5,0.5,145.70833333333334,83.70833333333333,Sunny,0.91,14,9,07:43:00,18:52:00,23:24:00,9:58:00,8,88,1015,1
2016-02-28,38.7375,33.800000000000004,314.6666666666667,35.608333333333334,7.791666666666667,37.04166666666666,0.5,97.79166666666669,67.5,Sunny,0.03,14,9,07:41:00,18:53:00,,10:29:00,15,90,1024,1
2016-02-29,77.25833333333334,62.025,440.7083333333333,81.19166666666666,20.041666666666668,13.375,0.5,123.04166666666669,76.29166666666667,Partly cloudy,0.0,29,23,05:51:00,20:31:00,23:41:00,10:51:00,19,57,1017,1
2016-03-01,74.47916666666667,62.41666666666666,466.625,87.42916666666667,25.34583333333333,16.125,0.5,153.66666666666666,90.04166666666667,Sunny,0.0,18,13,07:38:00,18:55:00,1:15:00,11:41:00,7,59,1012,1
2016-03-02,79.0,61.62083333333334,428.1666666666667,63.40416666666667,11.366666666666667,30.45833333333333,0.5,154.95833333333334,91.95833333333331,Cloudy,5.34,15,10,07:37:00,18:57:00,2:10:00,0:23:00,10,77,1007,1
2016-03-03,37.829166666666666,33.208333333333336,315.1666666666667,55.575,12.4625,29.25,0.5,129.5,78.54166666666667,Sunny,0.27,12,9,07:35:00,18:58:00,3:4:00,13:11:00,10,86,1002,1
2016-03-04,19.7125,16.083333333333332,222.5,40.94583333333333,8.5375,38.16666666666666,0.5,80.04166666666667,56.0,Overcast,2.49,14,10,07:34:00,18:59:00,3:56:00,14:4:00,21,73,1001,1
2016-03-05,26.191666666666663,21.175,297.0833333333333,52.5625,12.816666666666668,28.75,0.5,56.958333333333336,30.58333333333333,Partly cloudy,5.19,11,9,07:32:00,19:0:00,4:45:00,15:4:00,12,78,1011,0
2016-03-06,30.641666666666666,25.495833333333334,280.2083333333333,60.725,13.220833333333331,26.58333333333333,0.5,79.29166666666667,59.54166666666666,Sunny,0.0,14,9,07:30:00,19:1:00,5:31:00,16:9:00,13,65,1014,1
2016-03-07,45.55833333333334,37.65833333333334,408.9166666666667,73.14166666666667,17.6125,19.666666666666668,0.5,83.91666666666667,61.25,Sunny,0.0,16,11,07:29:00,19:2:00,6:14:00,17:18:00,9,57,1012,1
2016-03-08,63.11666666666667,54.40416666666667,502.625,76.57916666666667,14.6,29.0,0.5,134.54166666666666,79.41666666666667,Sunny,0.18,16,11,07:27:00,19:3:00,6:55:00,18:29:00,8,58,1011,1
2016-03-09,48.1875,40.4,363.5416666666667,49.4,7.6625,37.25,0.5,132.875,79.0,Sunny,0.04,17,10,07:26:00,19:5:00,7:34:00,19:42:00,18,68,1007,1
2016-03-10,29.516666666666666,24.491666666666664,286.0416666666667,48.2,10.004166666666666,51.16666666666666,0.5,92.20833333333331,65.33333333333333,Sunny,0.17,15,8,07:24:00,19:6:00,8:11:00,20:55:00,17,78,1005,1
2016-03-11,22.304166666666664,17.3,250.83333333333331,50.45,9.175,35.0,0.5,63.0,38.16666666666666,Sunny,0.02,15,10,07:22:00,19:7:00,8:50:00,22:8:00,17,68,1014,0
2016-03-12,49.85,40.1875,369.9166666666667,38.17083333333333,9.4,54.0,0.5,95.75,62.875,Sunny,0.9,14,9,07:21:00,19:8:00,9:30:00,23:19:00,11,79,1019,1
2016-03-13,24.75,21.7625,245.91666666666663,20.15,8.191666666666666,64.375,0.5,84.79166666666667,58.125,Overcast,1.13,11,9,07:19:00,19:9:00,10:12:00,,33,90,1015,1
2016-03-14,16.570833333333333,11.525,235.375,28.004166666666663,5.0375000000000005,55.5,0.5,60.708333333333336,34.583333333333336,Overcast,0.0,9,6,07:17:00,19:10:00,10:58:00,12:27:00,47,83,1013,0
2016-03-15,16.683333333333334,12.383333333333333,258.8333333333333,29.379166666666663,5.533333333333334,50.083333333333336,0.5,50.083333333333336,24.541666666666668,Overcast,0.23,8,6,07:16:00,19:11:00,11:48:00,1:32:00,26,75,1018,0
2016-03-16,14.708333333333334,11.141666666666666,243.0,37.65,6.608333333333333,44.708333333333336,0.5,49.125,24.625,Overcast,0.22,9,6,07:14:00,19:12:00,0:41:00,2:30:00,23,70,1025,0
2016-03-17,19.33333333333333,16.058333333333334,285.5416666666667,59.15833333333333,12.070833333333333,28.041666666666668,0.5,48.333333333333336,29.541666666666668,Sunny,0.31,7,4,07:12:00,19:13:00,13:38:00,3:23:00,13,69,1027,0
2016-03-18,30.8625,25.554166666666664,329.2083333333333,50.3625,11.404166666666669,29.08333333333333,0.5,75.08333333333333,54.41666666666666,Sunny,0.0,10,4,07:11:00,19:15:00,14:35:00,4:9:00,12,63,1018,1
2016-03-19,32.3875,27.2125,303.5,38.41666666666666,8.875,34.833333333333336,0.5,74.54166666666667,53.04166666666666,Overcast,0.87,10,7,07:09:00,19:16:00,15:34:00,4:51:00,13,86,1011,1
2016-03-20,25.495833333333334,20.954166666666666,286.875,53.53333333333333,10.904166666666669,29.666666666666668,0.5,74.83333333333333,52.875,Sunny,0.12,9,6,07:07:00,19:17:00,16:32:00,5:27:00,12,75,1018,1
2016-03-21,34.5625,28.995833333333334,282.9166666666667,51.84166666666667,11.9375,37.0,0.5,77.95833333333333,56.29166666666666,Sunny,0.0,14,8,07:06:00,19:18:00,17:30:00,6:0:00,17,66,1017,1
2016-03-22,38.67916666666667,29.0125,254.33333333333331,53.1625,9.791666666666666,29.08333333333333,0.5,91.20833333333331,65.125,Partly cloudy,0.0,17,11,07:04:00,19:19:00,18:27:00,6:31:00,21,62,1011,1
2016-03-23,52.175,38.3875,324.4583333333333,47.72916666666666,9.479166666666666,40.458333333333336,0.5,89.66666666666667,64.45833333333333,Cloudy,0.07,18,11,07:02:00,19:20:00,19:24:00,7:1:00,10,60,1005,1
2016-03-24,43.3375,26.71666666666667,207.95833333333331,28.925,5.7625,40.25,0.5,103.33333333333331,69.29166666666667,Sunny,5.5,17,9,07:01:00,19:21:00,20:20:00,7:30:00,31,69,999,1
2016-03-25,13.029166666666669,10.55,272.25,28.17083333333333,5.591666666666666,44.625,0.5,60.958333333333336,37.208333333333336,Overcast,11.35,8,7,06:59:00,19:22:00,21:17:00,7:59:00,21,88,1010,0
2016-03-26,13.329166666666666,10.958333333333334,234.5,33.4125,4.804166666666666,47.625,0.5,40.333333333333336,23.125,Sunny,2.92,9,5,06:57:00,19:23:00,22:12:00,8:30:00,27,70,1017,0
2016-03-27,15.666666666666666,13.708333333333334,237.20833333333331,40.425,5.541666666666667,44.41666666666666,0.5,54.125,28.375,Cloudy,0.0,9,4,06:55:00,19:24:00,23:8:00,9:3:00,23,66,1016,0
2016-03-28,25.229166666666668,21.85,303.125,63.325,9.1625,25.70833333333333,0.5,56.75,33.541666666666664,Cloudy,0.15,10,6,06:54:00,19:25:00,,9:39:00,10,64,1018,0
2016-03-29,26.975,24.5,277.9583333333333,55.7,10.645833333333334,38.41666666666666,0.5,76.91666666666667,57.708333333333336,Sunny,0.0,13,7,06:52:00,19:26:00,12:3:00,10:19:00,15,60,1018,1
2016-03-30,41.10833333333333,34.30833333333333,318.2083333333333,82.27499999999999,12.979166666666666,24.791666666666668,0.5,82.41666666666667,61.5,Sunny,0.0,16,10,06:50:00,19:28:00,12:56:00,11:4:00,13,70,1021,1
2016-03-31,53.6,46.958333333333336,336.7916666666667,76.66666666666667,12.8,23.5,0.5,116.375,73.58333333333333,Sunny,0.0,17,11,06:49:00,19:29:00,1:48:00,11:54:00,10,63,1022,1
2016-04-01,40.4,33.575,269.6666666666667,43.8625,8.6,36.583333333333336,0.5,116.70833333333331,73.75,Sunny,0.0,18,12,06:47:00,19:30:00,2:36:00,0:49:00,15,61,1018,1
2016-04-02,28.570833333333336,21.479166666666668,227.66666666666663,29.383333333333336,6.6375,46.333333333333336,0.5,83.83333333333333,61.41666666666666,Sunny,0.0,16,9,06:45:00,19:31:00,3:23:00,13:50:00,25,72,1021,1
2016-04-03,12.633333333333333,10.004166666666666,216.125,46.50416666666666,4.708333333333333,36.208333333333336,0.5,54.625,31.20833333333333,Sunny,0.0,15,8,06:44:00,19:32:00,4:5:00,14:55:00,25,60,1023,0
2016-04-04,17.629166666666666,14.395833333333334,278.8333333333333,73.44583333333334,7.883333333333333,24.291666666666668,0.5,47.75,33.458333333333336,Sunny,0.0,16,8,06:42:00,19:33:00,4:46:00,16:3:00,13,57,1017,0
2016-04-05,31.4,25.77083333333333,353.2083333333333,94.16666666666669,11.025,21.166666666666668,0.5,68.25,50.16666666666666,Sunny,0.0,18,10,06:40:00,19:34:00,5:25:00,17:15:00,11,49,1013,1
2016-04-06,58.00416666666666,45.375,404.7083333333333,113.80833333333334,16.283333333333335,16.958333333333332,0.5,95.20833333333331,66.33333333333333,Sunny,0.0,20,12,06:39:00,19:35:00,6:3:00,18:28:00,8,49,1011,1
2016-04-07,76.8,66.21666666666667,463.2916666666667,96.87916666666666,15.425,10.583333333333334,0.5,146.20833333333334,85.75,Sunny,0.0,21,13,06:37:00,19:36:00,6:41:00,19:42:00,7,47,1012,1
2016-04-08,74.32083333333334,61.37083333333334,428.375,88.62916666666666,14.204166666666666,19.5,0.5,153.79166666666666,90.16666666666669,Sunny,0.0,22,15,06:36:00,19:37:00,7:21:00,20:56:00,7,50,1006,1
2016-04-09,128.0875,82.9875,374.9583333333333,67.31666666666666,7.425,33.666666666666664,0.5,160.08333333333334,99.75,Sunny,0.67,21,13,06:34:00,19:38:00,8:3:00,22:8:00,7,62,1003,1
2016-04-10,53.29583333333333,35.454166666666666,216.41666666666663,38.52916666666667,6.079166666666667,36.833333333333336,0.5,144.95833333333334,88.29166666666667,Sunny,1.05,18,14,06:32:00,19:39:00,8:49:00,23:18:00,17,73,1003,1
2016-04-11,40.35416666666666,30.641666666666666,262.875,58.2125,9.0125,22.416666666666668,0.5,88.33333333333333,64.04166666666667,Sunny,0.0,17,12,06:31:00,19:40:00,9:39:00,,12,72,1007,1
2016-04-12,61.05833333333334,49.85,428.0833333333333,74.89583333333333,10.595833333333331,14.291666666666666,0.5,113.25,72.54166666666667,Overcast,0.1,16,12,06:29:00,19:41:00,10:33:00,12:21:00,8,80,1013,1
2016-04-13,59.0625,49.175,433.375,74.58749999999999,9.516666666666667,21.916666666666668,0.5,144.0,82.58333333333333,Sunny,0.19,17,11,06:28:00,19:42:00,11:30:00,1:18:00,13,67,1013,1
2016-04-14,44.60833333333333,35.11666666666667,240.04166666666663,59.583333333333336,8.487499999999999,32.875,0.5,106.04166666666669,70.375,Partly cloudy,0.5,15,11,06:26:00,19:43:00,0:28:00,2:8:00,13,73,1012,1
2016-04-15,59.68333333333334,45.29166666666666,295.0416666666667,68.6875,11.4,24.45833333333333,0.5,113.75,72.79166666666667,Partly cloudy,0.6,16,11,06:24:00,19:44:00,13:28:00,2:51:00,16,70,1012,1
2016-04-16,53.90833333333333,46.70416666666667,401.0416666666667,76.19583333333334,10.816666666666668,27.541666666666668,0.5,129.29166666666666,77.75,Partly cloudy,0.5,17,11,06:23:00,19:46:00,14:26:00,3:29:00,16,66,1014,1
2016-04-17,45.18333333333334,36.84583333333333,281.625,78.65416666666667,11.716666666666669,22.291666666666668,0.5,113.875,72.79166666666667,Patchy rain possible,0.5,16,11,06:21:00,19:47:00,15:25:00,4:3:00,17,70,1015,1
2016-04-18,53.575,41.5625,295.125,85.46249999999999,13.158333333333331,19.791666666666668,0.5,104.5,69.83333333333333,Partly cloudy,1.84,15,10,06:20:00,19:48:00,16:21:00,4:34:00,19,72,1013,1
2016-04-19,64.40416666666667,50.85416666666666,346.5416666666667,70.02083333333333,8.491666666666667,22.58333333333333,0.5,126.79166666666669,76.91666666666667,Patchy rain possible,0.3,16,10,06:18:00,19:49:00,17:18:00,5:4:00,16,72,1014,1
2016-04-20,35.68333333333333,27.766666666666666,223.70833333333331,27.925,4.5,50.875,0.5,123.58333333333331,75.91666666666667,Partly cloudy,1.51,17,11,06:17:00,19:50:00,18:14:00,5:33:00,16,71,1013,1
2016-04-21,15.325,12.079166666666666,206.29166666666663,51.5625,7.758333333333333,36.0,0.5,57.875,34.875,Sunny,0.28,16,11,06:15:00,19:51:00,19:11:00,6:2:00,19,56,1026,0
2016-04-22,34.62916666666667,28.604166666666668,291.25,75.2625,11.475,23.666666666666668,0.5,63.583333333333336,40.458333333333336,Sunny,0.0,18,10,06:14:00,19:52:00,20:6:00,6:32:00,10,49,1019,0
2016-04-23,51.9,45.44583333333333,333.9583333333333,67.0,11.666666666666666,29.08333333333333,0.5,111.125,71.875,Cloudy,0.0,19,12,06:13:00,19:53:00,21:2:00,7:4:00,7,51,1009,1
2016-04-24,37.61666666666667,29.366666666666664,239.5,35.3875,6.7125,43.958333333333336,0.5,113.58333333333331,72.70833333333333,Sunny,2.95,19,15,06:11:00,19:54:00,21:58:00,7:39:00,18,61,1000,1
2016-04-25,18.554166666666667,13.929166666666667,194.20833333333331,35.90833333333333,6.229166666666667,44.375,0.5,59.66666666666666,34.333333333333336,Sunny,6.28,19,14,06:10:00,19:55:00,22:52:00,8:17:00,19,71,1000,0
2016-04-26,16.145833333333332,12.608333333333334,212.33333333333331,36.17916666666667,5.258333333333334,33.416666666666664,0.5,55.25,29.375,Sunny,2.01,18,9,06:08:00,19:56:00,23:44:00,9:1:00,20,74,1004,0
2016-04-27,22.6,20.945833333333333,301.125,52.0375,10.170833333333333,29.916666666666668,0.5,57.458333333333336,31.291666666666668,Sunny,0.0,16,9,06:07:00,19:57:00,,9:48:00,8,66,1015,0
2016-04-28,44.025,37.85833333333333,353.4166666666667,67.675,7.5375,23.33333333333333,0.5,90.66666666666669,63.66666666666666,Sunny,0.0,18,11,06:06:00,19:58:00,12:33:00,10:41:00,7,62,1017,1
2016-04-29,38.05,31.933333333333334,335.4583333333333,42.91666666666666,7.066666666666666,38.25,0.5,100.79166666666669,68.54166666666667,Partly cloudy,0.0,18,12,06:04:00,19:59:00,1:19:00,11:38:00,13,57,1017,1
2016-04-30,18.566666666666663,15.470833333333331,212.45833333333331,26.204166666666666,4.479166666666667,54.41666666666666,0.5,72.58333333333333,48.625,Sunny,0.0,18,12,06:03:00,20:0:00,2:2:00,0:39:00,21,72,1017,0
2016-05-01,14.795833333333333,12.3125,186.16666666666663,28.975,4.616666666666666,55.79166666666666,0.5,53.41666666666666,27.25,Sunny,0.02,16,11,06:02:00,20:1:00,2:42:00,13:45:00,25,78,1017,0
2016-05-02,26.1125,22.675,241.5,42.73333333333333,5.004166666666666,36.0,0.5,59.04166666666666,33.0,Sunny,0.01,17,12,06:01:00,20:2:00,3:20:00,14:52:00,16,79,1011,0
2016-05-03,33.86666666666667,27.254166666666663,247.54166666666663,40.95,5.345833333333334,44.54166666666666,0.5,81.25,60.5,Sunny,1.06,20,13,05:59:00,20:3:00,3:57:00,16:3:00,13,71,1005,1
2016-05-04,17.579166666666666,13.816666666666668,221.04166666666663,35.34166666666667,5.5625,50.04166666666666,0.5,66.0,41.875,Partly cloudy,1.41,16,12,05:58:00,20:4:00,4:33:00,17:15:00,15,74,1005,0
2016-05-05,22.9375,20.266666666666666,284.1666666666667,37.0125,5.9750000000000005,53.083333333333336,0.5,61.208333333333336,34.5,Overcast,0.0,15,11,05:57:00,20:5:00,5:12:00,18:28:00,13,85,1009,0
2016-05-06,21.90416666666667,17.404166666666665,267.625,53.825,5.2250000000000005,29.291666666666668,0.5,64.83333333333333,37.958333333333336,Overcast,0.74,16,11,05:56:00,20:6:00,5:52:00,19:43:00,14,82,1013,0
2016-05-07,37.63333333333333,31.52083333333333,328.75,61.208333333333336,6.670833333333333,31.33333333333333,0.5,78.25,53.958333333333336,Sunny,0.01,17,10,05:55:00,20:7:00,6:36:00,20:54:00,8,77,1015,1
2016-05-08,33.46666666666667,28.8625,302.5416666666667,38.2625,4.708333333333333,45.875,0.5,86.83333333333333,63.41666666666666,Sunny,0.0,19,12,05:54:00,20:8:00,7:25:00,22:3:00,9,71,1017,1
2016-05-09,22.1,18.683333333333334,244.58333333333331,32.34166666666667,4.4625,54.54166666666666,0.5,76.375,52.79166666666666,Sunny,0.0,19,13,05:52:00,20:9:00,8:18:00,23:5:00,16,76,1018,1
2016-05-10,22.141666666666666,18.1,232.33333333333331,51.8375,5.583333333333333,27.875,0.5,63.0,36.125,Partly cloudy,0.02,18,13,05:51:00,20:10:00,9:16:00,,13,78,1017,0
2016-05-11,38.72916666666666,32.24166666666667,330.1666666666667,75.2,9.529166666666669,18.83333333333333,0.5,72.41666666666667,48.04166666666666,Sunny,0.0,19,13,05:50:00,20:11:00,10:16:00,12:0:00,6,70,1014,0
2016-05-12,53.65416666666667,42.42083333333333,314.4166666666667,54.975,7.575,24.291666666666668,0.5,106.79166666666669,70.625,Partly cloudy,2.36,23,17,05:49:00,20:12:00,11:17:00,12:48:00,11,59,1007,1
2016-05-13,101.69166666666666,60.61666666666667,211.16666666666663,37.825,6.316666666666666,36.66666666666666,0.5,141.04166666666666,83.45833333333333,Sunny,0.27,24,18,05:48:00,20:13:00,0:17:00,1:29:00,22,66,1003,1
2016-05-14,52.76666666666667,25.3375,195.125,28.34166666666667,5.479166666666667,50.583333333333336,0.5,120.04166666666669,75.5,Sunny,0.0,24,18,05:47:00,20:14:00,13:17:00,2:5:00,26,62,1007,1
2016-05-15,53.88333333333333,33.00833333333333,185.41666666666663,37.675,5.204166666666667,40.875,0.5,86.79166666666667,63.54166666666666,Sunny,2.0,24,17,05:46:00,20:15:00,14:15:00,2:37:00,19,63,1010,1
2016-05-16,32.24583333333333,21.741666666666664,211.08333333333331,31.950000000000003,5.783333333333334,44.208333333333336,0.5,76.125,51.625,Sunny,0.29,22,16,05:45:00,20:16:00,15:12:00,3:8:00,14,69,1012,1
2016-05-17,20.604166666666668,17.1,219.625,30.90833333333333,5.104166666666667,47.583333333333336,0.5,71.91666666666667,49.5,Overcast,0.11,18,13,05:44:00,20:17:00,16:8:00,3:37:00,23,76,1014,0
2016-05-18,16.462500000000002,14.483333333333334,207.70833333333331,48.2125,6.229166666666667,43.333333333333336,0.5,53.875,28.75,Sunny,0.01,18,13,05:44:00,20:18:00,17:4:00,4:5:00,20,66,1014,0
2016-05-19,29.558333333333334,23.39583333333333,249.95833333333331,57.145833333333336,7.845833333333334,41.708333333333336,0.5,65.75,40.875,Sunny,0.55,21,16,05:43:00,20:19:00,18:0:00,4:34:00,14,68,1014,0
2016-05-20,40.05416666666667,34.40416666666667,275.0,50.85416666666666,6.325,33.375,0.5,88.79166666666667,63.833333333333336,Partly cloudy,1.51,21,15,05:42:00,20:20:00,18:56:00,5:6:00,12,71,1014,1
2016-05-21,23.879166666666663,19.745833333333334,230.66666666666663,26.725,4.670833333333333,49.125,0.5,80.625,58.125,Patchy rain possible,0.65,21,16,05:41:00,20:21:00,19:53:00,5:40:00,12,71,1014,1
2016-05-22,16.408333333333335,12.733333333333334,178.54166666666666,38.3625,4.858333333333333,59.5,0.5,58.29166666666666,32.958333333333336,Overcast,0.4,19,16,05:40:00,20:22:00,20:48:00,6:17:00,28,75,1013,0
2016-05-23,33.0125,24.35,261.5416666666667,58.0125,6.520833333333333,41.04166666666666,0.5,60.125,36.41666666666666,Sunny,0.09,21,15,05:40:00,20:23:00,21:41:00,6:58:00,7,66,1014,0
2016-05-24,29.77916666666667,24.745833333333334,224.16666666666663,38.23333333333333,6.308333333333334,57.958333333333336,0.5,81.5,61.375,Sunny,0.0,23,17,05:39:00,20:24:00,22:32:00,7:45:00,16,57,1009,1
2016-05-25,25.08333333333333,17.379166666666666,193.20833333333331,30.366666666666664,6.0875,52.083333333333336,0.5,68.66666666666667,44.375,Sunny,2.13,21,17,05:38:00,20:25:00,23:19:00,8:36:00,23,65,1004,0
2016-05-26,19.15833333333333,16.029166666666665,231.20833333333331,38.05833333333333,5.7375,41.66666666666666,0.5,56.458333333333336,30.125,Moderate or heavy rain shower,25.79,17,16,05:38:00,20:25:00,,9:32:00,17,78,1007,0
2016-05-27,17.654166666666665,13.883333333333333,204.58333333333331,38.32083333333333,5.55,47.75,0.5,60.208333333333336,33.625,Light rain shower,6.52,16,15,05:37:00,20:26:00,12:3:00,10:32:00,15,87,1012,0
2016-05-28,24.275,19.466666666666665,241.625,54.41666666666666,5.133333333333334,26.33333333333333,0.5,55.0,30.916666666666668,Partly cloudy,0.0,17,15,05:36:00,20:27:00,12:43:00,11:35:00,9,86,1015,0
2016-05-29,25.70833333333333,22.320833333333336,220.5,54.3125,8.358333333333333,38.16666666666666,0.5,71.70833333333333,48.875,Sunny,0.0,23,17,05:36:00,20:28:00,1:21:00,0:39:00,14,65,1013,0
2016-05-30,37.19166666666667,27.59166666666667,228.70833333333331,62.88333333333333,8.845833333333333,39.833333333333336,0.5,74.66666666666667,53.5,Sunny,1.94,25,19,05:35:00,20:29:00,1:57:00,13:47:00,13,62,1011,1
2016-05-31,57.25416666666666,36.7875,244.0,58.64166666666667,10.529166666666669,34.291666666666664,0.5,90.45833333333331,64.83333333333333,Patchy rain possible,0.84,23,17,05:35:00,20:29:00,2:31:00,14:56:00,14,67,1013,1
2016-06-01,66.30416666666666,47.9125,356.3333333333333,66.26666666666667,10.233333333333333,26.291666666666668,0.5,122.79166666666669,75.70833333333333,Sunny,1.13,25,19,05:34:00,20:30:00,3:7:00,16:6:00,9,63,1014,1
2016-06-02,58.208333333333336,44.57083333333333,256.3333333333333,52.98333333333333,7.079166666666667,41.125,0.5,126.66666666666669,76.83333333333333,Sunny,0.1,27,20,05:34:00,20:31:00,3:45:00,17:18:00,11,57,1010,1
2016-06-03,45.07916666666666,34.28333333333333,266.625,57.65833333333333,6.866666666666667,24.291666666666668,0.5,115.0,73.125,Thundery outbreaks possible,0.04,24,18,05:34:00,20:32:00,4:26:00,18:30:00,13,70,1007,1
2016-06-04,39.9875,33.12083333333333,269.1666666666667,41.05833333333333,6.904166666666666,33.0,0.5,95.625,66.625,Sunny,0.39,24,18,05:33:00,20:32:00,5:11:00,19:41:00,9,68,1009,1
2016-06-05,22.975,18.39583333333333,243.54166666666663,50.97083333333333,5.2375,27.541666666666668,0.5,77.33333333333333,53.29166666666666,Sunny,0.06,23,18,05:33:00,20:33:00,6:2:00,20:47:00,9,71,1013,1
2016-06-06,33.71666666666667,25.766666666666666,285.625,43.8,5.979166666666667,31.58333333333333,0.5,67.83333333333333,43.25,Partly cloudy,0.0,24,17,05:33:00,20:34:00,6:58:00,21:47:00,6,62,1012,0
2016-06-07,19.058333333333334,14.316666666666668,212.875,25.775,5.041666666666667,54.54166666666666,0.5,74.625,52.54166666666666,Cloudy,0.99,21,17,05:32:00,20:34:00,7:58:00,22:39:00,22,67,1016,1
2016-06-08,11.691666666666668,7.3,179.41666666666666,27.59583333333333,4.895833333333333,48.125,0.5,36.583333333333336,22.166666666666668,Partly cloudy,0.0,20,16,05:32:00,20:35:00,9:0:00,23:25:00,27,59,1018,0
2016-06-09,12.775,9.279166666666669,195.25,30.916666666666668,7.079166666666667,42.208333333333336,0.5,35.916666666666664,21.541666666666668,Partly cloudy,0.03,20,15,05:32:00,20:35:00,10:3:00,,19,61,1015,0
2016-06-10,15.829166666666667,11.395833333333334,202.25,41.0875,7.041666666666667,40.708333333333336,0.5,41.0,22.041666666666668,Sunny,0.0,19,15,05:32:00,20:36:00,11:4:00,12:4:00,16,67,1013,0
2016-06-11,26.4,19.125,243.375,54.3625,9.65,39.208333333333336,0.5,55.458333333333336,31.541666666666668,Sunny,0.0,23,15,05:32:00,20:36:00,0:4:00,12:38:00,7,60,1014,0
2016-06-12,33.94166666666667,25.65833333333333,229.83333333333331,60.97083333333333,10.0625,39.66666666666666,0.5,73.45833333333333,52.41666666666666,Sunny,0.0,26,19,05:32:00,20:37:00,13:2:00,1:10:00,11,47,1012,1
2016-06-13,29.5,23.15833333333333,199.16666666666663,38.1125,7.8,44.333333333333336,0.5,75.29166666666667,54.91666666666666,Sunny,2.06,27,20,05:32:00,20:37:00,14:0:00,1:40:00,15,49,1005,1
2016-06-14,31.84166666666667,22.058333333333334,165.70833333333334,36.329166666666666,7.779166666666666,42.16666666666666,0.5,71.58333333333333,48.66666666666666,Cloudy,3.01,24,20,05:32:00,20:38:00,14:56:00,2:8:00,16,65,1002,0
2016-06-15,26.725,20.066666666666663,180.33333333333331,43.99583333333334,6.908333333333334,48.29166666666666,0.5,70.66666666666667,46.875,Moderate or heavy rain shower,12.31,22,19,05:32:00,20:38:00,15:52:00,2:37:00,17,72,1007,0
2016-06-16,34.05833333333333,25.441666666666663,255.33333333333331,63.520833333333336,9.533333333333331,30.291666666666668,0.5,70.33333333333333,45.958333333333336,Patchy rain possible,0.42,26,20,05:32:00,20:38:00,16:48:00,3:8:00,15,66,1014,0
2016-06-17,42.6375,34.22083333333333,266.0416666666667,66.46666666666667,9.1,30.75,0.5,94.29166666666669,66.125,Sunny,0.0,28,21,05:32:00,20:39:00,17:45:00,3:40:00,6,54,1017,1
2016-06-18,25.979166666666668,20.65833333333333,222.45833333333331,45.825,7.054166666666667,36.79166666666666,0.5,82.45833333333333,59.625,Sunny,0.05,31,22,05:32:00,20:39:00,18:40:00,4:16:00,15,48,1016,1
2016-06-19,25.1625,20.03333333333333,205.29166666666663,29.59166666666667,6.525,35.958333333333336,0.5,64.875,38.083333333333336,Sunny,0.0,31,22,05:32:00,20:39:00,19:36:00,4:56:00,21,57,1013,0
2016-06-20,35.983333333333334,25.6125,208.83333333333331,31.441666666666663,7.258333333333333,38.208333333333336,0.5,73.04166666666667,50.958333333333336,Sunny,0.0,31,22,05:32:00,20:40:00,20:28:00,5:41:00,25,62,1015,1
2016-06-21,40.975,27.83333333333333,195.41666666666663,30.191666666666663,6.254166666666666,48.5,0.5,81.125,61.208333333333336,Sunny,0.0,31,22,05:32:00,20:40:00,21:17:00,6:31:00,29,65,1017,1
2016-06-22,38.16666666666666,27.879166666666663,194.20833333333331,28.054166666666664,5.6375,48.04166666666666,0.5,84.04166666666667,62.333333333333336,Sunny,0.0,30,23,05:33:00,20:40:00,22:3:00,7:26:00,27,69,1016,1
2016-06-23,41.7375,28.425,196.54166666666663,26.69583333333333,5.8625,48.75,0.5,86.125,63.16666666666666,Sunny,0.01,31,23,05:33:00,20:40:00,22:45:00,8:25:00,27,69,1015,1
2016-06-24,32.454166666666666,21.766666666666666,189.625,20.241666666666667,5.545833333333333,54.708333333333336,0.5,77.625,56.75,Sunny,0.0,30,24,05:33:00,20:40:00,23:24:00,9:28:00,35,64,1015,1
2016-06-25,25.04583333333333,17.383333333333333,169.5,19.504166666666663,5.870833333333334,57.083333333333336,0.5,67.75,42.083333333333336,Sunny,0.0,29,23,05:34:00,20:40:00,12:0:00,10:32:00,34,68,1012,0
2016-06-26,32.6875,21.091666666666665,178.25,29.1625,6.104166666666667,48.75,0.5,61.04166666666666,34.458333333333336,Sunny,0.02,30,23,05:34:00,20:40:00,,11:38:00,23,71,1009,0
2016-06-27,33.475,21.541666666666668,223.0,46.5,8.266666666666667,34.208333333333336,0.5,69.95833333333333,45.66666666666666,Sunny,0.0,28,23,05:34:00,20:40:00,12:34:00,0:45:00,10,71,1009,0
2016-06-28,41.579166666666666,28.92083333333333,247.66666666666663,41.28333333333333,6.679166666666667,34.916666666666664,0.5,82.54166666666667,60.04166666666666,Sunny,0.17,28,22,05:35:00,20:40:00,1:9:00,13:53:00,9,66,1008,1
2016-06-29,20.629166666666663,17.383333333333333,223.58333333333331,41.1375,7.6,35.5,0.5,72.08333333333333,47.75,Sunny,0.11,27,22,05:35:00,20:40:00,1:45:00,15:2:00,14,67,1010,0
2016-06-30,17.587500000000002,14.458333333333334,188.125,46.41666666666666,7.066666666666666,27.75,0.5,54.208333333333336,27.875,Partly cloudy,4.28,27,22,05:36:00,20:40:00,2:22:00,16:12:00,10,70,1014,0
2016-07-01,39.016666666666666,33.59583333333333,283.375,42.895833333333336,7.587499999999999,35.791666666666664,0.5,84.08333333333333,57.5,Sunny,0.0,29,22,05:36:00,20:40:00,3:4:00,17:22:00,8,65,1015,1
2016-07-02,22.079166666666666,18.09583333333333,201.0,25.245833333333334,6.204166666666667,51.625,0.5,75.20833333333333,50.458333333333336,Sunny,0.0,29,22,05:37:00,20:40:00,3:51:00,18:28:00,16,68,1013,1
2016-07-03,13.945833333333333,11.354166666666666,179.66666666666666,19.6,6.008333333333333,54.875,0.5,56.625,30.75,Sunny,0.36,28,23,05:37:00,20:40:00,4:43:00,19:31:00,18,71,1011,0
2016-07-04,21.820833333333336,16.9875,175.04166666666666,18.675,6.466666666666666,51.5,0.5,51.91666666666666,26.625,Sunny,0.0,29,24,05:38:00,20:39:00,5:40:00,20:27:00,21,65,1012,0
2016-07-05,13.329166666666666,9.55,157.875,17.658333333333335,5.745833333333334,61.125,0.5,53.083333333333336,30.83333333333333,Sunny,0.24,27,22,05:38:00,20:39:00,6:41:00,21:17:00,25,67,1015,0
2016-07-06,14.795833333333334,9.4125,150.91666666666666,18.54583333333333,5.908333333333334,62.083333333333336,0.5,37.708333333333336,24.95833333333333,Sunny,0.0,27,21,05:39:00,20:39:00,7:45:00,21:59:00,19,59,1013,0
2016-07-07,14.854166666666666,10.758333333333333,158.41666666666666,16.962500000000002,6.120833333333334,61.583333333333336,0.5,42.54166666666666,24.916666666666668,Sunny,0.14,27,22,05:40:00,20:39:00,8:48:00,22:36:00,22,66,1012,0
2016-07-08,14.058333333333335,8.991666666666667,151.79166666666666,21.45,6.279166666666666,53.333333333333336,0.5,41.875,22.791666666666668,Sunny,0.01,27,22,05:40:00,20:38:00,9:50:00,23:10:00,27,57,1018,0
2016-07-09,13.233333333333334,8.016666666666667,147.58333333333334,28.96666666666667,5.191666666666666,45.583333333333336,0.5,35.041666666666664,22.5,Sunny,0.0,26,20,05:41:00,20:38:00,10:50:00,23:41:00,20,56,1016,0
2016-07-10,23.275,17.9875,211.20833333333331,28.40416666666667,7.466666666666666,45.708333333333336,0.5,50.41666666666666,27.45833333333333,Sunny,0.0,27,20,05:42:00,20:37:00,11:48:00,,14,59,1015,0
2016-07-11,15.0,10.675,169.58333333333334,24.52083333333333,7.483333333333333,52.75,0.5,54.083333333333336,29.83333333333333,Sunny,0.0,27,21,05:42:00,20:37:00,0:45:00,12:10:00,23,58,1016,0
2016-07-12,14.445833333333333,9.741666666666667,160.16666666666666,25.3125,5.866666666666667,51.333333333333336,0.5,40.708333333333336,21.95833333333333,Sunny,0.0,27,21,05:43:00,20:36:00,13:42:00,12:39:00,28,68,1014,0
2016-07-13,24.016666666666666,13.2125,163.08333333333334,32.65833333333333,7.220833333333334,44.29166666666666,0.5,46.333333333333336,23.45833333333333,Sunny,0.0,28,22,05:44:00,20:36:00,14:38:00,1:9:00,17,74,1011,0
2016-07-14,29.77083333333333,20.320833333333333,206.75,38.325,8.904166666666667,42.25,0.5,59.625,33.041666666666664,Sunny,0.0,28,21,05:45:00,20:35:00,15:35:00,1:40:00,9,74,1009,0
2016-07-15,20.7625,15.816666666666668,185.29166666666663,26.066666666666663,8.7875,50.66666666666666,0.5,65.20833333333333,38.66666666666666,Sunny,0.0,28,21,05:45:00,20:35:00,16:30:00,2:14:00,15,70,1009,0
2016-07-16,21.616666666666664,17.974999999999998,189.16666666666663,23.9,7.3875,50.208333333333336,0.5,57.75,31.25,Sunny,0.0,31,22,05:46:00,20:34:00,17:26:00,2:52:00,15,65,1008,0
2016-07-17,24.14583333333333,18.695833333333333,188.95833333333331,30.745833333333334,8.620833333333334,38.083333333333336,0.5,64.375,37.54166666666666,Sunny,0.0,29,23,05:47:00,20:33:00,18:19:00,3:35:00,12,73,1008,0
2016-07-18,18.745833333333334,14.079166666666666,182.75,32.362500000000004,7.183333333333334,39.583333333333336,0.5,59.875,33.333333333333336,Sunny,1.87,27,22,05:48:00,20:33:00,19:11:00,4:23:00,18,66,1012,0
2016-07-19,15.666666666666666,10.658333333333331,163.91666666666666,29.35833333333333,7.504166666666666,37.333333333333336,0.5,52.708333333333336,26.625,Sunny,0.69,28,22,05:49:00,20:32:00,19:59:00,5:17:00,19,64,1011,0
2016-07-20,15.429166666666667,9.1,161.08333333333334,28.48333333333333,7.2375,40.54166666666666,0.5,37.625,20.20833333333333,Sunny,0.62,27,23,05:49:00,20:31:00,20:43:00,6:15:00,19,69,1011,0
2016-07-21,13.008333333333333,9.283333333333331,163.20833333333334,38.34166666666667,7.1375,42.583333333333336,0.5,38.0,22.416666666666668,Sunny,0.28,28,23,05:50:00,20:30:00,21:24:00,7:18:00,17,69,1011,0
2016-07-22,17.7375,13.545833333333334,190.875,48.60416666666666,8.775,41.375,0.5,45.79166666666666,26.83333333333333,Sunny,0.04,28,22,05:51:00,20:30:00,22:2:00,8:23:00,19,66,1011,0
2016-07-23,19.15833333333333,15.2125,202.95833333333331,38.04166666666666,6.333333333333333,51.5,0.5,56.083333333333336,30.166666666666668,Sunny,0.01,29,23,05:52:00,20:29:00,22:37:00,9:30:00,18,66,1010,0
2016-07-24,16.858333333333334,13.679166666666667,172.5,28.495833333333334,7.591666666666666,52.0,0.5,54.583333333333336,29.0,Patchy rain possible,0.42,29,23,05:53:00,20:28:00,23:12:00,10:37:00,14,68,1008,0
2016-07-25,15.908333333333331,11.679166666666667,192.0,23.433333333333334,6.395833333333333,58.25,0.5,51.958333333333336,27.166666666666668,Patchy rain possible,0.04,29,22,05:54:00,20:27:00,23:47:00,11:45:00,9,66,1007,0
2016-07-26,15.5125,11.008333333333333,187.66666666666663,24.508333333333336,6.641666666666667,59.5,0.5,46.458333333333336,25.0,Sunny,0.27,29,23,05:55:00,20:26:00,,0:54:00,12,66,1008,0
2016-07-27,17.791666666666668,12.195833333333333,194.58333333333331,24.729166666666668,6.541666666666667,63.16666666666666,0.5,46.375,26.291666666666668,Sunny,0.37,29,23,05:56:00,20:25:00,12:24:00,14:2:00,12,67,1010,0
2016-07-28,24.745833333333334,18.125,301.5833333333333,25.03333333333333,5.175,66.41666666666667,0.5,57.29166666666666,31.291666666666668,Sunny,0.0,28,23,05:57:00,20:24:00,1:3:00,15:10:00,27,69,1012,0
2016-07-29,22.791666666666668,18.716666666666665,331.4166666666667,30.820833333333336,6.4,58.208333333333336,0.5,62.708333333333336,35.875,Sunny,0.0,29,23,05:57:00,20:23:00,1:47:00,16:16:00,27,67,1010,0
2016-07-30,21.441666666666663,19.75,323.25,30.90416666666667,6.458333333333333,62.833333333333336,0.5,65.79166666666667,38.833333333333336,Sunny,0.0,30,23,05:59:00,20:21:00,3:29:00,18:16:00,22,64,1012,0
2016-07-31,23.979166666666668,22.6875,309.375,28.116666666666664,6.229166666666667,61.083333333333336,0.5,69.83333333333333,45.25,Sunny,0.0,30,23,05:59:00,20:21:00,3:29:00,18:16:00,22,64,1012,0
2016-08-01,24.77083333333333,18.370833333333334,272.5,31.925,6.558333333333334,57.708333333333336,0.5,69.5,44.79166666666666,Sunny,0.0,31,23,06:00:00,20:20:00,4:27:00,19:8:00,21,67,1011,0
2016-08-02,35.487500000000004,23.441666666666663,271.9166666666667,36.8875,8.0375,47.833333333333336,0.5,69.20833333333333,45.208333333333336,Sunny,0.0,30,23,06:01:00,20:19:00,5:29:00,19:53:00,14,77,1010,0
2016-08-03,29.379166666666663,22.204166666666666,217.45833333333331,27.8,7.316666666666666,66.66666666666667,0.5,70.20833333333333,46.125,Sunny,0.05,28,24,06:02:00,20:18:00,6:32:00,20:33:00,20,72,1011,0
2016-08-04,24.2625,17.691666666666666,200.95833333333331,24.175,6.729166666666667,71.5,0.5,68.08333333333333,43.0,Sunny,0.05,29,23,06:03:00,20:16:00,7:35:00,21:8:00,24,69,1013,0
2016-08-05,34.829166666666666,27.22083333333333,222.79166666666663,26.116666666666664,5.983333333333333,73.08333333333333,0.5,71.16666666666667,47.54166666666666,Sunny,0.04,30,24,06:04:00,20:15:00,8:35:00,21:41:00,28,69,1011,0
2016-08-06,29.40416666666667,22.129166666666663,234.125,28.875,7.641666666666667,58.125,0.5,79.25,58.91666666666666,Sunny,0.0,30,24,06:05:00,20:14:00,9:36:00,22:11:00,22,70,1012,1
2016-08-07,35.325,25.9625,231.125,26.758333333333336,7.962499999999999,50.66666666666666,0.5,72.45833333333333,50.04166666666666,Sunny,0.0,31,23,06:06:00,20:13:00,10:33:00,22:40:00,17,71,1013,1
2016-08-08,40.00416666666667,22.379166666666663,200.04166666666663,21.5625,6.683333333333334,58.91666666666666,0.5,80.54166666666667,60.375,Sunny,0.0,29,24,06:07:00,20:12:00,11:31:00,23:10:00,29,76,1014,1
2016-08-09,37.395833333333336,23.8375,183.875,22.629166666666663,5.95,63.75,0.5,69.66666666666667,45.25,Sunny,0.0,30,25,06:08:00,20:10:00,0:27:00,23:40:00,28,72,1010,0
2016-08-10,33.55833333333333,21.5875,184.45833333333331,31.604166666666668,5.966666666666666,50.5,0.5,74.29166666666667,53.708333333333336,Sunny,0.0,29,25,06:09:00,20:9:00,13:24:00,,26,74,1010,1
2016-08-11,36.775,27.95,216.16666666666663,30.3875,4.329166666666667,45.0,0.5,76.04166666666667,55.125,Sunny,0.0,32,24,06:10:00,20:8:00,14:19:00,12:13:00,20,65,1011,1
2016-08-12,21.666666666666668,15.0375,174.91666666666666,21.89583333333333,3.875,43.875,0.5,73.58333333333333,50.375,Sunny,0.34,28,23,06:11:00,20:6:00,15:15:00,12:49:00,32,72,1013,1
2016-08-13,14.979166666666666,7.6,146.33333333333334,16.962500000000002,3.725,59.16666666666666,0.5,42.208333333333336,25.416666666666668,Cloudy,3.26,22,21,06:12:00,20:5:00,16:8:00,1:29:00,35,75,1019,0
2016-08-14,10.729166666666666,6.395833333333333,161.45833333333334,26.266666666666666,3.3083333333333336,50.083333333333336,0.5,30.08333333333333,21.375,Sunny,0.07,25,21,06:13:00,20:4:00,17:1:00,2:14:00,29,55,1020,0
2016-08-15,12.729166666666666,7.720833333333334,173.25,28.4,4.258333333333334,48.625,0.5,28.666666666666668,20.08333333333333,Sunny,0.0,26,20,06:14:00,20:2:00,17:50:00,3:5:00,30,60,1017,0
2016-08-16,16.108333333333334,11.008333333333333,166.75,34.375,4.0875,45.958333333333336,0.5,37.625,22.33333333333333,Sunny,0.0,27,21,06:15:00,20:1:00,18:36:00,4:1:00,22,66,1014,0
2016-08-17,19.85833333333333,14.5375,192.33333333333331,38.4625,4.091666666666667,42.54166666666666,0.5,52.29166666666666,26.625,Sunny,0.0,28,21,06:16:00,20:0:00,19:19:00,5:2:00,18,67,1012,0
2016-08-18,18.65,13.9125,196.58333333333331,29.53333333333333,4.166666666666667,50.5,0.5,55.125,28.875,Sunny,0.0,30,21,06:17:00,19:58:00,19:59:00,6:7:00,23,62,1010,0
2016-08-19,19.604166666666668,14.0875,176.625,24.445833333333336,3.954166666666666,47.29166666666666,0.5,53.125,27.0,Sunny,0.0,28,23,06:18:00,19:57:00,20:36:00,7:15:00,26,72,1010,0
2016-08-20,18.695833333333333,13.008333333333333,183.70833333333331,24.929166666666664,3.8708333333333336,51.208333333333336,0.5,55.458333333333336,29.25,Partly cloudy,0.56,28,24,06:19:00,19:55:00,21:13:00,8:24:00,25,75,1012,0
2016-08-21,29.320833333333336,19.741666666666667,213.58333333333331,37.15833333333333,4.166666666666667,49.41666666666666,0.5,55.25,29.166666666666668,Thundery outbreaks possible,0.0,29,23,06:20:00,19:54:00,21:49:00,9:34:00,17,73,1012,0
2016-08-22,47.645833333333336,34.15416666666667,262.8333333333333,38.59166666666667,5.091666666666667,47.208333333333336,0.5,84.5,59.54166666666666,Sunny,0.0,29,23,06:21:00,19:52:00,22:25:00,10:44:00,7,76,1011,1
2016-08-23,37.7625,28.366666666666664,206.45833333333331,39.86666666666667,4.058333333333334,40.875,0.5,89.54166666666667,64.33333333333333,Sunny,1.89,28,24,06:22:00,19:51:00,23:4:00,11:54:00,19,74,1013,1
2016-08-24,25.84583333333333,19.104166666666668,197.95833333333331,26.620833333333334,4.154166666666667,44.29166666666666,0.5,77.5,55.75,Cloudy,0.11,26,23,06:23:00,19:49:00,23:47:00,13:2:00,22,79,1014,1
2016-08-25,20.070833333333333,13.858333333333334,192.25,25.616666666666664,3.633333333333333,49.208333333333336,0.5,60.375,33.75,Partly cloudy,0.2,27,23,06:24:00,19:48:00,,14:9:00,30,72,1014,0
2016-08-26,15.6125,9.3125,191.83333333333331,29.14583333333333,3.85,50.91666666666666,0.5,43.875,24.33333333333333,Sunny,0.12,26,22,06:25:00,19:46:00,12:33:00,15:12:00,26,69,1017,0
2016-08-27,22.104166666666668,15.8875,194.5,34.19583333333333,4.345833333333333,47.29166666666666,0.5,48.66666666666666,26.125,Partly cloudy,0.01,26,21,06:26:00,19:45:00,1:24:00,16:10:00,23,69,1017,0
2016-08-28,24.89583333333333,20.2875,206.5,40.72916666666666,3.8875,39.625,0.5,62.208333333333336,35.5,Sunny,0.0,26,21,06:27:00,19:43:00,2:20:00,17:3:00,14,70,1016,0
2016-08-29,32.19166666666667,25.83333333333333,244.66666666666663,45.94166666666666,4.2250000000000005,36.083333333333336,0.5,75.58333333333333,55.125,Sunny,0.0,26,21,06:28:00,19:41:00,3:19:00,17:49:00,9,71,1013,1
2016-08-30,23.6625,19.041666666666668,233.75,49.84166666666667,4.954166666666667,35.291666666666664,0.5,73.75,52.208333333333336,Sunny,0.0,27,21,06:29:00,19:40:00,4:20:00,18:30:00,9,66,1014,1
2016-08-31,29.15416666666667,22.0125,218.16666666666663,33.0375,5.916666666666667,46.5,0.5,69.91666666666667,45.66666666666666,Sunny,0.06,27,24,06:30:00,19:38:00,5:22:00,19:7:00,23,60,1016,0
2016-09-01,13.316666666666668,7.766666666666667,176.75,27.383333333333336,4.6375,46.5,0.5,50.66666666666666,28.625,Sunny,0.0,26,21,06:31:00,19:37:00,6:23:00,19:40:00,26,60,1018,0
2016-09-02,13.354166666666666,8.450000000000001,179.75,26.8625,3.3666666666666667,50.66666666666666,0.5,34.0,20.916666666666668,Sunny,0.15,26,21,06:32:00,19:35:00,7:24:00,20:11:00,27,66,1014,0
2016-09-03,14.320833333333333,9.733333333333333,178.5,30.166666666666668,3.3125,54.083333333333336,0.5,36.16666666666666,23.33333333333333,Sunny,0.31,25,21,06:33:00,19:33:00,8:22:00,20:41:00,26,64,1014,0
2016-09-04,17.908333333333335,12.308333333333332,193.79166666666663,36.77916666666667,4.4375,47.083333333333336,0.5,45.41666666666666,23.541666666666668,Sunny,0.15,26,21,06:34:00,19:32:00,9:20:00,21:10:00,24,64,1015,0
2016-09-05,26.42083333333333,19.25,227.41666666666663,54.7875,5.191666666666666,37.125,0.5,56.5,30.791666666666668,Sunny,0.0,26,21,06:35:00,19:30:00,10:17:00,21:41:00,10,68,1013,0
2016-09-06,42.88333333333333,31.200000000000003,270.2916666666667,31.241666666666664,5.420833333333333,51.333333333333336,0.5,82.29166666666667,57.625,Sunny,0.02,28,21,06:36:00,19:28:00,11:13:00,22:12:00,13,64,1013,1
2016-09-07,21.866666666666664,14.275,175.5,28.05,5.420833333333333,64.83333333333333,0.5,71.875,47.16666666666666,Sunny,0.04,27,23,06:37:00,19:27:00,0:9:00,22:46:00,29,71,1016,0
2016-09-08,27.329166666666666,15.191666666666668,190.25,31.9625,4.908333333333333,55.875,0.5,53.04166666666666,27.45833333333333,Sunny,0.0,28,23,06:38:00,19:25:00,13:4:00,23:25:00,27,65,1014,0
2016-09-09,28.516666666666666,18.195833333333333,205.125,24.579166666666666,4.308333333333334,65.5,0.5,62.91666666666666,36.16666666666666,Sunny,0.0,28,22,06:39:00,19:23:00,13:58:00,,24,68,1013,0
2016-09-10,18.54583333333333,12.066666666666668,184.08333333333331,19.72083333333333,4.1375,65.25,0.5,54.583333333333336,30.125,Sunny,0.04,27,22,06:40:00,19:22:00,14:50:00,12:6:00,30,62,1014,0
2016-09-11,23.05,12.395833333333334,184.75,16.916666666666668,3.25,68.54166666666667,0.5,51.75,27.75,Sunny,0.0,26,22,06:41:00,19:20:00,15:40:00,12:54:00,28,73,1014,0
2016-09-12,20.975,10.629166666666666,176.45833333333334,16.954166666666666,3.975,66.79166666666667,0.5,45.833333333333336,26.70833333333333,Sunny,0.02,25,22,06:42:00,19:18:00,16:27:00,1:47:00,28,69,1015,0
2016-09-13,18.716666666666665,11.5625,186.25,33.65416666666667,4.729166666666667,44.958333333333336,0.5,45.0,23.75,Sunny,0.15,26,21,06:43:00,19:17:00,17:11:00,2:45:00,23,63,1014,0
2016-09-14,28.070833333333336,22.48333333333333,277.2916666666667,43.64166666666667,4.795833333333333,40.083333333333336,0.5,59.5,34.166666666666664,Sunny,0.0,26,20,06:44:00,19:15:00,17:52:00,3:48:00,6,65,1012,0
2016-09-15,26.83333333333333,20.604166666666668,261.7083333333333,36.825,4.3375,38.79166666666666,0.5,72.08333333333333,49.54166666666666,Sunny,0.0,27,20,06:45:00,19:13:00,18:30:00,4:54:00,14,61,1015,0
2016-09-16,17.0125,11.458333333333334,216.0,50.75,5.770833333333333,31.45833333333333,0.5,58.75,33.75,Sunny,0.03,25,20,06:46:00,19:11:00,19:8:00,6:3:00,14,60,1018,0
2016-09-17,26.070833333333336,20.466666666666665,227.0,65.06666666666666,5.966666666666666,38.54166666666666,0.5,57.54166666666666,36.375,Sunny,0.0,27,19,06:47:00,19:10:00,19:45:00,7:14:00,9,54,1015,0
2016-09-18,38.54583333333333,31.379166666666663,268.25,63.87083333333334,5.945833333333333,28.416666666666668,0.5,77.875,56.91666666666666,Sunny,0.3,28,22,06:48:00,19:8:00,20:22:00,8:26:00,11,48,1011,1
2016-09-19,50.625,31.916666666666668,222.16666666666663,31.1875,5.929166666666667,39.79166666666666,0.5,94.41666666666669,66.41666666666667,Sunny,0.15,29,23,06:49:00,19:6:00,21:1:00,9:39:00,16,57,1007,1
2016-09-20,20.77083333333333,14.041666666666666,169.08333333333334,27.85,4.716666666666667,28.70833333333333,0.5,76.08333333333333,51.79166666666666,Sunny,1.68,25,19,06:50:00,19:4:00,21:44:00,10:50:00,23,66,1006,1
2016-09-21,12.758333333333333,9.554166666666667,178.58333333333334,37.92916666666667,4.354166666666667,22.95833333333333,0.5,42.458333333333336,21.541666666666668,Overcast,2.62,19,17,06:51:00,19:3:00,22:30:00,0:0:00,20,79,1013,0
2016-09-22,15.329166666666666,12.245833333333332,206.16666666666663,36.583333333333336,3.7541666666666655,29.916666666666668,0.5,45.91666666666666,23.08333333333333,Overcast,1.11,20,16,06:52:00,19:1:00,23:21:00,13:6:00,14,72,1017,0
2016-09-23,12.095833333333331,10.375,196.79166666666663,37.03333333333333,5.408333333333334,26.041666666666668,0.5,46.125,23.0,Sunny,0.3,20,16,06:53:00,18:59:00,,14:6:00,18,55,1023,0
2016-09-24,16.666666666666668,13.5875,200.83333333333331,37.583333333333336,5.945833333333333,35.583333333333336,0.5,51.083333333333336,26.20833333333333,Sunny,0.02,21,17,06:54:00,18:58:00,12:15:00,15:0:00,15,52,1025,0
2016-09-25,13.945833333333333,11.154166666666669,194.0,31.625,5.3375,41.708333333333336,0.5,49.79166666666666,24.25,Partly cloudy,0.0,21,16,06:55:00,18:56:00,1:14:00,15:48:00,19,58,1018,0
2016-09-26,9.85,8.35,192.45833333333331,35.8125,5.695833333333333,36.25,0.5,38.25,20.70833333333333,Sunny,2.36,21,16,06:56:00,18:54:00,2:13:00,16:30:00,16,66,1017,0
2016-09-27,10.775,9.066666666666666,195.5,33.516666666666666,5.275,34.416666666666664,0.5,37.625,20.70833333333333,Partly cloudy,0.2,20,17,06:57:00,18:52:00,3:15:00,17:8:00,20,70,1021,0
2016-09-28,19.0875,14.508333333333333,211.83333333333331,39.13333333333333,5.891666666666667,30.08333333333333,0.5,47.625,24.666666666666668,Sunny,0.21,21,16,06:58:00,18:51:00,4:15:00,17:42:00,16,64,1027,0
2016-09-29,38.3625,32.44166666666667,328.875,63.1125,6.9,30.33333333333333,0.5,66.0,41.833333333333336,Sunny,0.0,22,16,06:59:00,18:49:00,5:15:00,18:12:00,4,58,1024,0
2016-09-30,59.4125,50.09583333333333,404.0833333333333,61.62916666666666,6.2875000000000005,46.375,0.5,132.5,78.75,Sunny,0.0,24,17,07:00:00,18:47:00,6:13:00,18:42:00,10,55,1020,1
2016-10-01,30.40833333333333,25.4625,242.95833333333331,40.92083333333333,4.7,37.41666666666666,0.5,100.75,68.25,Sunny,0.0,25,18,07:01:00,18:46:00,7:11:00,19:12:00,18,67,1016,1
2016-10-02,29.22083333333333,21.39583333333333,254.375,55.97083333333333,5.6625000000000005,27.875,0.5,73.625,52.375,Sunny,0.0,23,18,07:02:00,18:44:00,8:8:00,19:41:00,10,74,1017,1
2016-10-03,42.56666666666667,31.554166666666664,331.125,50.29166666666666,7.504166666666666,26.5,0.5,77.70833333333333,53.708333333333336,Sunny,1.16,24,18,07:03:00,18:42:00,9:5:00,20:12:00,7,71,1016,1
2016-10-04,24.53333333333333,20.4625,234.625,41.7375,4.345833333333333,39.208333333333336,0.5,81.75,57.083333333333336,Sunny,0.0,24,19,07:04:00,18:41:00,10:1:00,20:45:00,18,72,1014,1
2016-10-05,15.520833333333334,13.045833333333334,227.33333333333331,33.395833333333336,4.454166666666667,37.208333333333336,0.5,59.833333333333336,33.5,Partly cloudy,1.78,18,16,07:05:00,18:39:00,10:56:00,21:22:00,21,71,1014,0
2016-10-06,15.370833333333332,11.975,225.75,48.66666666666666,4.304166666666666,29.416666666666668,0.5,51.04166666666666,26.541666666666668,Partly cloudy,0.05,20,17,07:06:00,18:37:00,11:50:00,22:2:00,23,70,1017,0
2016-10-07,43.833333333333336,37.4,339.1666666666667,46.5375,6.95,34.25,0.5,70.95833333333333,47.833333333333336,Sunny,0.0,22,16,07:07:00,18:36:00,0:42:00,22:46:00,6,71,1015,0
2016-10-08,25.320833333333336,20.820833333333333,208.58333333333331,27.225,4.616666666666666,40.91666666666666,0.5,99.20833333333331,67.45833333333333,Partly cloudy,1.49,22,16,07:08:00,18:34:00,13:33:00,23:36:00,25,67,1013,1
2016-10-09,13.995833333333332,9.9,219.70833333333331,31.633333333333336,4.254166666666666,36.333333333333336,0.5,49.583333333333336,26.08333333333333,Overcast,0.0,18,15,07:10:00,18:32:00,14:19:00,,19,71,1020,0
2016-10-10,18.85,13.820833333333333,220.29166666666663,43.69583333333333,5.079166666666667,38.625,0.5,49.0,25.125,Partly cloudy,0.0,21,16,07:11:00,18:31:00,15:4:00,12:30:00,22,71,1018,0
2016-10-11,43.74166666666667,35.24583333333333,324.1666666666667,51.3625,8.791666666666666,26.70833333333333,0.5,72.04166666666667,48.083333333333336,Partly cloudy,0.07,23,16,07:12:00,18:29:00,15:45:00,1:30:00,8,65,1012,0
2016-10-12,50.55,35.09166666666667,197.5,34.708333333333336,6.054166666666667,37.41666666666666,0.5,108.70833333333331,71.16666666666667,Sunny,1.0,25,20,07:13:00,18:28:00,16:23:00,2:32:00,21,64,1007,1
2016-10-13,25.570833333333336,21.495833333333334,317.1666666666667,43.2625,6.308333333333334,24.875,0.5,74.5,49.083333333333336,Sunny,0.05,20,16,07:14:00,18:26:00,17:1:00,3:39:00,13,60,1016,0
2016-10-14,19.304166666666667,15.604166666666666,276.0,32.145833333333336,5.25,29.0,0.5,75.16666666666667,54.75,Partly cloudy,0.0,18,14,07:15:00,18:25:00,17:38:00,4:49:00,21,65,1023,1
2016-10-15,11.175,8.7875,190.375,32.84166666666667,4.420833333333333,32.0,0.5,40.333333333333336,20.875,Sunny,0.16,17,14,07:16:00,18:23:00,18:14:00,6:1:00,18,67,1024,0
2016-10-16,14.708333333333334,12.479166666666666,204.70833333333331,24.633333333333336,3.716666666666667,39.16666666666666,0.5,46.16666666666666,22.58333333333333,Sunny,0.17,20,14,07:17:00,18:21:00,18:53:00,7:14:00,23,74,1020,0
2016-10-17,13.070833333333333,7.216666666666666,175.625,24.066666666666663,3.1750000000000003,42.25,0.5,39.208333333333336,20.25,Overcast,1.01,16,13,07:18:00,18:20:00,19:35:00,8:28:00,35,74,1024,0
2016-10-18,11.658333333333331,6.045833333333333,172.625,35.204166666666666,4.216666666666667,29.83333333333333,0.5,27.20833333333333,18.83333333333333,Overcast,0.19,15,13,07:19:00,18:18:00,20:21:00,9:42:00,34,65,1026,0
2016-10-19,17.795833333333334,12.483333333333334,232.54166666666663,49.4,6.2625,23.791666666666668,0.5,35.208333333333336,24.33333333333333,Cloudy,0.13,16,13,07:21:00,18:17:00,21:12:00,10:52:00,17,63,1021,0
2016-10-20,28.5625,24.0375,311.9166666666667,35.57083333333333,6.833333333333333,35.666666666666664,0.5,71.04166666666667,49.54166666666666,Cloudy,0.37,17,13,07:22:00,18:16:00,22:7:00,11:57:00,20,75,1021,0
2016-10-21,16.395833333333332,11.9875,212.04166666666663,45.74583333333334,4.195833333333334,27.58333333333333,0.5,54.583333333333336,31.58333333333333,Partly cloudy,0.02,19,15,07:23:00,18:14:00,23:6:00,0:56:00,24,78,1018,0
2016-10-22,48.2,39.59583333333333,328.625,46.92083333333333,6.179166666666667,28.916666666666668,0.5,74.125,48.083333333333336,Sunny,0.03,19,15,07:24:00,18:13:00,,13:47:00,8,80,1017,0
2016-10-23,35.15416666666667,28.5375,286.7083333333333,30.67083333333333,3.6875,36.54166666666666,0.5,110.375,71.54166666666667,Partly cloudy,0.01,19,16,07:25:00,18:11:00,12:7:00,14:31:00,14,81,1020,1
2016-10-24,16.170833333333334,12.754166666666668,187.33333333333331,23.704166666666666,4.416666666666667,37.04166666666666,0.5,64.04166666666667,39.125,Cloudy,0.14,17,15,07:26:00,18:10:00,1:8:00,15:10:00,26,78,1025,0
2016-10-25,18.829166666666666,13.741666666666667,188.16666666666663,31.754166666666663,4.4,30.58333333333333,0.5,51.16666666666666,25.125,Partly cloudy,0.22,16,14,07:27:00,18:9:00,2:9:00,15:45:00,24,73,1027,0
2016-10-26,16.45416666666667,10.975,206.625,39.57083333333333,4.375,23.875,0.5,51.083333333333336,25.375,Partly cloudy,0.0,16,13,07:29:00,18:7:00,3:9:00,16:16:00,21,69,1021,0
2016-10-27,15.316666666666668,11.183333333333332,215.16666666666663,24.929166666666664,4.5125,33.375,0.5,49.25,23.83333333333333,Overcast,0.3,14,13,07:30:00,18:6:00,4:7:00,16:45:00,24,79,1023,0
2016-10-28,10.704166666666666,7.716666666666666,198.75,24.02916666666667,4.3125,36.625,0.5,36.04166666666666,18.625,Overcast,1.54,13,13,07:31:00,18:5:00,5:5:00,17:15:00,36,79,1027,0
2016-10-29,19.9,15.295833333333334,234.16666666666663,45.57083333333333,7.308333333333334,21.70833333333333,0.5,39.29166666666666,22.95833333333333,Overcast,0.28,13,11,07:32:00,18:3:00,6:2:00,17:44:00,19,79,1024,0
2016-10-30,31.191666666666663,25.17083333333333,310.2083333333333,42.85416666666666,9.058333333333334,26.625,0.5,73.08333333333333,51.458333333333336,Partly cloudy,0.05,14,11,07:33:00,18:2:00,6:59:00,18:14:00,14,65,1020,1
2016-10-31,20.683333333333334,16.408333333333335,270.1666666666667,48.78333333333333,7.679166666666667,27.5,0.5,71.0,48.125,Sunny,0.02,12,10,07:34:00,18:1:00,7:55:00,18:46:00,17,57,1022,0
2016-11-01,18.9375,15.533333333333331,250.95833333333331,55.07916666666667,8.450000000000001,25.0,0.5,56.25,30.916666666666668,Partly cloudy,0.19,12,10,07:36:00,18:0:00,8:51:00,19:21:00,16,52,1023,0
2016-11-02,21.59166666666667,16.008333333333333,246.41666666666663,46.87916666666666,11.620833333333332,41.25,0.5,58.91666666666666,33.666666666666664,Sunny,0.0,13,8,07:37:00,17:58:00,9:46:00,20:0:00,12,51,1022,0
2016-11-03,20.6875,15.166666666666666,211.5,41.69166666666667,6.833333333333333,27.916666666666668,0.5,54.41666666666666,29.625,Sunny,0.0,17,13,07:38:00,17:57:00,10:38:00,20:42:00,19,53,1018,0
2016-11-04,16.970833333333335,13.191666666666668,239.25,46.67083333333333,5.795833333333333,13.333333333333334,0.5,57.66666666666666,31.33333333333333,Overcast,1.44,14,12,07:39:00,17:56:00,11:29:00,21:30:00,18,86,1023,0
2016-11-05,43.6875,38.66666666666666,427.7916666666667,56.61666666666667,10.779166666666669,16.708333333333332,0.5,70.20833333333333,45.16666666666666,Partly cloudy,0.2,16,13,07:40:00,17:55:00,0:16:00,22:21:00,4,84,1021,0
2016-11-06,39.85416666666666,31.6125,271.5833333333333,32.57083333333333,6.829166666666667,45.083333333333336,0.5,119.70833333333331,74.79166666666667,Sunny,0.0,18,14,07:42:00,17:54:00,13:1:00,23:18:00,19,74,1017,1
2016-11-07,22.375,15.275,165.08333333333334,31.604166666666668,6.075,41.125,0.5,62.875,37.16666666666666,Sunny,0.0,20,16,07:43:00,17:53:00,13:42:00,,31,66,1014,0
2016-11-08,39.94166666666667,21.558333333333334,157.08333333333334,39.28333333333333,6.3,33.541666666666664,0.5,62.04166666666666,35.541666666666664,Sunny,0.0,23,17,07:44:00,17:52:00,14:20:00,12:17:00,29,57,1013,0
2016-11-09,67.3,39.06666666666667,175.75,30.21666666666667,4.866666666666666,45.583333333333336,0.5,90.0,62.66666666666666,Sunny,0.45,23,18,07:45:00,17:51:00,14:56:00,1:20:00,19,53,1008,1
2016-11-10,18.404166666666665,12.904166666666669,198.70833333333331,41.641666666666666,6.191666666666666,31.375,0.5,80.5,53.29166666666666,Sunny,0.43,17,15,07:46:00,17:50:00,15:32:00,2:26:00,25,73,1012,1
2016-11-11,25.679166666666664,18.654166666666665,269.75,53.75833333333333,7.55,19.70833333333333,0.5,55.79166666666666,31.45833333333333,Partly cloudy,0.49,18,15,07:47:00,17:49:00,16:7:00,3:35:00,16,72,1018,0
2016-11-12,43.87083333333334,31.1875,304.6666666666667,37.891666666666666,8.0,42.875,0.5,86.83333333333333,61.375,Sunny,0.03,19,14,07:49:00,17:48:00,16:44:00,4:46:00,13,66,1019,1
2016-11-13,12.645833333333334,8.695833333333333,217.375,31.320833333333336,6.616666666666667,35.708333333333336,0.5,59.833333333333336,36.208333333333336,Sunny,2.52,17,13,07:50:00,17:47:00,17:24:00,5:59:00,27,61,1016,0
2016-11-14,13.145833333333334,10.4875,257.1666666666667,25.52916666666667,6.5375000000000005,35.708333333333336,0.5,43.125,20.875,Sunny,0.0,11,9,07:51:00,17:46:00,18:7:00,7:14:00,23,63,1026,0
2016-11-15,10.816666666666668,8.1875,198.08333333333331,30.4,6.370833333333334,34.125,0.5,36.66666666666666,19.791666666666668,Overcast,1.61,8,8,07:52:00,17:45:00,18:56:00,8:27:00,28,75,1029,0
2016-11-16,14.783333333333331,12.5,233.125,52.68333333333334,7.3125,18.041666666666668,0.5,37.625,25.08333333333333,Partly cloudy,0.26,8,6,07:53:00,17:45:00,19:51:00,9:38:00,18,66,1026,0
2016-11-17,34.800000000000004,28.666666666666668,317.0,66.56666666666666,9.65,15.875,0.5,71.375,48.833333333333336,Sunny,0.0,10,5,07:54:00,17:44:00,20:50:00,10:42:00,11,61,1025,0
2016-11-18,35.237500000000004,29.004166666666663,323.1666666666667,57.8125,10.033333333333331,19.5,0.5,84.25,62.54166666666666,Sunny,0.0,14,7,07:56:00,17:43:00,21:53:00,11:40:00,10,49,1026,1
2016-11-19,36.204166666666666,29.7375,344.6666666666667,47.69583333333333,7.641666666666667,21.291666666666668,0.5,87.45833333333333,63.66666666666666,Sunny,0.0,16,10,07:57:00,17:42:00,22:57:00,0:28:00,14,52,1025,1
2016-11-20,38.97083333333333,29.675,357.6666666666667,51.12916666666666,6.6125,19.666666666666668,0.5,88.54166666666667,64.20833333333333,Sunny,0.0,16,11,07:58:00,17:42:00,,13:11:00,14,76,1023,1
2016-11-21,33.9625,25.40416666666667,287.5833333333333,39.54583333333333,4.470833333333333,31.791666666666668,0.5,85.91666666666667,63.125,Cloudy,0.04,14,12,07:59:00,17:41:00,12:0:00,13:47:00,21,81,1024,1
2016-11-22,19.52083333333333,15.058333333333332,245.33333333333331,43.37916666666666,5.25,25.58333333333333,0.5,63.625,38.875,Cloudy,0.08,13,11,08:00:00,17:41:00,1:1:00,14:20:00,21,76,1026,0
2016-11-23,22.48333333333333,18.216666666666665,251.75,35.32083333333333,5.7250000000000005,35.916666666666664,0.5,60.708333333333336,34.083333333333336,Overcast,0.07,13,11,08:01:00,17:40:00,2:1:00,14:50:00,19,79,1026,0
2016-11-24,30.933333333333334,26.183333333333334,263.7916666666667,55.12916666666666,6.620833333333334,17.0,0.5,70.91666666666667,48.0,Cloudy,0.07,13,10,08:02:00,17:39:00,2:59:00,15:19:00,17,80,1025,0
2016-11-25,55.10833333333333,48.2,357.25,62.79166666666666,9.320833333333333,13.416666666666666,0.5,98.04166666666669,67.25,Sunny,0.0,13,8,08:03:00,17:39:00,3:56:00,15:48:00,5,79,1021,1
2016-11-26,71.32083333333334,59.425,462.625,66.99166666666666,11.583333333333334,9.916666666666666,0.5,149.41666666666666,86.375,Sunny,0.0,13,9,08:05:00,17:38:00,4:53:00,16:17:00,6,75,1021,1
2016-11-27,54.1875,42.47916666666666,298.0416666666667,38.47916666666666,7.524999999999999,33.583333333333336,0.5,142.79166666666666,83.29166666666667,Cloudy,0.52,15,10,08:06:00,17:38:00,5:49:00,16:48:00,16,68,1015,1
2016-11-28,17.020833333333332,15.333333333333334,221.79166666666663,23.391666666666666,5.054166666666666,36.833333333333336,0.5,80.25,52.79166666666666,Heavy rain,34.8,14,9,08:07:00,17:38:00,6:45:00,17:22:00,21,86,1011,1
2016-11-29,8.1875,5.5875,204.45833333333331,17.404166666666665,3.9875,43.083333333333336,0.5,39.458333333333336,21.0,Overcast,10.72,9,8,08:08:00,17:37:00,7:41:00,17:59:00,40,87,1014,0
2016-11-30,10.141666666666667,6.6375,194.54166666666663,27.266666666666666,3.8333333333333335,41.208333333333336,0.5,26.0,19.666666666666668,Overcast,0.0,7,5,08:09:00,17:37:00,8:34:00,18:40:00,43,74,1022,0
2016-12-01,13.6375,10.841666666666669,232.875,37.99583333333333,9.566666666666666,34.708333333333336,0.5,30.70833333333333,19.5,Cloudy,0.0,5,3,08:10:00,17:37:00,9:27:00,19:27:00,18,64,1018,0
2016-12-02,20.183333333333334,16.3,255.125,28.3375,7.837499999999999,38.25,0.5,58.75,32.291666666666664,Overcast,2.04,11,3,08:11:00,17:37:00,10:15:00,20:17:00,34,69,1011,0
2016-12-03,19.379166666666663,16.466666666666665,279.625,51.17916666666667,13.0625,20.625,0.5,52.29166666666666,27.291666666666668,Sunny,0.05,8,5,08:12:00,17:36:00,11:1:00,21:11:00,13,59,1022,0
2016-12-04,29.525,24.616666666666664,378.9166666666667,49.36666666666667,9.966666666666669,20.041666666666668,0.5,76.79166666666667,55.04166666666666,Overcast,0.0,8,5,08:13:00,17:36:00,11:43:00,22:9:00,13,60,1029,1
2016-12-05,15.079166666666666,11.15,241.41666666666663,50.76666666666667,8.5875,18.95833333333333,0.5,58.66666666666666,34.666666666666664,Sunny,0.0,8,5,08:14:00,17:36:00,0:21:00,23:10:00,23,67,1033,0
2016-12-06,29.46666666666667,24.320833333333336,276.8333333333333,45.025,9.179166666666667,23.5,0.5,58.458333333333336,35.5,Sunny,0.0,8,4,08:15:00,17:36:00,0:57:00,,13,68,1028,0
2016-12-07,27.320833333333336,20.195833333333333,282.625,37.00416666666667,6.920833333333333,32.666666666666664,0.5,78.41666666666667,57.66666666666666,Sunny,0.59,8,5,08:16:00,17:36:00,13:31:00,12:13:00,23,72,1033,1
2016-12-08,20.829166666666666,15.8,271.375,48.94166666666666,13.5125,27.375,0.5,53.958333333333336,28.95833333333333,Sunny,0.1,6,4,08:16:00,17:36:00,14:5:00,1:18:00,13,63,1037,0
2016-12-09,19.325,14.975,244.58333333333331,39.275,12.679166666666667,29.25,0.5,59.91666666666666,33.291666666666664,Sunny,0.0,10,6,08:17:00,17:36:00,14:39:00,2:25:00,22,65,1027,0
2016-12-10,33.85,26.383333333333336,326.7083333333333,52.26666666666667,17.462500000000002,21.25,0.5,64.91666666666667,40.083333333333336,Sunny,0.0,11,9,08:18:00,17:36:00,15:16:00,3:35:00,13,68,1023,0
2016-12-11,35.82083333333333,28.77916666666667,276.5416666666667,45.19166666666666,14.358333333333334,31.541666666666668,0.5,85.54166666666667,63.04166666666666,Sunny,0.0,12,9,08:19:00,17:36:00,15:56:00,4:47:00,15,70,1018,1
2016-12-12,32.09166666666666,26.104166666666668,299.2083333333333,30.15833333333333,8.2125,31.291666666666668,0.5,84.20833333333333,62.458333333333336,Overcast,6.94,12,8,08:20:00,17:36:00,16:41:00,6:0:00,19,75,1012,1
2016-12-13,13.7375,9.704166666666667,221.45833333333331,26.508333333333336,5.995833333333334,36.66666666666666,0.5,65.625,42.75,Overcast,0.09,8,2,08:20:00,17:36:00,17:32:00,7:12:00,36,78,1020,0
2016-12-14,15.475,11.958333333333334,220.625,43.24166666666667,9.591666666666669,18.166666666666668,0.5,33.541666666666664,21.20833333333333,Sunny,0.23,4,2,08:21:00,17:37:00,18:29:00,8:20:00,16,63,1028,0
2016-12-15,15.1125,12.491666666666667,226.83333333333331,26.9,5.945833333333333,27.45833333333333,0.5,53.333333333333336,27.20833333333333,Cloudy,0.96,6,4,08:22:00,17:37:00,19:32:00,9:23:00,19,67,1023,0
2016-12-16,13.558333333333332,10.029166666666669,245.79166666666663,30.441666666666663,5.854166666666667,28.95833333333333,0.5,49.5,24.541666666666668,Cloudy,1.92,5,4,08:23:00,17:37:00,20:37:00,10:17:00,28,77,1031,0
2016-12-17,14.033333333333331,10.491666666666667,232.83333333333331,46.75,7.475,13.583333333333334,0.5,36.875,22.875,Overcast,0.38,5,2,08:23:00,17:38:00,21:43:00,11:5:00,22,69,1037,0
2016-12-18,32.45,25.141666666666666,307.4583333333333,60.645833333333336,8.145833333333334,10.541666666666666,0.5,64.41666666666667,42.25,Sunny,0.0,5,2,08:24:00,17:38:00,22:47:00,11:45:00,14,69,1033,0
2016-12-19,40.0125,33.52916666666667,386.5833333333333,61.6875,11.420833333333334,10.333333333333334,0.5,81.33333333333333,61.208333333333336,Sunny,0.0,6,3,08:24:00,17:38:00,23:50:00,0:20:00,8,68,1033,1
2016-12-20,46.37916666666666,39.53333333333333,392.125,31.67083333333333,11.770833333333334,23.20833333333333,0.5,115.125,73.25,Partly cloudy,1.51,6,3,08:25:00,17:39:00,,0:52:00,10,70,1029,1
2016-12-21,12.95,8.629166666666666,243.04166666666663,19.058333333333334,5.675,31.75,0.5,70.5,44.5,Partly cloudy,0.65,6,5,08:26:00,17:39:00,12:50:00,13:22:00,38,75,1028,0
2016-12-22,11.441666666666668,7.654166666666666,223.375,24.879166666666663,5.816666666666666,28.916666666666668,0.5,32.416666666666664,16.791666666666668,Overcast,0.0,7,5,08:26:00,17:40:00,1:48:00,13:51:00,38,75,1027,0
2016-12-23,19.941666666666663,14.254166666666668,260.5833333333333,33.0125,5.608333333333333,29.541666666666668,0.5,41.5,20.58333333333333,Overcast,0.78,8,7,08:27:00,17:40:00,2:45:00,14:20:00,28,85,1025,0
2016-12-24,20.72083333333333,17.587500000000002,254.5,37.31666666666667,7.8,20.08333333333333,0.5,57.5,30.95833333333333,Overcast,0.02,7,5,08:27:00,17:41:00,3:42:00,14:50:00,29,85,1026,0
2016-12-25,34.108333333333334,28.775,368.0833333333333,44.17083333333333,8.883333333333333,11.375,0.5,75.91666666666667,52.04166666666666,Partly cloudy,0.83,7,5,08:27:00,17:42:00,4:38:00,15:23:00,12,77,1022,1
2016-12-26,22.85,19.42083333333333,346.7916666666667,53.34166666666667,9.1875,14.458333333333334,0.5,76.91666666666667,54.625,Overcast,0.04,6,4,08:28:00,17:42:00,5:34:00,15:59:00,16,76,1024,1
2016-12-27,28.1125,24.4375,330.3333333333333,43.23333333333333,9.104166666666666,15.958333333333334,0.5,71.5,48.66666666666666,Sunny,0.53,7,4,08:28:00,17:43:00,6:28:00,16:38:00,14,74,1024,0
2016-12-28,25.383333333333336,19.8375,320.7916666666667,26.1125,10.008333333333333,38.583333333333336,0.5,71.125,47.875,Overcast,0.21,6,5,08:28:00,17:44:00,7:22:00,17:23:00,15,75,1019,0
2016-12-29,10.191666666666666,5.8875,202.95833333333331,25.754166666666663,4.308333333333334,30.5,0.5,49.083333333333336,27.125,Overcast,7.14,6,4,08:28:00,17:44:00,8:12:00,18:12:00,54,80,1015,0
2016-12-30,10.633333333333333,6.604166666666667,226.75,29.641666666666666,4.6625000000000005,39.54166666666666,0.5,22.916666666666668,17.416666666666668,Overcast,7.11,5,3,08:29:00,17:45:00,9:0:00,19:6:00,38,88,1022,0
2016-12-31,10.708333333333334,9.1125,267.2916666666667,29.7625,13.783333333333331,34.458333333333336,0.5,32.208333333333336,18.041666666666668,Overcast,4.26,5,2,08:29:00,17:46:00,9:44:00,20:3:00,23,86,1023,0
2017-01-01,21.975,16.920833333333334,322.5,31.933333333333334,6.575,28.625,0.5,48.708333333333336,24.875,Partly cloudy,3.96,4,2,08:29:00,17:47:00,10:23:00,21:4:00,14,80,1025,0
2017-01-02,32.0625,24.133333333333336,444.0833333333333,36.24583333333333,7.533333333333334,27.041666666666668,0.5,69.0,44.79166666666666,Sunny,0.0,6,3,08:29:00,17:48:00,11:0:00,22:6:00,17,68,1022,0
2017-01-03,31.79583333333333,25.1125,398.9583333333333,37.88333333333333,7.904166666666666,33.291666666666664,0.5,77.91666666666667,59.708333333333336,Partly cloudy,0.02,8,5,08:29:00,17:49:00,11:35:00,23:10:00,21,66,1020,1
2017-01-04,41.05416666666667,31.14583333333333,443.6666666666667,57.1,8.820833333333335,18.20833333333333,0.5,85.16666666666667,62.875,Partly cloudy,0.04,9,7,08:29:00,17:49:00,0:8:00,,19,74,1016,1
2017-01-05,24.075,20.075,365.6666666666667,51.24166666666667,6.1000000000000005,25.20833333333333,0.5,76.83333333333333,53.29166666666666,Partly cloudy,1.42,11,9,08:29:00,17:50:00,0:41:00,12:15:00,19,84,1008,1
2017-01-06,18.683333333333334,11.983333333333334,249.125,39.75833333333333,4.2875000000000005,27.125,0.5,62.125,35.541666666666664,Cloudy,5.22,11,-1,08:29:00,17:51:00,13:15:00,1:22:00,39,85,1004,0
2017-01-07,12.608333333333334,7.8125,217.33333333333331,13.325,3.0125,31.70833333333333,0.5,37.083333333333336,17.75,Overcast,1.39,-1,-4,08:29:00,17:52:00,13:52:00,2:29:00,43,93,1014,0
2017-01-08,17.820833333333333,13.579166666666666,326.1666666666667,22.71666666666667,5.304166666666666,35.0,0.5,42.79166666666666,20.666666666666668,Partly cloudy,0.0,-1,-4,08:29:00,17:53:00,14:32:00,3:40:00,26,85,1016,0
2017-01-09,18.991666666666667,14.0875,296.7083333333333,22.96666666666667,4.958333333333333,37.375,0.5,53.458333333333336,27.375,Overcast,3.64,1,-2,08:29:00,17:54:00,15:19:00,4:49:00,29,90,1017,0
2017-01-10,23.59583333333333,20.029166666666665,367.0,36.04583333333333,5.883333333333333,30.75,0.5,64.33333333333333,38.083333333333336,Overcast,0.0,5,0,08:28:00,17:55:00,16:11:00,5:58:00,32,75,1011,0
2017-01-11,26.166666666666668,20.72083333333333,445.7083333333333,42.11666666666667,9.495833333333334,27.25,0.5,61.875,35.291666666666664,Overcast,1.19,8,0,08:28:00,17:56:00,17:10:00,7:3:00,24,82,1017,0
2017-01-12,20.8625,16.491666666666667,412.2083333333333,41.69166666666667,10.4,36.16666666666666,0.5,65.58333333333333,39.41666666666666,Sunny,6.98,6,3,08:28:00,17:57:00,18:14:00,8:2:00,20,81,1017,0
2017-01-13,31.125,25.2625,491.375,50.1375,10.9375,24.875,0.5,70.33333333333333,47.375,Sunny,0.0,7,3,08:27:00,17:58:00,19:21:00,8:53:00,18,70,1018,0
2017-01-14,23.1375,15.633333333333333,333.0416666666667,41.71666666666667,5.9750000000000005,41.91666666666666,0.5,69.75,46.29166666666666,Sunny,4.74,10,6,08:27:00,18:0:00,20:27:00,9:38:00,25,73,1009,0
2017-01-15,19.1125,15.433333333333332,339.4583333333333,37.6125,5.195833333333334,30.45833333333333,0.5,57.458333333333336,31.125,Overcast,9.24,5,4,08:27:00,18:1:00,21:32:00,10:16:00,19,89,1015,0
2017-01-16,19.166666666666668,15.429166666666667,325.9583333333333,39.69583333333333,6.033333333333334,26.791666666666668,0.5,53.66666666666666,27.791666666666668,Overcast,6.48,6,4,08:26:00,18:2:00,22:34:00,10:51:00,23,91,1015,0
2017-01-17,43.67916666666667,38.96666666666667,497.875,66.47916666666667,8.066666666666666,3.875,0.5,86.20833333333333,58.458333333333336,Overcast,4.45,8,6,08:26:00,18:3:00,23:35:00,11:23:00,10,93,1017,1
2017-01-18,22.6,17.558333333333334,404.125,40.325,5.008333333333334,17.833333333333332,0.5,85.33333333333333,59.29166666666666,Overcast,0.21,7,6,08:25:00,18:4:00,,11:52:00,18,94,1022,1
2017-01-19,16.370833333333334,9.433333333333334,289.125,26.98333333333333,4.620833333333334,20.33333333333333,0.5,49.54166666666666,24.916666666666668,Overcast,2.61,7,6,08:25:00,18:5:00,12:34:00,0:21:00,34,88,1027,0
2017-01-20,18.65,11.954166666666666,278.0416666666667,22.225,3.675,37.75,0.5,44.5,21.375,Overcast,2.0,5,4,08:24:00,18:6:00,1:32:00,0:51:00,30,83,1032,0
2017-01-21,22.4875,16.425,310.2916666666667,33.420833333333334,6.433333333333334,33.333333333333336,0.5,52.625,26.58333333333333,Sunny,0.21,5,2,08:24:00,18:8:00,2:28:00,13:23:00,16,73,1031,0
2017-01-22,34.079166666666666,25.9,381.1666666666667,49.82083333333333,8.279166666666667,11.75,0.5,72.83333333333333,51.0,Cloudy,0.05,5,2,08:23:00,18:9:00,3:24:00,13:57:00,17,80,1032,1
2017-01-23,30.0,20.529166666666665,312.25,33.391666666666666,6.079166666666667,26.83333333333333,0.5,72.75,50.583333333333336,Sunny,0.0,7,3,08:22:00,18:10:00,4:19:00,14:35:00,24,82,1028,1
2017-01-24,36.6875,29.8875,433.7916666666667,57.22916666666666,8.629166666666666,12.083333333333334,0.5,73.95833333333333,50.208333333333336,Overcast,0.08,7,4,08:21:00,18:11:00,5:13:00,15:18:00,14,74,1020,1
2017-01-25,30.491666666666664,20.95,277.7083333333333,26.933333333333334,6.120833333333334,37.41666666666666,0.5,81.04166666666667,58.125,Overcast,0.11,5,2,08:21:00,18:12:00,6:5:00,16:5:00,36,82,1019,1
2017-01-26,22.504166666666663,14.645833333333334,241.16666666666663,21.925,5.175,43.875,0.5,65.83333333333333,39.458333333333336,Overcast,0.45,3,0,08:20:00,18:14:00,6:54:00,16:57:00,31,76,1027,0
2017-01-27,22.67083333333333,16.7,238.54166666666663,23.02083333333333,4.466666666666667,51.875,0.5,51.208333333333336,25.541666666666668,Cloudy,0.17,0,-1,08:19:00,18:15:00,7:40:00,17:54:00,21,71,1029,0
2017-01-28,40.12916666666667,35.25833333333333,408.2083333333333,43.520833333333336,9.058333333333334,27.291666666666668,0.5,83.75,58.0,Overcast,0.3,3,-1,08:18:00,18:16:00,8:22:00,18:54:00,14,77,1028,1
2017-01-29,27.975,23.04583333333333,272.9166666666667,40.35833333333333,6.275,23.45833333333333,0.5,90.54166666666669,64.66666666666667,Sunny,0.04,5,2,08:17:00,18:17:00,9:1:00,19:57:00,17,80,1028,1
2017-01-30,16.954166666666666,12.225,240.75,27.23333333333333,4.9,40.125,0.5,59.25,33.291666666666664,Cloudy,0.06,4,2,08:17:00,18:18:00,9:37:00,21:2:00,26,78,1027,0
2017-01-31,21.52083333333333,15.345833333333331,240.5,24.104166666666668,5.508333333333333,48.333333333333336,0.5,50.958333333333336,25.08333333333333,Sunny,0.01,3,0,08:16:00,18:20:00,10:11:00,22:7:00,24,68,1030,0
2017-02-01,51.2,44.02916666666667,364.7916666666667,58.57916666666667,10.679166666666667,21.166666666666668,0.5,76.58333333333333,49.583333333333336,Sunny,0.0,6,1,08:15:00,18:21:00,10:44:00,23:14:00,8,52,1030,0
2017-02-02,78.35416666666667,57.3375,380.9166666666667,65.2,13.666666666666666,15.791666666666666,0.5,149.125,86.91666666666667,Sunny,0.0,7,3,08:14:00,18:22:00,11:18:00,,9,57,1029,1
2017-02-03,54.65416666666667,42.24166666666667,313.9583333333333,50.6625,10.05,28.20833333333333,0.5,133.58333333333334,79.20833333333333,Cloudy,0.0,11,6,08:13:00,18:23:00,11:54:00,12:21:00,22,72,1024,1
2017-02-04,32.65833333333333,23.6875,244.29166666666663,31.891666666666666,6.8125,41.958333333333336,0.5,93.125,65.45833333333333,Partly cloudy,0.0,13,9,08:12:00,18:25:00,0:32:00,1:29:00,29,80,1018,1
2017-02-05,25.745833333333334,18.654166666666665,272.6666666666667,27.695833333333336,4.8625,42.0,0.5,69.79166666666667,45.5,Partly cloudy,4.02,11,9,08:11:00,18:26:00,13:15:00,2:37:00,26,86,1013,0
2017-02-06,38.77916666666667,26.7625,374.7083333333333,44.7375,5.675,23.666666666666668,0.5,70.125,46.458333333333336,Partly cloudy,1.7,14,9,08:09:00,18:27:00,14:3:00,3:44:00,19,80,1015,0
2017-02-07,50.42083333333333,36.25833333333333,397.8333333333333,65.80416666666666,8.450000000000001,9.958333333333334,0.5,89.58333333333333,64.33333333333333,Sunny,0.0,14,10,08:08:00,18:28:00,14:57:00,4:48:00,12,68,1015,1
2017-02-08,49.19583333333333,38.1625,352.2916666666667,55.54583333333333,5.804166666666667,15.041666666666666,0.5,114.70833333333331,73.125,Partly cloudy,0.16,12,8,08:07:00,18:30:00,15:57:00,5:48:00,15,82,1016,1
2017-02-09,23.4125,14.420833333333334,277.875,22.83333333333333,5.041666666666667,33.458333333333336,0.5,76.625,50.208333333333336,Overcast,0.42,8,6,08:06:00,18:31:00,17:1:00,6:42:00,27,88,1024,1
2017-02-10,22.54583333333333,12.325,241.70833333333331,18.945833333333333,4.1375,53.583333333333336,0.5,52.16666666666666,26.041666666666668,Cloudy,0.0,6,4,08:05:00,18:32:00,18:6:00,7:29:00,36,78,1027,0
2017-02-11,21.891666666666666,12.275,220.375,16.358333333333334,3.6291666666666655,62.5,0.5,50.0,25.75,Cloudy,0.14,5,4,08:04:00,18:33:00,19:12:00,8:10:00,34,74,1028,0
2017-02-12,18.975,11.454166666666666,239.79166666666663,16.733333333333334,3.5125,53.25,0.5,50.41666666666666,24.75,Overcast,0.47,5,3,08:02:00,18:35:00,20:16:00,8:47:00,30,68,1032,0
2017-02-13,18.475,11.9125,251.75,21.10833333333333,4.141666666666667,47.333333333333336,0.5,47.91666666666666,23.45833333333333,Cloudy,0.61,4,3,08:01:00,18:36:00,21:19:00,9:20:00,30,70,1031,0
2017-02-14,22.1,16.283333333333335,267.25,20.40833333333333,4.979166666666667,56.0,0.5,50.54166666666666,25.70833333333333,Overcast,0.69,2,0,08:00:00,18:37:00,22:19:00,9:51:00,20,73,1032,0
2017-02-15,39.04166666666666,30.383333333333336,279.1666666666667,32.891666666666666,4.183333333333334,42.41666666666666,0.5,79.04166666666667,55.708333333333336,Cloudy,0.5,4,2,07:59:00,18:38:00,23:19:00,10:21:00,24,72,1030,1
2017-02-16,30.116666666666664,19.491666666666667,200.91666666666663,30.454166666666666,4.808333333333334,44.458333333333336,0.5,76.20833333333333,53.958333333333336,Overcast,0.69,5,2,07:57:00,18:40:00,,10:51:00,20,74,1034,1
2017-02-17,47.88333333333333,42.03333333333333,364.375,68.52916666666667,7.8875,19.375,0.5,82.54166666666667,56.79166666666666,Sunny,0.0,7,2,07:56:00,18:41:00,12:16:00,11:23:00,7,62,1027,1
2017-02-18,62.04166666666666,46.15833333333333,313.4583333333333,60.30833333333334,11.033333333333331,19.70833333333333,0.5,130.33333333333334,78.20833333333333,Sunny,0.0,10,4,07:55:00,18:42:00,1:13:00,11:56:00,13,64,1023,1
2017-02-19,61.7875,46.925,347.2083333333333,57.05,10.383333333333333,20.58333333333333,0.5,129.375,77.75,Overcast,0.53,13,8,07:53:00,18:43:00,2:8:00,0:31:00,13,63,1024,1
2017-02-20,35.35,28.15,386.7916666666667,48.7875,4.504166666666666,24.25,0.5,103.08333333333331,69.08333333333333,Overcast,4.5,10,6,07:52:00,18:44:00,3:3:00,13:12:00,13,85,1019,1
2017-02-21,54.19166666666666,47.14166666666667,503.9583333333333,64.9375,7.391666666666667,14.708333333333334,0.5,108.95833333333331,70.91666666666667,Sunny,0.0,10,5,07:51:00,18:46:00,3:55:00,13:57:00,10,71,1017,1
2017-02-22,41.95,34.38333333333333,415.5,54.22083333333333,11.558333333333332,32.666666666666664,0.5,111.875,72.16666666666667,Cloudy,0.05,11,7,07:49:00,18:47:00,4:45:00,14:46:00,19,77,1017,1
2017-02-23,40.91666666666666,30.79583333333333,330.125,47.90416666666667,9.133333333333333,36.375,0.5,94.125,66.04166666666667,Sunny,0.0,14,8,07:48:00,18:48:00,5:33:00,15:41:00,23,73,1016,1
2017-02-24,37.62916666666667,25.02083333333333,323.8333333333333,38.36666666666667,6.5125,52.54166666666666,0.5,84.54166666666667,62.625,Sunny,0.0,14,10,07:46:00,18:49:00,6:16:00,16:40:00,32,74,1016,1
2017-02-25,36.16666666666666,21.9375,286.625,33.4375,4.65,54.083333333333336,0.5,73.08333333333333,51.5,Sunny,1.96,15,7,07:45:00,18:50:00,6:57:00,17:43:00,29,78,1019,1
2017-02-26,21.666666666666668,16.670833333333334,266.5416666666667,27.96666666666667,3.820833333333333,44.125,0.5,64.91666666666667,39.0,Partly cloudy,0.85,10,7,07:43:00,18:52:00,7:35:00,18:48:00,19,84,1024,0
2017-02-27,69.19583333333334,63.712500000000006,463.5833333333333,70.60000000000001,7.016666666666667,6.333333333333333,0.5,104.375,65.25,Partly cloudy,0.0,12,6,07:42:00,18:53:00,8:10:00,19:55:00,8,80,1019,1
2017-02-28,64.20833333333333,53.85,469.0416666666667,60.49166666666667,7.258333333333333,11.0,0.5,150.16666666666666,87.04166666666667,Sunny,0.0,13,8,07:40:00,18:54:00,8:45:00,21:3:00,8,81,1015,1
2017-03-01,70.97500000000001,57.88333333333333,558.0416666666666,66.09166666666667,5.633333333333333,9.333333333333334,0.5,151.41666666666666,86.70833333333333,Sunny,0.0,16,9,07:39:00,18:55:00,9:19:00,22:11:00,11,75,1011,1
2017-03-02,64.27916666666667,45.395833333333336,390.7083333333333,55.50416666666666,8.1,16.708333333333332,0.5,146.79166666666666,84.16666666666667,Overcast,0.34,12,8,07:37:00,18:56:00,9:55:00,23:21:00,17,83,1011,1
2017-03-03,64.60000000000001,53.47916666666666,452.625,55.9625,9.175,14.125,0.5,118.375,74.20833333333333,Partly cloudy,0.02,12,7,07:36:00,18:57:00,10:32:00,,4,80,1019,1
2017-03-04,70.97083333333333,54.36666666666667,389.0416666666667,60.208333333333336,7.054166666666667,21.20833333333333,0.5,153.625,90.25,Sunny,0.0,13,8,07:34:00,18:59:00,11:14:00,12:29:00,16,73,1023,1
2017-03-05,53.27916666666667,44.17916666666667,328.8333333333333,62.90833333333333,8.845833333333333,28.375,0.5,120.95833333333331,75.125,Sunny,0.0,15,8,07:32:00,19:0:00,0:0:00,1:37:00,9,57,1020,1
2017-03-06,57.21666666666667,43.0375,314.0416666666667,59.675,10.675,30.875,0.5,127.375,77.125,Cloudy,0.0,16,11,07:31:00,19:1:00,0:52:00,2:41:00,19,61,1013,1
2017-03-07,48.66666666666666,35.15833333333333,364.7083333333333,65.14999999999999,8.220833333333333,36.75,0.5,101.33333333333331,68.75,Sunny,0.0,16,11,07:29:00,19:2:00,13:48:00,3:42:00,16,65,1010,1
2017-03-08,56.90833333333333,39.66666666666666,329.0416666666667,67.29583333333333,11.733333333333334,37.083333333333336,0.5,107.45833333333331,70.875,Sunny,0.34,17,10,07:28:00,19:3:00,14:49:00,4:36:00,14,65,1010,1
2017-03-09,39.0375,27.5875,230.04166666666663,32.1375,3.8625,57.41666666666666,0.5,96.45833333333331,66.875,Cloudy,0.0,12,9,07:26:00,19:4:00,15:53:00,5:24:00,22,81,1012,1
2017-03-10,42.90833333333333,31.22083333333333,279.5416666666667,37.90833333333333,6.120833333333334,49.125,0.5,85.41666666666667,62.91666666666666,Sunny,0.0,12,7,07:24:00,19:5:00,16:57:00,6:6:00,15,84,1006,1
2017-03-11,35.18333333333333,23.0,209.41666666666663,25.27083333333333,4.808333333333334,53.16666666666666,0.5,84.25,61.66666666666666,Overcast,0.0,10,8,07:23:00,19:7:00,18:1:00,6:44:00,25,88,1005,1
2017-03-12,29.491666666666664,19.3375,220.83333333333331,21.075,3.695833333333333,44.333333333333336,0.5,69.66666666666667,45.083333333333336,Overcast,0.0,8,7,07:21:00,19:8:00,19:4:00,7:18:00,30,88,1008,0
2017-03-13,20.954166666666666,16.475,260.2916666666667,30.304166666666664,4.125,25.625,0.5,62.208333333333336,35.375,Overcast,1.28,8,6,07:19:00,19:9:00,20:5:00,7:50:00,14,86,1014,0
2017-03-14,21.225,16.787499999999998,253.29166666666663,30.504166666666663,4.091666666666667,29.33333333333333,0.5,56.29166666666666,29.916666666666668,Overcast,6.92,6,5,07:18:00,19:10:00,21:5:00,8:20:00,19,86,1020,0
2017-03-15,58.9875,38.53333333333333,284.9166666666667,44.24583333333334,5.395833333333333,27.291666666666668,0.5,84.375,58.083333333333336,Partly cloudy,0.67,9,6,07:16:00,19:11:00,22:4:00,8:50:00,13,79,1022,1
2017-03-16,52.6125,39.2,365.6666666666667,56.425,6.8875,23.83333333333333,0.5,115.375,73.33333333333333,Partly cloudy,0.81,9,5,07:14:00,19:12:00,23:2:00,9:21:00,7,81,1018,1
2017-03-17,38.35416666666666,29.116666666666664,205.375,43.68333333333334,5.304166666666666,32.916666666666664,0.5,101.125,68.58333333333333,Sunny,2.75,8,5,07:13:00,19:13:00,23:58:00,9:53:00,21,76,1016,1
2017-03-18,29.116666666666664,19.09583333333333,253.25,39.21666666666667,5.995833333333334,37.625,0.5,71.91666666666667,48.16666666666666,Sunny,0.0,10,4,07:11:00,19:14:00,,10:28:00,18,64,1015,0
2017-03-19,30.67083333333333,21.291666666666668,230.66666666666663,40.10416666666666,8.325000000000001,45.16666666666666,0.5,61.875,35.208333333333336,Cloudy,3.55,11,9,07:09:00,19:15:00,12:53:00,11:7:00,24,73,1009,0
2017-03-20,37.4125,27.516666666666666,316.2083333333333,57.51666666666666,8.754166666666666,27.0,0.5,75.08333333333333,54.75,Cloudy,0.29,12,7,07:08:00,19:16:00,1:46:00,11:49:00,8,74,1013,1
2017-03-21,67.20833333333333,49.92916666666667,385.25,75.09583333333333,14.291666666666666,16.375,0.5,114.16666666666669,72.83333333333333,Sunny,1.08,15,10,07:06:00,19:18:00,2:36:00,0:36:00,9,79,1014,1
2017-03-22,31.133333333333336,18.90833333333333,227.875,39.3625,6.929166666666666,45.79166666666666,0.5,98.375,64.45833333333333,Sunny,0.0,14,8,07:04:00,19:19:00,3:25:00,13:28:00,27,68,1016,1
2017-03-23,29.370833333333334,17.275000000000002,168.16666666666666,31.15416666666667,6.804166666666667,52.833333333333336,0.5,61.375,34.625,Sunny,0.0,13,7,07:03:00,19:20:00,4:9:00,14:24:00,24,75,1020,0
2017-03-24,35.325,23.1125,209.875,43.56666666666666,6.05,39.708333333333336,0.5,65.91666666666667,39.875,Sunny,0.0,15,7,07:01:00,19:21:00,4:50:00,15:25:00,16,74,1022,0
2017-03-25,50.2,37.25833333333333,330.875,51.56666666666666,5.545833333333333,23.20833333333333,0.5,91.58333333333331,64.70833333333333,Cloudy,0.04,15,8,06:59:00,19:22:00,5:29:00,16:28:00,13,66,1019,1
2017-03-26,53.275,44.520833333333336,265.9166666666667,56.8125,5.383333333333333,30.375,0.5,106.20833333333331,70.33333333333333,Sunny,1.3,14,7,06:58:00,19:23:00,6:5:00,17:35:00,11,76,1014,1
2017-03-27,23.954166666666666,16.8875,219.83333333333331,28.329166666666666,4.883333333333334,57.29166666666666,0.5,96.41666666666669,63.583333333333336,Overcast,3.15,9,6,06:56:00,19:24:00,6:40:00,18:43:00,25,78,1021,1
2017-03-28,41.60833333333333,28.441666666666663,355.2916666666667,53.74166666666667,6.333333333333333,27.45833333333333,0.5,74.875,51.66666666666666,Sunny,0.0,13,5,06:54:00,19:25:00,7:16:00,19:54:00,16,64,1022,1
2017-03-29,34.37916666666667,23.866666666666664,274.75,53.07083333333333,8.620833333333334,41.708333333333336,0.5,78.95833333333333,59.333333333333336,Sunny,0.0,16,7,06:53:00,19:26:00,7:51:00,21:5:00,21,58,1020,1
2017-03-30,36.85833333333333,24.7375,245.83333333333331,51.6625,7.925,44.29166666666666,0.5,73.66666666666667,52.41666666666666,Sunny,0.0,17,9,06:51:00,19:27:00,8:29:00,22:16:00,20,63,1018,1
2017-03-31,35.795833333333334,20.3375,252.08333333333331,25.183333333333334,3.2875,68.625,0.5,75.45833333333333,55.333333333333336,Partly cloudy,0.0,12,7,06:49:00,19:28:00,9:11:00,23:27:00,32,79,1023,1
2017-04-01,25.266666666666666,11.966666666666669,189.70833333333331,24.941666666666663,3.654166666666667,74.625,0.5,58.0,33.333333333333336,Sunny,0.0,11,6,06:47:00,19:29:00,9:56:00,,25,73,1022,0
2017-04-02,22.808333333333334,13.579166666666666,191.25,26.433333333333334,3.6291666666666655,67.5,0.5,50.54166666666666,27.625,Sunny,0.0,13,6,06:46:00,19:30:00,10:47:00,12:34:00,22,73,1022,0
2017-04-03,31.3,20.92083333333333,207.125,47.4125,4.7375,46.04166666666666,0.5,60.5,33.875,Sunny,0.0,15,8,06:44:00,19:32:00,11:43:00,1:37:00,15,72,1020,0
2017-04-04,45.3125,34.333333333333336,310.125,63.29583333333333,6.366666666666667,27.541666666666668,0.5,79.83333333333333,57.25,Overcast,0.05,14,10,06:42:00,19:33:00,0:43:00,2:33:00,10,71,1020,1
2017-04-05,50.27916666666667,38.29583333333333,279.75,59.59166666666667,5.266666666666667,34.166666666666664,0.5,108.75,71.125,Overcast,1.01,15,10,06:41:00,19:34:00,13:46:00,3:24:00,11,75,1017,1
2017-04-06,55.94166666666666,43.9375,376.125,74.075,8.620833333333334,21.08333333333333,0.5,108.625,71.20833333333333,Partly cloudy,0.0,15,10,06:39:00,19:35:00,14:49:00,4:7:00,12,73,1010,1
2017-04-07,44.35416666666666,35.604166666666664,317.9583333333333,68.25833333333334,9.429166666666667,25.20833333333333,0.5,119.70833333333331,74.66666666666667,Overcast,0.59,11,8,06:38:00,19:36:00,15:52:00,4:45:00,8,80,1012,1
2017-04-08,31.191666666666663,23.67083333333333,233.54166666666663,49.67916666666667,6.9375,35.708333333333336,0.5,86.58333333333333,62.833333333333336,Sunny,0.86,12,7,06:36:00,19:37:00,16:54:00,5:19:00,12,68,1016,1
2017-04-09,33.31666666666667,22.725,285.0833333333333,48.8625,7.266666666666667,32.208333333333336,0.5,72.125,49.5,Partly cloudy,0.17,12,7,06:34:00,19:38:00,17:55:00,5:51:00,7,62,1023,0
2017-04-10,39.73333333333333,31.379166666666663,345.9166666666667,64.25,7.879166666666666,28.291666666666668,0.5,83.375,60.5,Sunny,0.0,13,7,06:33:00,19:39:00,18:55:00,6:21:00,7,61,1024,1
2017-04-11,34.975,28.375,243.25,62.18333333333334,8.4,28.125,0.5,83.33333333333333,62.125,Sunny,0.0,15,7,06:31:00,19:40:00,19:54:00,6:51:00,11,59,1018,1
2017-04-12,39.80416666666667,22.59166666666667,307.7083333333333,57.36666666666667,9.204166666666667,33.083333333333336,0.5,82.29166666666667,60.958333333333336,Partly cloudy,0.0,16,9,06:30:00,19:41:00,20:52:00,7:21:00,20,63,1015,1
2017-04-13,26.225,18.7625,197.625,33.354166666666664,6.7375,54.29166666666666,0.5,65.375,39.25,Sunny,0.0,15,9,06:28:00,19:42:00,21:49:00,7:52:00,16,73,1011,0
2017-04-14,59.89166666666667,40.53333333333333,379.3333333333333,74.04583333333333,10.479166666666666,20.5,0.5,86.29166666666667,58.66666666666666,Sunny,0.09,17,9,06:26:00,19:43:00,22:45:00,8:26:00,6,66,1012,1
2017-04-15,71.875,54.04166666666666,431.7083333333333,77.97916666666667,10.916666666666666,26.541666666666668,0.5,138.83333333333334,80.83333333333333,Sunny,0.0,18,13,06:25:00,19:44:00,23:39:00,9:3:00,7,65,1015,1
2017-04-16,49.85833333333333,40.63333333333333,429.1666666666667,57.09166666666667,10.5875,39.375,0.5,126.45833333333331,76.875,Sunny,0.56,20,13,06:23:00,19:45:00,,9:44:00,12,60,1012,1
2017-04-17,28.225,20.133333333333333,274.7916666666667,37.65416666666667,6.9875,55.75,0.5,88.875,62.16666666666666,Partly cloudy,2.17,18,10,06:22:00,19:46:00,12:30:00,10:28:00,19,76,1009,1
2017-04-18,14.0375,10.5625,252.04166666666663,25.72083333333333,4.991666666666666,49.958333333333336,0.5,53.0,28.416666666666668,Overcast,4.84,10,8,06:20:00,19:47:00,1:19:00,11:18:00,18,82,1014,0
2017-04-19,36.94583333333333,29.066666666666663,346.2916666666667,54.43333333333334,7.6875,25.70833333333333,0.5,66.66666666666667,43.833333333333336,Sunny,0.01,18,7,06:19:00,19:48:00,2:4:00,0:11:00,13,64,1016,0
2017-04-20,35.52916666666667,24.266666666666666,326.0,50.16666666666666,7.274999999999999,35.5,0.5,85.83333333333333,63.0,Sunny,4.16,18,8,06:17:00,19:50:00,2:45:00,13:9:00,17,71,1011,1
2017-04-21,20.8,16.058333333333334,296.1666666666667,38.25833333333333,8.729166666666666,38.833333333333336,0.5,63.16666666666666,37.54166666666666,Sunny,0.05,12,7,06:16:00,19:51:00,3:24:00,14:9:00,11,64,1019,0
2017-04-22,20.79583333333333,13.841666666666669,189.33333333333331,32.391666666666666,5.695833333333333,54.083333333333336,0.5,58.41666666666666,31.916666666666668,Sunny,0.08,12,7,06:14:00,19:52:00,4:1:00,15:14:00,18,61,1019,0
2017-04-23,24.6625,18.366666666666667,191.20833333333331,29.008333333333336,6.670833333333333,65.375,0.5,56.16666666666666,29.75,Partly cloudy,1.42,14,7,06:13:00,19:53:00,4:35:00,16:20:00,18,68,1015,0
2017-04-24,25.679166666666664,19.0625,178.125,39.79583333333333,7.0625,50.833333333333336,0.5,64.5,37.875,Sunny,0.31,12,7,06:12:00,19:54:00,5:10:00,17:29:00,9,64,1023,0
2017-04-25,43.875,32.63333333333333,294.5416666666667,57.84583333333333,8.191666666666666,33.125,0.5,84.875,59.083333333333336,Sunny,0.0,16,9,06:10:00,19:55:00,5:45:00,18:40:00,14,54,1023,1
2017-04-26,55.645833333333336,44.06666666666666,386.7083333333333,74.41666666666667,11.716666666666669,28.625,0.5,99.08333333333331,67.875,Sunny,0.0,18,9,06:09:00,19:56:00,6:22:00,19:54:00,6,58,1020,1
2017-04-27,72.71249999999999,58.30833333333334,409.4583333333333,85.55416666666667,14.329166666666666,25.416666666666668,0.5,142.08333333333334,82.25,Sunny,0.0,20,12,06:07:00,19:57:00,7:2:00,21:7:00,6,56,1017,1
2017-04-28,77.24583333333334,59.49583333333334,414.2083333333333,88.05833333333334,12.775,25.916666666666668,0.5,148.58333333333334,84.79166666666667,Sunny,0.0,21,13,06:06:00,19:58:00,7:47:00,22:19:00,5,56,1016,1
2017-04-29,88.08333333333333,73.34166666666667,448.7083333333333,93.95,12.570833333333333,29.75,0.5,158.5,97.54166666666669,Sunny,0.0,23,14,06:05:00,19:59:00,8:37:00,23:27:00,6,54,1013,1
2017-04-30,62.19583333333333,44.71666666666667,342.0833333333333,55.12083333333334,7.979166666666667,53.29166666666666,0.5,148.41666666666666,87.83333333333333,Sunny,0.37,22,14,06:03:00,20:0:00,9:33:00,,20,57,1011,1
2017-05-01,29.104166666666668,19.479166666666668,227.08333333333331,23.20833333333333,3.1666666666666665,72.08333333333333,0.5,86.08333333333333,57.29166666666666,Sunny,0.06,18,13,06:02:00,20:1:00,10:34:00,12:28:00,27,71,1013,1
2017-05-02,39.44583333333333,24.6625,261.875,31.133333333333336,4.091666666666667,53.708333333333336,0.5,68.70833333333333,43.79166666666666,Sunny,0.0,19,12,06:01:00,20:2:00,11:37:00,1:22:00,18,71,1015,0
2017-05-03,51.82916666666667,29.45,238.08333333333331,32.858333333333334,4.941666666666666,59.083333333333336,0.5,82.33333333333333,61.75,Sunny,0.04,21,13,06:00:00,20:3:00,0:41:00,2:7:00,18,71,1016,1
2017-05-04,62.07916666666667,37.40833333333333,263.5416666666667,39.395833333333336,4.708333333333333,49.25,0.5,98.20833333333331,67.70833333333333,Sunny,0.0,21,13,05:58:00,20:4:00,13:45:00,2:47:00,15,72,1014,1
2017-05-05,57.70416666666667,36.1,233.33333333333331,45.5125,5.591666666666666,45.29166666666666,0.5,100.45833333333331,68.54166666666667,Sunny,0.28,21,14,05:57:00,20:5:00,14:47:00,3:23:00,11,70,1014,1
2017-05-06,52.4375,36.84166666666667,323.5416666666667,51.85416666666666,4.425,30.541666666666668,0.5,109.79166666666669,71.5,Partly cloudy,0.11,18,13,05:56:00,20:6:00,15:49:00,3:55:00,9,79,1011,1
2017-05-07,31.625,24.7375,309.3333333333333,45.81666666666666,4.808333333333334,37.833333333333336,0.5,87.83333333333333,63.79166666666666,Partly cloudy,1.54,20,13,05:55:00,20:7:00,16:48:00,4:24:00,14,69,1008,1
2017-05-08,37.06666666666667,24.875,246.95833333333331,49.87083333333334,5.025,39.958333333333336,0.5,78.16666666666667,59.833333333333336,Sunny,0.05,21,14,05:54:00,20:8:00,17:47:00,4:54:00,18,71,1005,1
2017-05-09,38.6375,25.1875,342.375,48.7625,4.641666666666667,35.0,0.5,75.375,55.66666666666666,Sunny,2.9,21,14,05:53:00,20:9:00,18:44:00,5:23:00,14,76,1004,1
2017-05-10,26.10833333333333,17.245833333333334,196.91666666666663,27.96666666666667,3.5500000000000003,49.333333333333336,0.5,72.5,50.0,Overcast,2.64,17,13,05:52:00,20:10:00,19:42:00,5:54:00,19,82,1011,0
2017-05-11,26.3375,20.904166666666665,183.375,41.92083333333333,4.404166666666667,37.875,0.5,59.125,32.625,Sunny,0.0,18,12,05:51:00,20:11:00,20:38:00,6:26:00,8,74,1017,0
2017-05-12,52.94166666666666,40.44583333333333,403.0,66.57916666666667,6.0625,20.08333333333333,0.5,92.83333333333331,63.958333333333336,Sunny,0.0,22,14,05:50:00,20:12:00,21:33:00,7:2:00,9,61,1015,1
2017-05-13,63.3625,32.0125,306.625,60.29583333333333,7.7375,42.833333333333336,0.5,103.625,69.58333333333333,Sunny,0.03,26,17,05:49:00,20:13:00,22:26:00,7:41:00,17,54,1010,1
2017-05-14,59.17083333333333,29.629166666666663,333.25,47.2125,3.920833333333333,38.625,0.5,93.25,68.0,Partly cloudy,0.15,23,16,05:48:00,20:14:00,23:16:00,8:24:00,12,69,1014,1
2017-05-15,20.625,14.133333333333333,210.66666666666663,22.954166666666666,2.9416666666666664,47.208333333333336,0.5,65.875,41.41666666666666,Sunny,0.14,19,14,05:47:00,20:15:00,,9:12:00,18,77,1022,0
2017-05-16,25.058333333333334,17.6375,218.29166666666663,32.06666666666667,3.3375,44.125,0.5,60.583333333333336,34.0,Sunny,0.0,20,13,05:46:00,20:16:00,12:2:00,10:3:00,24,73,1021,0
2017-05-17,24.9625,16.525000000000002,192.58333333333331,19.141666666666666,2.591666666666667,67.375,0.5,58.5,32.041666666666664,Partly cloudy,0.57,19,15,05:45:00,20:17:00,12:44:00,10:58:00,38,72,1016,0
2017-05-18,26.9,15.479166666666666,190.0,17.925,2.6,65.54166666666667,0.5,59.625,32.875,Partly cloudy,0.02,19,14,05:44:00,20:18:00,1:23:00,11:57:00,35,73,1015,0
2017-05-19,25.025,12.2375,197.5,16.754166666666666,2.441666666666667,85.625,0.5,54.29166666666666,34.416666666666664,Sunny,0.0,18,13,05:43:00,20:19:00,1:59:00,0:58:00,27,62,1015,0
2017-05-20,32.05416666666667,21.8375,298.7916666666667,35.25416666666667,2.495833333333333,50.458333333333336,0.5,59.41666666666666,33.416666666666664,Sunny,0.0,18,12,05:42:00,20:20:00,2:33:00,14:1:00,10,61,1013,0
2017-05-21,27.204166666666666,19.8125,234.16666666666663,37.391666666666666,2.783333333333333,52.75,0.5,69.83333333333333,45.41666666666666,Sunny,5.37,17,13,05:41:00,20:21:00,3:7:00,15:8:00,8,71,1010,0
2017-05-22,29.0375,22.27916666666667,242.83333333333331,45.24166666666667,2.6791666666666667,40.16666666666666,0.5,70.29166666666667,46.208333333333336,Partly cloudy,0.0,19,12,05:41:00,20:22:00,3:40:00,16:16:00,9,70,1011,0
2017-05-23,26.991666666666664,17.462500000000002,197.54166666666663,38.391666666666666,1.9708333333333332,49.91666666666666,0.5,67.16666666666667,41.458333333333336,Sunny,0.83,19,13,05:40:00,20:23:00,4:15:00,17:28:00,13,76,1017,0
2017-05-24,28.65,21.60833333333333,233.45833333333331,43.395833333333336,2.1166666666666667,47.083333333333336,0.5,64.54166666666667,38.083333333333336,Sunny,0.0,19,13,05:39:00,20:23:00,4:53:00,18:40:00,13,71,1017,0
2017-05-25,39.145833333333336,28.2875,273.375,54.76666666666667,3.9166666666666665,35.208333333333336,0.5,76.25,54.91666666666666,Sunny,0.48,21,14,05:38:00,20:24:00,5:35:00,19:54:00,10,65,1014,1
2017-05-26,35.13333333333333,27.34583333333333,178.375,47.125,2.7875,40.625,0.5,87.54166666666667,63.79166666666666,Sunny,0.47,22,15,05:38:00,20:25:00,6:22:00,21:6:00,15,69,1012,1
2017-05-27,25.704166666666666,16.0,142.70833333333334,27.4125,3.2458333333333336,51.66666666666666,0.5,68.33333333333333,44.0,Partly cloudy,0.0,20,15,05:37:00,20:26:00,7:17:00,22:13:00,17,73,1013,0
2017-05-28,18.2875,11.195833333333333,143.16666666666666,15.266666666666666,2.5125,70.66666666666667,0.5,52.41666666666666,29.45833333333333,Sunny,0.01,20,15,05:37:00,20:27:00,8:17:00,23:12:00,24,72,1017,0
2017-05-29,26.5375,15.9875,170.125,21.7375,1.925,62.458333333333336,0.5,52.66666666666666,27.08333333333333,Sunny,0.0,21,16,05:36:00,20:28:00,9:22:00,,25,73,1016,0
2017-05-30,27.89583333333333,21.7125,262.2916666666667,41.79583333333333,2.3875,45.625,0.5,64.04166666666667,37.54166666666666,Overcast,4.75,19,16,05:35:00,20:28:00,10:28:00,12:3:00,9,83,1016,0
2017-05-31,31.45833333333333,24.0125,246.625,44.02916666666667,2.9333333333333336,42.75,0.5,74.29166666666667,53.708333333333336,Sunny,4.37,23,16,05:35:00,20:29:00,11:35:00,12:47:00,17,67,1016,1
2017-06-01,35.825,27.09166666666667,181.33333333333331,49.97916666666666,2.9625,46.91666666666666,0.5,76.91666666666667,57.875,Sunny,0.15,24,18,05:35:00,20:30:00,0:39:00,1:25:00,12,71,1016,1
2017-06-02,53.4875,44.30416666666667,244.16666666666663,67.26666666666667,4.054166666666666,31.875,0.5,104.04166666666669,69.45833333333333,Sunny,0.78,25,20,05:34:00,20:31:00,13:42:00,1:59:00,10,70,1016,1
2017-06-03,51.18333333333334,39.81666666666667,298.875,46.69166666666666,2.7916666666666665,42.333333333333336,0.5,116.91666666666669,73.79166666666667,Sunny,0.0,27,20,05:34:00,20:31:00,14:42:00,2:29:00,14,67,1014,1
2017-06-04,30.570833333333336,20.558333333333334,177.66666666666666,21.741666666666664,2.1666666666666665,68.83333333333333,0.5,89.75,62.5,Sunny,0.0,24,18,05:33:00,20:32:00,15:41:00,2:58:00,27,67,1014,1
2017-06-05,32.6375,19.091666666666665,176.79166666666666,26.625,2.629166666666667,56.625,0.5,63.375,36.625,Sunny,0.01,24,18,05:33:00,20:33:00,16:38:00,3:27:00,17,79,1013,0
2017-06-06,38.73333333333333,24.1,190.33333333333331,39.88333333333333,2.270833333333333,45.16666666666666,0.5,72.54166666666667,50.583333333333336,Sunny,0.03,23,17,05:33:00,20:33:00,17:36:00,3:57:00,7,79,1013,1
2017-06-07,47.6,34.02916666666667,224.375,55.22916666666666,2.7458333333333336,36.5,0.5,81.125,59.54166666666666,Sunny,0.0,25,17,05:32:00,20:34:00,18:32:00,4:28:00,6,69,1013,1
2017-06-08,62.8875,43.25833333333333,332.875,71.9875,3.0083333333333333,35.708333333333336,0.5,114.29166666666669,72.95833333333333,Sunny,1.8,27,19,05:32:00,20:35:00,19:28:00,5:2:00,9,69,1012,1
2017-06-09,23.729166666666668,13.0875,144.25,24.17083333333333,2.183333333333333,42.958333333333336,0.5,85.83333333333333,56.083333333333336,Overcast,0.42,21,17,05:32:00,20:35:00,20:22:00,5:40:00,17,78,1012,1
2017-06-10,22.1625,13.845833333333331,278.2083333333333,30.558333333333334,2.433333333333333,32.583333333333336,0.5,49.29166666666666,23.875,Overcast,0.95,21,16,05:32:00,20:36:00,21:13:00,6:22:00,10,80,1015,0
2017-06-11,28.73333333333333,21.275,273.0,35.12916666666667,2.8375,45.625,0.5,67.16666666666667,42.708333333333336,Partly cloudy,0.0,24,18,05:32:00,20:36:00,22:1:00,7:8:00,16,67,1014,0
2017-06-12,21.104166666666668,12.625,133.95833333333334,21.15,2.6166666666666667,60.583333333333336,0.5,56.958333333333336,31.5,Sunny,0.0,23,18,05:32:00,20:37:00,22:44:00,7:58:00,26,68,1014,0
2017-06-13,21.683333333333334,16.400000000000002,192.875,33.829166666666666,2.1166666666666667,52.79166666666666,0.5,54.41666666666666,28.20833333333333,Sunny,0.0,24,17,05:32:00,20:37:00,23:25:00,8:52:00,17,64,1012,0
2017-06-14,36.4875,25.0375,257.375,48.4,3.0625,40.29166666666666,0.5,70.41666666666667,47.5,Sunny,0.0,26,18,05:32:00,20:38:00,,9:49:00,12,67,1011,0
2017-06-15,36.79166666666666,24.47083333333333,226.5,47.36666666666667,2.2,36.25,0.5,78.625,60.16666666666666,Sunny,0.1,25,19,05:32:00,20:38:00,12:1:00,10:49:00,11,71,1015,1
2017-06-16,26.97083333333333,16.045833333333334,181.95833333333331,29.933333333333334,2.1750000000000003,48.333333333333336,0.5,65.79166666666667,40.875,Sunny,0.0,25,18,05:32:00,20:38:00,12:35:00,11:50:00,20,58,1016,0
2017-06-17,29.6375,19.2,212.95833333333331,39.87083333333333,3.7625,47.79166666666666,0.5,59.625,33.125,Sunny,0.05,25,18,05:32:00,20:39:00,1:8:00,0:53:00,11,55,1011,0
2017-06-18,25.28333333333333,17.745833333333334,160.58333333333334,30.5625,2.316666666666667,50.583333333333336,0.5,67.45833333333333,41.708333333333336,Partly cloudy,1.42,22,17,05:32:00,20:39:00,1:40:00,13:59:00,11,69,1010,0
2017-06-19,18.466666666666665,11.05,225.70833333333331,29.304166666666664,2.85,48.125,0.5,54.16666666666666,28.33333333333333,Cloudy,3.17,20,17,05:32:00,20:39:00,2:13:00,15:7:00,16,73,1012,0
2017-06-20,27.10833333333333,18.266666666666666,262.0416666666667,35.608333333333334,4.079166666666667,45.0,0.5,50.833333333333336,25.625,Sunny,0.14,25,19,05:32:00,20:40:00,2:47:00,16:17:00,15,60,1014,0
2017-06-21,51.29583333333333,37.92083333333333,409.5416666666667,55.88333333333333,3.945833333333333,35.125,0.5,89.04166666666667,60.833333333333336,Sunny,0.0,25,19,05:32:00,20:40:00,3:26:00,17:29:00,6,67,1013,1
2017-06-22,46.19583333333333,34.425000000000004,397.625,55.80833333333334,3.575,36.29166666666666,0.5,101.625,68.91666666666667,Sunny,0.06,27,21,05:33:00,20:40:00,4:9:00,18:41:00,9,64,1014,1
2017-06-23,47.90416666666667,36.141666666666666,444.75,53.833333333333336,3.3083333333333336,38.083333333333336,0.5,98.0,67.66666666666667,Sunny,0.0,28,20,05:33:00,20:40:00,4:59:00,19:51:00,7,59,1015,1
2017-06-24,38.583333333333336,28.825,299.5,48.34583333333333,4.345833333333333,55.208333333333336,0.5,97.08333333333331,67.29166666666667,Sunny,0.02,28,23,05:33:00,20:40:00,5:57:00,20:55:00,15,58,1013,1
2017-06-25,24.679166666666664,18.120833333333334,281.125,29.266666666666666,2.2291666666666665,61.5,0.5,72.5,49.208333333333336,Sunny,0.0,29,22,05:33:00,20:40:00,7:0:00,21:52:00,21,57,1014,0
2017-06-26,20.995833333333334,14.620833333333332,263.9583333333333,17.516666666666666,2.0125,69.04166666666667,0.5,58.66666666666666,32.625,Sunny,0.0,28,21,05:34:00,20:40:00,8:8:00,22:41:00,21,69,1011,0
2017-06-27,31.975,22.97083333333333,344.9166666666667,31.09166666666667,2.083333333333333,43.208333333333336,0.5,64.16666666666667,38.75,Sunny,0.0,28,20,05:34:00,20:40:00,9:17:00,23:23:00,7,66,1012,0
2017-06-28,31.104166666666668,22.633333333333336,383.75,41.925,2.1958333333333333,35.833333333333336,0.5,72.875,51.16666666666666,Sunny,0.0,29,22,05:35:00,20:40:00,10:24:00,23:59:00,9,59,1011,1
2017-06-29,45.45416666666667,33.983333333333334,412.625,52.4625,3.8666666666666663,39.958333333333336,0.5,82.54166666666667,60.0,Sunny,0.0,31,24,05:35:00,20:40:00,11:30:00,,8,53,1010,1
2017-06-30,56.37916666666666,38.8,397.4166666666667,60.825,5.241666666666666,46.5,0.5,108.375,71.04166666666667,Sunny,0.0,33,26,05:35:00,20:40:00,0:32:00,12:31:00,12,47,1012,1
2017-07-01,50.875,31.995833333333334,345.5,52.20416666666667,3.5541666666666667,58.75,0.5,97.66666666666669,67.54166666666667,Sunny,0.0,33,25,05:36:00,20:40:00,13:33:00,1:2:00,13,46,1011,1
2017-07-02,53.79166666666666,33.80416666666667,373.5416666666667,44.09166666666667,3.545833333333333,53.333333333333336,0.5,95.54166666666669,66.70833333333333,Sunny,0.0,32,24,05:36:00,20:40:00,14:31:00,1:31:00,13,63,1006,1
2017-07-03,39.30416666666667,23.075,305.0,22.6125,2.8666666666666667,53.708333333333336,0.5,83.33333333333333,61.083333333333336,Sunny,1.24,30,23,05:37:00,20:40:00,15:29:00,2:0:00,19,76,1004,1
2017-07-04,25.40833333333333,12.425,210.95833333333331,13.204166666666666,2.4625,53.29166666666666,0.5,63.375,37.708333333333336,Light rain shower,2.18,23,21,05:38:00,20:40:00,16:26:00,2:31:00,31,73,1014,0
2017-07-05,18.28333333333333,10.245833333333334,207.70833333333331,13.666666666666666,2.2875,62.208333333333336,0.5,43.5,26.20833333333333,Sunny,0.0,25,21,05:38:00,20:39:00,17:22:00,3:4:00,30,56,1018,0
2017-07-06,20.266666666666666,11.4375,212.16666666666663,18.808333333333334,2.220833333333333,63.04166666666666,0.5,43.5,25.25,Sunny,0.0,25,20,05:39:00,20:39:00,18:16:00,3:40:00,25,63,1016,0
2017-07-07,27.7125,17.891666666666666,284.1666666666667,33.604166666666664,2.216666666666667,48.125,0.5,57.625,31.166666666666668,Sunny,0.01,26,19,05:39:00,20:39:00,19:9:00,4:20:00,17,67,1017,0
2017-07-08,20.029166666666665,12.270833333333334,261.6666666666667,27.766666666666666,2.6125000000000003,47.91666666666666,0.5,55.833333333333336,30.20833333333333,Sunny,0.0,26,19,05:40:00,20:38:00,19:58:00,5:5:00,14,57,1015,0
2017-07-09,33.708333333333336,20.933333333333334,362.7083333333333,50.96666666666667,4.05,34.833333333333336,0.5,57.958333333333336,32.166666666666664,Sunny,0.0,29,20,05:41:00,20:38:00,20:44:00,5:54:00,6,52,1013,0
2017-07-10,28.79583333333333,16.545833333333334,258.2083333333333,33.125,3.420833333333333,59.875,0.5,67.70833333333333,42.958333333333336,Sunny,0.0,28,22,05:41:00,20:37:00,21:26:00,6:47:00,24,62,1016,0
2017-07-11,20.841666666666665,12.725,221.375,20.808333333333334,2.583333333333333,61.833333333333336,0.5,54.16666666666666,29.45833333333333,Sunny,0.0,28,21,05:42:00,20:37:00,22:3:00,7:44:00,22,68,1016,0
2017-07-12,25.10833333333333,16.166666666666668,258.7916666666667,29.90833333333333,2.716666666666667,45.91666666666666,0.5,54.5,28.166666666666668,Sunny,0.0,28,21,05:43:00,20:37:00,22:38:00,8:42:00,12,71,1012,0
2017-07-13,32.9625,22.683333333333334,351.5,49.94583333333333,3.0625,34.875,0.5,64.75,38.41666666666666,Sunny,0.0,30,21,05:44:00,20:36:00,23:12:00,9:44:00,8,57,1008,0
2017-07-14,34.979166666666664,23.05,276.4166666666667,37.87083333333333,2.629166666666667,48.0,0.5,79.875,59.79166666666666,Sunny,1.09,27,22,05:44:00,20:35:00,23:43:00,10:45:00,25,69,1010,1
2017-07-15,15.904166666666669,8.370833333333334,206.41666666666663,14.495833333333332,2.3833333333333333,55.0,0.5,49.875,29.95833333333333,Sunny,0.0,26,21,05:45:00,20:35:00,,11:49:00,29,67,1011,0
2017-07-16,20.508333333333333,11.041666666666666,204.04166666666663,15.9375,2.4875000000000003,58.208333333333336,0.5,39.66666666666666,23.33333333333333,Cloudy,0.12,25,21,05:46:00,20:34:00,12:15:00,0:54:00,32,73,1011,0
2017-07-17,25.666666666666668,12.054166666666667,187.25,14.058333333333332,1.95,63.04166666666666,0.5,48.333333333333336,26.08333333333333,Partly cloudy,3.67,24,21,05:47:00,20:34:00,12:47:00,14:2:00,36,75,1011,0
2017-07-18,24.90833333333333,13.466666666666669,213.70833333333331,19.183333333333334,1.7916666666666667,58.375,0.5,52.583333333333336,27.33333333333333,Overcast,16.48,22,21,05:48:00,20:33:00,1:23:00,15:11:00,27,84,1014,0
2017-07-19,26.52083333333333,14.1,236.0,20.76666666666667,1.8541666666666667,67.95833333333333,0.5,52.16666666666666,27.58333333333333,Sunny,0.13,26,21,05:48:00,20:32:00,2:3:00,16:20:00,20,66,1016,0
2017-07-20,28.291666666666668,17.395833333333332,235.54166666666663,28.245833333333334,2.120833333333333,62.25,0.5,58.958333333333336,32.416666666666664,Sunny,0.0,27,21,05:49:00,20:31:00,2:48:00,17:30:00,20,63,1013,0
2017-07-21,27.441666666666663,19.29583333333333,239.66666666666663,26.254166666666663,2.2666666666666666,64.0,0.5,64.125,37.208333333333336,Sunny,0.0,27,22,05:50:00,20:31:00,3:40:00,18:36:00,21,67,1013,0
2017-07-22,27.416666666666668,18.28333333333333,250.83333333333331,27.0125,2.433333333333333,64.79166666666667,0.5,62.91666666666666,36.083333333333336,Sunny,0.0,28,22,05:51:00,20:30:00,4:39:00,19:36:00,16,63,1015,0
2017-07-23,36.016666666666666,26.7125,337.375,43.45416666666667,1.9166666666666667,46.958333333333336,0.5,75.5,53.66666666666666,Sunny,0.0,30,22,05:52:00,20:29:00,5:45:00,20:29:00,8,59,1014,1
2017-07-24,35.025,25.47083333333333,291.5416666666667,43.5875,2.0,52.54166666666666,0.5,77.58333333333333,58.208333333333336,Sunny,0.0,30,24,05:53:00,20:28:00,6:54:00,21:15:00,14,54,1009,1
2017-07-25,45.1,34.25416666666667,347.5416666666667,59.13333333333333,3.2625,47.79166666666666,0.5,85.70833333333333,62.958333333333336,Sunny,0.02,31,24,05:54:00,20:27:00,8:3:00,21:55:00,4,55,1004,1
2017-07-26,59.66666666666666,37.975,391.625,52.70416666666667,3.295833333333333,47.41666666666666,0.5,107.45833333333331,70.79166666666667,Sunny,0.01,31,26,05:55:00,20:26:00,9:11:00,22:29:00,7,61,1003,1
2017-07-27,51.42916666666667,28.7375,368.7916666666667,38.75416666666667,3.2458333333333336,40.625,0.5,95.0,66.5,Sunny,1.28,29,23,05:55:00,20:25:00,10:16:00,23:2:00,11,69,1003,1
2017-07-28,20.566666666666663,14.9125,327.1666666666667,27.47083333333333,2.5875,56.66666666666666,0.5,68.41666666666667,44.16666666666666,Sunny,0.38,26,21,05:56:00,20:24:00,11:20:00,23:32:00,16,62,1009,0
2017-07-29,27.808333333333334,20.516666666666666,351.125,38.15833333333333,2.958333333333333,46.29166666666666,0.5,61.0,34.333333333333336,Sunny,0.0,28,23,05:57:00,20:23:00,0:20:00,,11,59,1015,0
2017-07-30,43.21666666666667,29.766666666666666,338.0,54.50833333333333,3.6875,48.0,0.5,85.58333333333333,60.833333333333336,Sunny,0.0,29,24,05:58:00,20:22:00,13:20:00,12:2:00,14,57,1017,1
2017-07-31,19.6625,11.1,173.83333333333334,17.533333333333335,2.9791666666666665,71.5,0.5,62.208333333333336,40.54166666666666,Sunny,0.0,26,23,05:59:00,20:21:00,14:17:00,12:32:00,27,62,1016,0
2017-08-01,22.1625,10.008333333333333,178.25,16.604166666666668,2.975,69.875,0.5,42.75,27.916666666666668,Sunny,0.0,27,23,06:00:00,20:20:00,15:14:00,1:5:00,29,63,1017,0
2017-08-02,28.1,13.379166666666668,193.58333333333331,20.725,2.4791666666666665,76.125,0.5,47.25,30.541666666666668,Sunny,0.0,28,23,06:01:00,20:19:00,16:9:00,1:40:00,24,69,1015,0
2017-08-03,30.070833333333336,16.9875,241.125,25.47083333333333,3.2583333333333333,60.25,0.5,57.625,31.33333333333333,Sunny,0.0,29,24,06:02:00,20:18:00,17:2:00,2:18:00,18,67,1013,0
2017-08-04,36.43333333333333,23.079166666666666,274.5833333333333,32.32083333333333,4.0,61.583333333333336,0.5,66.25,40.66666666666666,Sunny,0.0,30,24,06:03:00,20:17:00,17:53:00,3:1:00,16,66,1011,0
2017-08-05,35.175000000000004,24.075,262.5,38.16666666666666,3.725,61.5,0.5,74.95833333333333,54.75,Sunny,0.0,31,24,06:04:00,20:16:00,18:40:00,3:48:00,15,64,1010,1
2017-08-06,37.88333333333333,27.041666666666668,291.2916666666667,30.512500000000003,3.875,63.54166666666666,0.5,79.41666666666667,60.333333333333336,Sunny,0.0,31,25,06:05:00,20:14:00,19:24:00,4:40:00,17,64,1009,1
2017-08-07,40.15833333333333,27.125,314.0416666666667,25.3,3.404166666666667,60.25,0.5,82.41666666666667,62.0,Sunny,0.0,30,25,06:06:00,20:13:00,20:3:00,5:36:00,15,70,1011,1
2017-08-08,37.5125,20.266666666666666,240.125,19.2375,3.4375,63.04166666666666,0.5,75.16666666666667,54.04166666666666,Partly cloudy,0.01,28,25,06:07:00,20:12:00,20:40:00,6:35:00,24,76,1014,1
2017-08-09,26.04583333333333,13.816666666666668,211.0,15.058333333333332,2.9458333333333333,63.375,0.5,60.875,34.208333333333336,Sunny,0.01,28,24,06:08:00,20:11:00,21:14:00,7:36:00,28,73,1016,0
2017-08-10,21.166666666666668,12.3125,219.95833333333331,16.337500000000002,2.954166666666667,60.91666666666666,0.5,50.125,26.541666666666668,Sunny,0.02,28,24,06:09:00,20:9:00,21:47:00,8:38:00,20,73,1014,0
2017-08-11,32.800000000000004,19.85833333333333,255.25,26.2375,3.3833333333333333,49.25,0.5,59.833333333333336,33.125,Sunny,0.0,29,24,06:10:00,20:8:00,22:18:00,9:43:00,17,70,1012,0
2017-08-12,30.725,17.529166666666665,248.33333333333331,26.491666666666664,3.3375,46.333333333333336,0.5,64.91666666666667,37.91666666666666,Sunny,0.0,30,24,06:11:00,20:7:00,22:50:00,10:47:00,13,65,1009,0
2017-08-13,39.9875,23.15416666666667,223.0,39.6875,3.2291666666666665,38.083333333333336,0.5,65.875,40.25,Sunny,0.0,29,23,06:12:00,20:5:00,23:25:00,11:53:00,4,64,1006,0
2017-08-14,30.316666666666663,17.9375,227.625,25.8875,3.020833333333333,54.29166666666666,0.5,70.875,47.583333333333336,Partly cloudy,0.01,26,23,06:13:00,20:4:00,,13:1:00,19,69,1012,0
2017-08-15,29.629166666666663,17.516666666666666,227.91666666666663,24.1625,2.375,47.333333333333336,0.5,60.333333333333336,33.708333333333336,Partly cloudy,0.26,26,23,06:14:00,20:3:00,12:2:00,14:8:00,15,68,1014,0
2017-08-16,28.40833333333333,16.433333333333334,237.91666666666663,24.3625,1.9916666666666665,58.75,0.5,63.125,36.41666666666666,Partly cloudy,0.79,27,24,06:15:00,20:1:00,12:43:00,15:16:00,18,72,1010,0
2017-08-17,27.59583333333333,16.6125,252.125,27.666666666666668,2.4291666666666667,51.333333333333336,0.5,57.125,30.791666666666668,Sunny,1.63,28,23,06:16:00,20:0:00,1:32:00,16:21:00,19,68,1011,0
2017-08-18,36.99583333333333,20.566666666666663,299.8333333333333,29.325,2.783333333333333,44.333333333333336,0.5,64.33333333333333,37.5,Sunny,0.0,29,24,06:17:00,19:58:00,2:26:00,17:23:00,16,69,1013,0
2017-08-19,39.65416666666667,22.2,279.2083333333333,30.52916666666667,4.720833333333333,47.375,0.5,71.08333333333333,47.54166666666666,Sunny,0.0,28,23,06:18:00,19:57:00,3:27:00,18:17:00,13,72,1014,0
2017-08-20,29.5875,18.28333333333333,260.9166666666667,31.754166666666663,5.25,41.66666666666666,0.5,66.16666666666667,40.16666666666666,Sunny,0.0,28,23,06:19:00,19:56:00,4:33:00,19:6:00,12,71,1012,0
2017-08-21,33.862500000000004,21.179166666666667,273.0833333333333,35.916666666666664,5.420833333333333,33.583333333333336,0.5,67.91666666666667,42.16666666666666,Sunny,0.0,27,23,06:20:00,19:54:00,5:42:00,19:48:00,8,74,1009,0
2017-08-22,27.925,16.7375,235.66666666666663,29.758333333333336,4.858333333333333,39.333333333333336,0.5,65.75,39.41666666666666,Overcast,2.06,23,21,06:21:00,19:53:00,6:50:00,20:25:00,18,74,1013,0
2017-08-23,25.02083333333333,17.429166666666667,248.20833333333331,40.325,4.395833333333333,42.29166666666666,0.5,58.625,32.208333333333336,Sunny,0.0,25,19,06:22:00,19:51:00,7:58:00,20:59:00,8,59,1016,0
2017-08-24,27.641666666666666,20.10833333333333,192.91666666666663,38.92083333333333,4.079166666666667,49.708333333333336,0.5,65.41666666666667,38.458333333333336,Sunny,0.0,26,21,06:23:00,19:50:00,9:3:00,21:31:00,15,55,1018,0
2017-08-25,22.47083333333333,17.629166666666666,170.5,30.65416666666667,3.95,60.41666666666666,0.5,65.375,38.583333333333336,Sunny,0.0,26,22,06:24:00,19:48:00,10:5:00,22:1:00,24,58,1020,0
2017-08-26,20.266666666666666,12.7625,177.875,25.1875,3.454166666666667,63.16666666666666,0.5,55.458333333333336,30.666666666666668,Sunny,0.0,26,21,06:25:00,19:47:00,11:7:00,22:31:00,24,61,1018,0
2017-08-27,23.65833333333333,14.479166666666666,173.79166666666666,20.591666666666665,3.295833333333333,69.375,0.5,53.125,29.33333333333333,Sunny,0.0,26,22,06:26:00,19:45:00,0:6:00,23:3:00,24,64,1014,0
2017-08-28,25.8375,15.725,204.375,24.6625,3.391666666666667,69.125,0.5,57.04166666666666,31.45833333333333,Sunny,0.0,27,23,06:27:00,19:43:00,13:4:00,23:38:00,18,63,1010,0
2017-08-29,24.929166666666664,14.625,218.25,24.7625,3.1833333333333336,59.458333333333336,0.5,58.25,31.75,Sunny,0.01,27,21,06:28:00,19:42:00,14:0:00,,24,68,1012,0
2017-08-30,14.833333333333334,9.029166666666669,222.375,12.695833333333333,2.3666666666666667,64.29166666666667,0.5,44.833333333333336,26.0,Sunny,0.0,24,21,06:29:00,19:40:00,14:54:00,12:14:00,26,60,1016,0
2017-08-31,14.229166666666666,9.841666666666669,241.29166666666663,23.90833333333333,3.141666666666667,51.625,0.5,42.583333333333336,22.83333333333333,Partly cloudy,0.04,24,20,06:30:00,19:39:00,15:46:00,12:56:00,18,60,1018,0
2017-09-01,14.920833333333334,11.245833333333332,268.5833333333333,29.016666666666666,2.858333333333333,43.125,0.5,42.66666666666666,22.25,Sunny,0.0,25,19,06:31:00,19:37:00,16:34:00,1:41:00,13,58,1015,0
2017-09-02,17.791666666666668,13.191666666666668,254.0,35.354166666666664,3.2875,46.583333333333336,0.5,49.625,25.041666666666668,Sunny,0.0,27,20,06:32:00,19:35:00,17:19:00,2:31:00,11,53,1013,0
2017-09-03,26.925,20.1375,334.5833333333333,46.81666666666666,3.8708333333333336,49.708333333333336,0.5,56.833333333333336,31.416666666666668,Sunny,0.0,28,21,06:33:00,19:34:00,18:0:00,3:26:00,6,52,1009,0
2017-09-04,35.95,30.375,344.3333333333333,48.225,4.266666666666667,48.875,0.5,89.45833333333333,63.833333333333336,Sunny,0.0,25,22,06:34:00,19:32:00,18:38:00,4:23:00,17,60,1011,1
2017-09-05,17.670833333333334,11.458333333333334,245.45833333333331,24.25,2.6750000000000003,54.75,0.5,60.875,36.375,Sunny,0.0,24,21,06:35:00,19:30:00,19:14:00,5:24:00,18,57,1016,0
2017-09-06,19.98333333333333,14.3625,275.5833333333333,34.30416666666667,2.566666666666667,53.708333333333336,0.5,50.333333333333336,25.166666666666668,Sunny,0.22,24,21,06:36:00,19:29:00,19:47:00,6:27:00,14,51,1015,0
2017-09-07,26.275,19.716666666666665,311.9166666666667,52.03333333333333,3.5375,55.54166666666666,0.5,60.75,34.041666666666664,Sunny,0.0,25,21,06:37:00,19:27:00,20:19:00,7:32:00,11,52,1016,0
2017-09-08,40.329166666666666,30.40833333333333,374.7916666666667,68.32916666666667,3.9166666666666665,42.583333333333336,0.5,79.58333333333333,57.0,Sunny,0.0,28,21,06:38:00,19:25:00,20:52:00,8:38:00,7,55,1014,1
2017-09-09,36.6,28.991666666666664,308.875,58.73333333333333,3.8666666666666663,39.79166666666666,0.5,83.58333333333333,62.208333333333336,Sunny,0.0,27,21,06:39:00,19:24:00,21:26:00,9:45:00,4,58,1013,1
2017-09-10,60.1,44.74166666666667,445.7083333333333,73.60416666666667,7.233333333333333,43.04166666666666,0.5,108.79166666666669,71.16666666666667,Sunny,0.0,29,23,06:40:00,19:22:00,22:3:00,10:53:00,5,52,1011,1
2017-09-11,72.11666666666666,49.36666666666667,433.1666666666667,86.79166666666667,6.333333333333333,36.708333333333336,0.5,128.625,77.5,Sunny,0.0,29,23,06:41:00,19:20:00,22:43:00,0:1:00,5,57,1011,1
2017-09-12,63.00833333333333,37.8125,396.7916666666667,59.270833333333336,4.254166666666666,50.04166666666666,0.5,127.66666666666669,77.25,Sunny,0.0,29,25,06:42:00,19:19:00,23:29:00,13:9:00,20,47,1009,1
2017-09-13,33.65833333333333,19.84583333333333,376.625,49.05833333333334,4.375,47.25,0.5,77.58333333333333,52.04166666666666,Sunny,0.0,28,24,06:42:00,19:17:00,,14:14:00,12,62,1014,1
2017-09-14,26.35833333333333,17.670833333333334,280.9583333333333,31.65,3.583333333333333,53.29166666666666,0.5,67.0,40.41666666666666,Sunny,0.0,27,23,06:43:00,19:15:00,12:20:00,15:15:00,22,56,1015,0
2017-09-15,25.95833333333333,16.941666666666666,310.375,39.74583333333333,3.95,39.04166666666666,0.5,59.208333333333336,32.625,Sunny,0.0,28,23,06:44:00,19:13:00,1:18:00,16:11:00,15,65,1012,0
2017-09-16,32.8875,19.941666666666663,316.5833333333333,30.116666666666664,3.1916666666666664,40.458333333333336,0.5,63.708333333333336,36.833333333333336,Sunny,0.0,27,23,06:45:00,19:12:00,2:20:00,17:0:00,16,79,1013,0
2017-09-17,40.78333333333333,26.77916666666667,452.5833333333333,43.87916666666666,2.8708333333333336,32.5,0.5,74.5,53.208333333333336,Sunny,0.0,27,22,06:46:00,19:10:00,3:26:00,17:44:00,7,77,1013,1
2017-09-18,53.95,35.74166666666667,519.4166666666666,60.07916666666667,3.3041666666666667,29.08333333333333,0.5,90.75,64.91666666666667,Sunny,0.0,29,22,06:48:00,19:8:00,4:33:00,18:21:00,8,69,1012,1
2017-09-19,43.92083333333333,27.579166666666666,347.5,34.358333333333334,3.4,42.25,0.5,92.66666666666669,65.66666666666667,Sunny,0.0,28,23,06:49:00,19:7:00,5:40:00,18:56:00,10,71,1010,1
2017-09-20,59.7125,39.65,426.5416666666667,79.55,5.3625,25.125,0.5,94.0,66.125,Sunny,0.0,32,24,06:49:00,19:5:00,6:46:00,19:29:00,8,48,1008,1
2017-09-21,44.6,24.98333333333333,343.375,51.32083333333333,5.5375000000000005,32.458333333333336,0.5,98.54166666666669,67.70833333333333,Sunny,0.97,26,22,06:51:00,19:3:00,7:50:00,19:59:00,11,63,1009,1
2017-09-22,23.95833333333333,16.108333333333334,334.25,34.22083333333333,3.625,37.91666666666666,0.5,64.45833333333333,39.333333333333336,Sunny,3.01,22,19,06:52:00,19:1:00,8:52:00,20:30:00,10,57,1015,0
2017-09-23,22.2125,17.395833333333332,298.2083333333333,36.56666666666667,4.158333333333333,32.833333333333336,0.5,61.25,34.458333333333336,Sunny,0.27,21,17,06:53:00,19:0:00,9:53:00,21:1:00,11,53,1019,0
2017-09-24,34.9375,26.975,339.7916666666667,47.270833333333336,4.083333333333333,34.333333333333336,0.5,73.91666666666667,51.625,Partly cloudy,0.0,29,23,05:51:00,20:31:00,23:41:00,10:51:00,19,57,1017,1
2017-09-25,22.6125,13.945833333333333,214.125,30.9375,2.716666666666667,51.41666666666666,0.5,65.75,41.41666666666666,Partly cloudy,0.0,24,20,06:55:00,18:56:00,11:49:00,22:10:00,26,72,1016,0
2017-09-26,41.72083333333333,21.95,215.25,25.508333333333336,2.975,50.875,0.5,61.0,34.708333333333336,Sunny,0.93,23,21,06:56:00,18:55:00,0:44:00,22:50:00,16,76,1015,0
2017-09-27,24.54583333333333,15.5125,233.45833333333331,31.841666666666665,2.9125,40.91666666666666,0.5,67.20833333333333,42.375,Sunny,2.09,23,20,06:57:00,18:53:00,13:38:00,23:34:00,16,76,1019,0
2017-09-28,25.34583333333333,13.708333333333334,199.41666666666663,19.754166666666663,3.0541666666666667,53.16666666666666,0.5,53.583333333333336,27.45833333333333,Partly cloudy,0.41,21,17,06:58:00,18:51:00,14:27:00,,29,66,1023,0
2017-09-29,23.7625,12.229166666666666,204.79166666666663,19.504166666666663,3.075,51.375,0.5,52.375,26.166666666666668,Cloudy,0.79,19,17,06:59:00,18:49:00,15:13:00,12:21:00,31,68,1020,0
2017-09-30,22.95,13.616666666666667,225.79166666666663,29.475,2.958333333333333,43.333333333333336,0.5,52.125,26.0,Overcast,1.35,19,17,07:00:00,18:48:00,15:55:00,1:14:00,23,74,1017,0
2017-10-01,19.7375,12.125,210.625,18.59583333333333,3.1166666666666667,58.708333333333336,0.5,50.04166666666666,25.0,Overcast,9.94,18,17,07:01:00,18:46:00,16:34:00,2:9:00,25,76,1019,0
2017-10-02,24.35,14.966666666666669,267.75,26.7,3.0416666666666665,46.66666666666666,0.5,54.5,28.291666666666668,Sunny,0.29,18,16,07:02:00,18:44:00,17:11:00,3:9:00,20,62,1024,0
2017-10-03,23.516666666666666,15.054166666666667,259.2916666666667,27.075,2.9791666666666665,47.083333333333336,0.5,56.75,30.125,Sunny,0.31,18,15,07:03:00,18:43:00,17:45:00,4:11:00,19,62,1024,0
2017-10-04,29.2875,20.6125,243.375,46.90833333333333,3.329166666666667,26.0,0.5,63.41666666666666,36.625,Sunny,0.0,20,15,07:04:00,18:41:00,18:17:00,5:15:00,12,63,1023,0
2017-10-05,38.5125,30.09583333333333,360.375,57.25833333333333,3.8166666666666655,21.541666666666668,0.5,78.33333333333333,56.16666666666666,Sunny,0.0,19,15,07:05:00,18:39:00,18:50:00,6:21:00,8,63,1018,1
2017-10-06,40.875,31.887500000000003,326.5,68.40416666666667,5.5375000000000005,27.416666666666668,0.5,86.58333333333333,63.29166666666666,Sunny,0.0,21,18,07:06:00,18:38:00,19:24:00,7:30:00,9,59,1011,1
2017-10-07,56.275,39.125,421.125,78.0,6.4875,14.541666666666666,0.5,105.95833333333331,70.29166666666667,Partly cloudy,0.0,23,19,07:07:00,18:36:00,20:0:00,8:39:00,12,57,1006,1
2017-10-08,26.3625,16.537499999999998,351.125,35.12083333333333,4.441666666666666,23.041666666666668,0.5,85.45833333333333,58.41666666666666,Partly cloudy,1.81,18,13,07:08:00,18:34:00,20:40:00,9:50:00,15,65,1010,1
2017-10-09,27.729166666666668,22.866666666666664,336.0,46.69583333333333,5.245833333333334,24.5,0.5,61.125,34.791666666666664,Sunny,0.0,18,14,07:09:00,18:33:00,21:25:00,11:0:00,6,50,1017,0
2017-10-10,43.90416666666667,39.175,459.6666666666667,62.625,4.5125,15.416666666666666,0.5,97.625,66.95833333333333,Sunny,0.0,19,16,07:10:00,18:31:00,22:15:00,0:7:00,5,54,1020,1
2017-10-11,40.5625,36.17916666666667,364.4583333333333,60.75,4.420833333333333,16.041666666666668,0.5,103.79166666666669,69.58333333333333,Sunny,0.0,20,16,07:11:00,18:30:00,23:12:00,13:11:00,9,56,1022,1
2017-10-12,29.39583333333333,25.27083333333333,299.7083333333333,54.1375,3.5625,23.5,0.5,86.5,63.083333333333336,Sunny,0.0,20,15,07:13:00,18:28:00,,14:8:00,12,56,1023,1
2017-10-13,48.92083333333333,42.775,419.9166666666667,80.72500000000001,5.6125,11.0,0.5,90.16666666666669,64.625,Sunny,0.0,20,16,07:14:00,18:26:00,12:13:00,14:59:00,3,52,1021,1
2017-10-14,43.16666666666666,32.62916666666667,401.9583333333333,61.175,4.875,21.5,0.5,124.91666666666669,76.29166666666667,Sunny,1.84,19,16,07:15:00,18:25:00,1:18:00,15:43:00,17,61,1023,1
2017-10-15,48.8,38.75416666666667,406.375,58.63333333333333,6.520833333333333,12.416666666666666,0.5,91.58333333333331,65.33333333333333,Partly cloudy,0.0,19,15,07:16:00,18:23:00,2:23:00,16:22:00,3,54,1026,1
2017-10-16,48.65416666666667,36.57083333333333,413.5416666666667,54.97916666666666,4.958333333333333,20.08333333333333,0.5,113.91666666666669,72.83333333333333,Sunny,0.0,20,17,07:17:00,18:22:00,3:29:00,16:57:00,11,65,1027,1
2017-10-17,26.383333333333336,17.591666666666665,301.875,42.77916666666667,3.5125,19.375,0.5,74.33333333333333,48.79166666666666,Sunny,0.0,21,16,07:18:00,18:20:00,4:33:00,17:29:00,16,64,1026,0
2017-10-18,34.3125,24.48333333333333,332.4583333333333,52.8,4.445833333333334,21.20833333333333,0.5,67.29166666666667,42.458333333333336,Sunny,0.0,23,17,07:19:00,18:19:00,5:37:00,17:59:00,18,55,1021,0
2017-10-19,48.70416666666667,36.4375,439.0416666666667,62.73333333333333,4.675,12.375,0.5,86.04166666666667,63.0,Sunny,0.0,22,17,07:20:00,18:17:00,6:39:00,18:29:00,4,61,1018,1
2017-10-20,74.45,55.44166666666666,521.0416666666666,74.50416666666666,6.0625,10.0,0.5,127.875,77.33333333333333,Sunny,0.0,22,17,07:21:00,18:16:00,7:41:00,19:0:00,3,61,1018,1
2017-10-21,91.20833333333331,71.06666666666666,660.25,86.4875,5.995833333333334,17.041666666666668,0.5,156.29166666666666,93.66666666666669,Sunny,0.0,21,18,07:23:00,18:14:00,8:40:00,19:33:00,5,62,1016,1
2017-10-22,63.0875,46.12083333333334,380.0,51.2875,5.091666666666667,36.04166666666666,0.5,148.08333333333334,86.41666666666667,Sunny,0.0,20,17,07:24:00,18:13:00,9:39:00,20:7:00,14,65,1015,1
2017-10-23,51.1375,41.895833333333336,331.4583333333333,62.67916666666667,4.745833333333334,27.83333333333333,0.5,104.25,69.58333333333333,Sunny,0.0,21,16,07:25:00,18:12:00,10:35:00,20:45:00,11,63,1009,1
2017-10-24,66.62083333333334,53.79583333333333,374.3333333333333,78.65416666666667,5.383333333333333,9.041666666666666,0.5,146.16666666666666,85.125,Partly cloudy,0.75,19,17,07:26:00,18:10:00,11:30:00,21:27:00,16,60,1006,1
2017-10-25,32.7125,26.675,351.625,43.14166666666667,4.133333333333334,12.958333333333334,0.5,108.625,70.91666666666667,Thundery outbreaks possible,10.49,18,15,07:27:00,18:9:00,0:21:00,22:13:00,17,80,1015,1
2017-10-26,20.191666666666663,14.129166666666668,239.58333333333331,26.3625,4.020833333333333,23.416666666666668,0.5,60.66666666666666,35.833333333333336,Overcast,1.47,14,13,07:28:00,18:8:00,13:8:00,23:3:00,18,79,1024,0
2017-10-27,47.41666666666666,40.708333333333336,491.125,54.87083333333334,5.095833333333333,8.708333333333334,0.5,86.70833333333333,57.625,Sunny,0.0,16,13,07:29:00,18:6:00,13:51:00,23:57:00,5,70,1016,1
2017-10-28,37.15416666666667,32.295833333333334,382.5,37.895833333333336,4.666666666666667,16.333333333333332,0.5,107.04166666666669,70.70833333333333,Overcast,3.27,17,13,07:31:00,18:5:00,14:31:00,,17,75,1008,1
2017-10-29,14.441666666666668,10.725,244.83333333333331,18.929166666666667,3.658333333333333,30.916666666666668,0.5,66.58333333333333,41.875,Sunny,1.24,15,12,07:32:00,18:4:00,15:7:00,12:53:00,24,67,1006,0
2017-10-30,16.275000000000002,11.8,256.875,24.25,5.504166666666666,44.66666666666666,0.5,41.625,21.0,Sunny,4.73,15,12,07:33:00,18:2:00,15:42:00,1:53:00,26,50,1010,0
2017-10-31,24.90416666666667,20.34583333333333,304.2083333333333,38.73333333333333,5.083333333333333,26.45833333333333,0.5,61.125,34.666666666666664,Sunny,0.0,12,10,07:34:00,18:1:00,16:14:00,2:55:00,14,40,1022,0
2017-11-01,32.17916666666667,26.441666666666663,347.125,45.4,4.695833333333334,24.33333333333333,0.5,76.66666666666667,57.0,Sunny,0.0,11,9,07:35:00,18:0:00,16:46:00,4:0:00,11,50,1025,1
2017-11-02,38.74166666666667,35.1,448.3333333333333,67.57083333333334,5.795833333333333,12.541666666666666,0.5,86.33333333333333,63.16666666666666,Sunny,0.0,13,9,07:36:00,17:59:00,17:20:00,5:7:00,5,53,1021,1
2017-11-03,41.02916666666667,35.25833333333333,392.875,53.93333333333334,7.179166666666667,20.20833333333333,0.5,105.875,70.25,Partly cloudy,0.19,15,11,07:38:00,17:58:00,17:55:00,6:17:00,13,59,1016,1
2017-11-04,30.291666666666668,27.09166666666667,379.4166666666667,49.60416666666666,4.270833333333333,14.875,0.5,93.125,65.79166666666667,Cloudy,0.99,14,13,07:39:00,17:56:00,18:33:00,7:28:00,15,75,1019,1
2017-11-05,18.75,13.404166666666669,286.75,25.325,2.8208333333333333,34.916666666666664,0.5,58.16666666666666,33.125,Partly cloudy,0.01,15,13,07:40:00,17:55:00,19:17:00,8:41:00,18,73,1018,0
2017-11-06,35.266666666666666,26.35833333333333,403.1666666666667,49.05833333333334,4.079166666666667,22.70833333333333,0.5,65.79166666666667,41.875,Partly cloudy,0.06,15,13,07:41:00,17:54:00,20:6:00,9:53:00,10,69,1019,0
2017-11-07,35.416666666666664,30.79583333333333,379.0,43.86666666666667,4.383333333333334,18.416666666666668,0.5,91.20833333333331,65.16666666666667,Sunny,0.0,16,13,07:42:00,17:53:00,21:2:00,11:1:00,15,74,1023,1
2017-11-08,37.97083333333333,30.90416666666667,413.625,42.125,4.445833333333334,20.791666666666668,0.5,84.08333333333333,62.458333333333336,Sunny,0.0,17,13,07:44:00,17:52:00,22:4:00,0:3:00,18,73,1022,1
2017-11-09,49.57083333333333,40.3375,430.4583333333333,52.0625,5.491666666666667,8.958333333333334,0.5,97.0,67.25,Sunny,1.65,16,14,07:45:00,17:51:00,23:9:00,0:58:00,6,70,1019,1
2017-11-10,36.770833333333336,32.2125,416.0833333333333,49.53333333333333,3.85,13.333333333333334,0.5,111.08333333333331,71.91666666666667,Sunny,0.12,15,13,07:46:00,17:50:00,,13:45:00,9,71,1020,1
2017-11-11,39.72916666666666,36.62083333333333,473.7083333333333,48.74166666666667,4.895833333333333,12.0,0.5,99.875,68.16666666666667,Sunny,0.0,16,12,07:47:00,17:49:00,12:15:00,14:25:00,9,66,1018,1
2017-11-12,29.39583333333333,24.116666666666664,473.5,39.725,6.275,22.83333333333333,0.5,86.58333333333333,62.91666666666666,Sunny,0.02,19,15,07:48:00,17:48:00,1:22:00,15:0:00,17,56,1015,1
2017-11-13,54.75,46.7375,459.5416666666667,75.03750000000001,10.129166666666666,8.791666666666666,0.5,95.33333333333331,65.875,Partly cloudy,0.0,19,16,07:50:00,17:47:00,2:26:00,15:33:00,7,53,1010,1
2017-11-14,50.6,38.05416666666667,367.9166666666667,60.25416666666666,10.458333333333334,13.291666666666666,0.5,120.875,75.125,Sunny,0.0,18,16,07:51:00,17:47:00,3:29:00,16:2:00,9,67,1013,1
2017-11-15,53.8,38.475,381.4583333333333,48.125,7.908333333333334,19.291666666666668,0.5,113.875,72.875,Sunny,0.0,17,15,07:52:00,17:46:00,4:31:00,16:32:00,20,81,1021,1
2017-11-16,32.825,22.96666666666667,311.2083333333333,23.52083333333333,6.7625,35.041666666666664,0.5,85.33333333333333,61.583333333333336,Cloudy,0.02,16,14,07:54:00,17:44:00,6:31:00,17:33:00,16,81,1018,1
2017-11-17,35.81666666666667,24.90833333333333,352.9166666666667,31.954166666666666,7.35,23.541666666666668,0.5,72.58333333333333,50.583333333333336,Cloudy,0.02,16,14,07:54:00,17:44:00,6:31:00,17:33:00,16,81,1018,1
2017-11-18,62.46666666666667,47.98333333333333,477.2916666666667,58.28333333333333,10.175,9.833333333333334,0.5,96.04166666666669,66.625,Partly cloudy,0.0,16,14,07:55:00,17:43:00,7:30:00,18:6:00,9,82,1013,1
2017-11-19,51.225,41.641666666666666,468.0833333333333,45.325,9.933333333333334,12.041666666666666,0.5,134.79166666666666,79.58333333333333,Sunny,1.19,16,13,07:56:00,17:43:00,8:27:00,18:42:00,11,84,1009,1
2017-11-20,16.150000000000002,12.566666666666668,372.3333333333333,26.02083333333333,8.245833333333334,18.791666666666668,0.5,85.75,57.5,Overcast,0.44,13,8,07:58:00,17:42:00,9:23:00,19:23:00,26,80,1008,1
2017-11-21,16.441666666666666,13.004166666666668,311.5,25.691666666666663,9.316666666666666,27.666666666666668,0.5,39.875,20.08333333333333,Sunny,0.72,9,8,07:59:00,17:41:00,10:15:00,20:7:00,21,58,1018,0
2017-11-22,22.179166666666664,18.42083333333333,291.875,32.329166666666666,9.920833333333333,22.625,0.5,63.16666666666666,36.375,Partly cloudy,0.91,13,9,08:00:00,17:41:00,11:5:00,20:55:00,21,60,1019,0
2017-11-23,31.025,29.14583333333333,399.25,45.975,10.204166666666667,14.041666666666666,0.5,66.58333333333333,41.41666666666666,Partly cloudy,0.28,14,12,08:01:00,17:40:00,11:49:00,21:48:00,10,66,1020,0
2017-11-24,55.92916666666667,52.34583333333333,454.625,57.4375,9.5625,9.041666666666666,0.5,117.45833333333331,73.79166666666667,Sunny,0.0,14,12,08:02:00,17:40:00,0:30:00,22:42:00,7,66,1022,1
2017-11-25,66.29166666666667,58.97916666666666,353.2083333333333,62.2875,6.7625,5.75,0.5,151.70833333333334,87.70833333333333,Sunny,0.0,15,12,08:03:00,17:39:00,13:7:00,23:40:00,7,60,1021,1
2017-11-26,55.11666666666667,49.3625,319.8333333333333,55.78333333333333,6.466666666666666,8.958333333333334,0.5,147.33333333333334,83.95833333333333,Partly cloudy,0.0,15,12,08:04:00,17:39:00,13:41:00,,10,59,1018,1
2017-11-27,38.6125,32.90833333333333,403.375,57.79583333333333,7.054166666666667,8.041666666666666,0.5,104.70833333333331,69.83333333333333,Overcast,0.0,17,14,08:05:00,17:38:00,14:13:00,12:40:00,14,67,1012,1
2017-11-28,21.745833333333334,17.912499999999998,338.3333333333333,38.98333333333333,4.358333333333333,18.375,0.5,79.83333333333333,56.0,Cloudy,2.78,14,9,08:06:00,17:38:00,14:44:00,1:42:00,16,76,1012,1
2017-11-29,19.683333333333334,16.179166666666667,432.4583333333333,34.775,4.0,20.0,0.5,61.458333333333336,34.666666666666664,Cloudy,1.01,13,9,08:07:00,17:37:00,15:15:00,2:45:00,16,67,1018,0
2017-11-30,22.933333333333334,14.075,309.6666666666667,24.2375,4.166666666666667,40.25,0.5,56.958333333333336,30.5,Sunny,0.0,16,12,08:09:00,17:37:00,15:48:00,3:52:00,27,63,1018,0
2017-12-01,22.1625,12.558333333333332,249.20833333333331,22.041666666666668,3.204166666666667,44.66666666666666,0.5,52.04166666666666,26.0,Partly cloudy,0.0,19,15,08:10:00,17:37:00,16:24:00,5:2:00,23,64,1016,0
2017-12-02,34.74166666666667,22.575,344.5416666666667,42.55833333333333,4.704166666666667,14.875,0.5,57.958333333333336,31.75,Sunny,0.0,19,15,08:11:00,17:37:00,17:5:00,6:14:00,11,60,1017,0
2017-12-03,49.1875,36.2625,373.9166666666667,47.85,6.3,12.333333333333334,0.5,92.0,64.875,Sunny,0.0,18,15,08:12:00,17:36:00,17:51:00,7:27:00,10,59,1019,1
2017-12-04,36.73333333333333,25.60833333333333,402.3333333333333,41.020833333333336,5.241666666666666,20.0,0.5,91.79166666666669,65.29166666666667,Thundery outbreaks possible,3.65,16,9,08:12:00,17:36:00,18:45:00,8:39:00,18,77,1019,1
2017-12-05,19.72083333333333,14.8125,325.5,22.766666666666666,3.7083333333333335,31.58333333333333,0.5,65.33333333333333,40.625,Cloudy,1.26,8,7,08:13:00,17:36:00,19:46:00,9:47:00,22,65,1022,0
2017-12-06,19.179166666666667,14.3125,342.0833333333333,25.570833333333336,3.6791666666666663,28.125,0.5,53.25,27.0,Sunny,0.92,8,6,08:14:00,17:36:00,20:53:00,10:48:00,19,59,1026,0
2017-12-07,30.46666666666667,25.09166666666667,443.125,38.75833333333333,6.145833333333333,21.08333333333333,0.5,66.70833333333333,42.583333333333336,Sunny,0.0,10,8,08:15:00,17:36:00,22:2:00,11:40:00,17,61,1027,0
2017-12-08,29.6875,22.33333333333333,366.0416666666667,32.61666666666667,7.116666666666666,29.83333333333333,0.5,77.625,58.04166666666666,Sunny,0.0,13,10,08:16:00,17:36:00,23:11:00,0:24:00,19,59,1023,1
2017-12-09,28.9875,19.933333333333334,292.3333333333333,25.791666666666668,5.9375,38.16666666666666,0.5,70.45833333333333,46.25,Sunny,0.0,15,12,08:17:00,17:36:00,,13:3:00,28,61,1016,0
2017-12-10,18.820833333333333,12.766666666666666,315.7916666666667,17.566666666666666,2.9875000000000003,55.91666666666666,0.5,55.958333333333336,29.541666666666668,Sunny,3.92,14,9,08:18:00,17:36:00,12:17:00,13:37:00,28,59,1014,0
2017-12-11,24.254166666666663,17.329166666666666,356.5416666666667,32.17916666666667,5.008333333333334,33.166666666666664,0.5,59.5,32.958333333333336,Sunny,0.0,14,9,08:19:00,17:36:00,1:22:00,14:7:00,21,66,1022,0
2017-12-12,23.804166666666664,15.475,316.4583333333333,31.29583333333333,6.645833333333333,37.583333333333336,0.5,56.54166666666666,30.20833333333333,Sunny,0.0,15,13,08:20:00,17:36:00,2:24:00,14:36:00,21,74,1021,0
2017-12-13,31.0875,23.02083333333333,425.6666666666667,45.39166666666667,7.666666666666667,24.666666666666668,0.5,64.91666666666667,39.0,Sunny,0.0,15,12,08:20:00,17:36:00,3:26:00,15:6:00,14,74,1019,0
2017-12-14,32.300000000000004,22.5625,379.8333333333333,36.04583333333333,7.1125,27.33333333333333,0.5,75.75,56.75,Sunny,0.05,15,13,08:21:00,17:37:00,4:25:00,15:36:00,19,72,1014,1
2017-12-15,31.5875,21.0625,351.0833333333333,28.5125,6.520833333333333,31.625,0.5,70.20833333333333,45.75,Sunny,0.0,16,13,08:22:00,17:37:00,5:24:00,16:8:00,18,71,1014,0
2017-12-16,29.558333333333334,16.787499999999998,295.0416666666667,21.71666666666667,6.045833333333333,43.5,0.5,64.70833333333333,38.04166666666666,Sunny,0.25,17,14,08:22:00,17:37:00,6:21:00,16:42:00,27,70,1012,0
2017-12-17,23.5125,16.795833333333334,322.4166666666667,29.15416666666667,5.970833333333334,30.25,0.5,60.5,34.041666666666664,Cloudy,2.23,17,13,08:23:00,17:38:00,7:17:00,17:21:00,21,72,1009,0
2017-12-18,14.445833333333333,10.7,315.4583333333333,21.041666666666668,5.908333333333334,20.791666666666668,0.5,53.29166666666666,27.33333333333333,Overcast,0.0,9,7,08:24:00,17:38:00,8:11:00,18:4:00,23,79,1017,0
2017-12-19,12.366666666666667,9.233333333333333,265.5416666666667,24.054166666666664,5.733333333333333,30.375,0.5,41.29166666666666,19.875,Overcast,7.54,8,7,08:24:00,17:38:00,9:1:00,18:51:00,20,84,1022,0
2017-12-20,15.4125,11.033333333333331,242.20833333333331,25.64583333333333,4.920833333333333,32.625,0.5,40.66666666666666,19.45833333333333,Overcast,2.44,8,7,08:25:00,17:39:00,9:48:00,19:42:00,21,74,1029,0
2017-12-21,19.45,13.2875,278.25,31.254166666666663,4.5625,30.08333333333333,0.5,50.29166666666666,24.416666666666668,Overcast,2.46,8,5,08:25:00,17:39:00,10:30:00,20:35:00,25,75,1029,0
2017-12-22,22.354166666666668,16.925,295.125,20.3125,5.358333333333333,33.375,0.5,57.333333333333336,30.83333333333333,Overcast,9.24,6,5,08:26:00,17:40:00,11:8:00,21:32:00,31,78,1023,0
2017-12-23,17.662499999999998,11.641666666666666,247.625,17.7375,4.7375,38.16666666666666,0.5,54.04166666666666,27.916666666666668,Partly cloudy,6.03,6,5,08:26:00,17:40:00,11:43:00,22:30:00,33,72,1018,0
2017-12-24,20.2875,15.491666666666667,375.2083333333333,27.566666666666663,6.954166666666667,34.625,0.5,51.458333333333336,25.45833333333333,Sunny,0.11,7,5,08:27:00,17:41:00,0:15:00,23:30:00,15,61,1021,0
2017-12-25,30.86666666666667,24.125,447.0,32.37083333333333,8.391666666666667,25.33333333333333,0.5,68.375,44.04166666666666,Sunny,0.0,11,7,08:27:00,17:41:00,0:45:00,,15,71,1025,0
2017-12-26,39.00833333333333,34.15,447.9583333333333,46.8,9.7125,18.75,0.5,87.45833333333333,63.41666666666666,Sunny,0.0,12,9,08:28:00,17:42:00,13:15:00,12:31:00,11,66,1023,1
2017-12-27,30.291666666666668,23.495833333333334,369.75,36.05416666666667,9.2875,28.125,0.5,87.04166666666667,63.25,Sunny,0.0,14,11,08:28:00,17:43:00,13:46:00,1:35:00,18,68,1017,1
2017-12-28,35.170833333333334,26.15833333333333,417.4583333333333,44.55833333333334,8.341666666666667,21.95833333333333,0.5,74.625,54.0,Sunny,0.0,15,11,08:28:00,17:43:00,14:19:00,2:40:00,17,62,1011,1
2017-12-29,26.3375,17.970833333333335,361.625,38.15,6.854166666666667,33.375,0.5,73.375,51.083333333333336,Overcast,2.76,14,12,08:28:00,17:44:00,14:55:00,3:49:00,19,73,1009,1
2017-12-30,31.45,24.58333333333333,391.625,47.72916666666666,6.504166666666666,14.041666666666666,0.5,68.54166666666667,45.208333333333336,Overcast,3.43,12,7,08:29:00,17:45:00,15:37:00,4:59:00,14,79,1010,0
2017-12-31,18.254166666666663,16.341666666666665,389.75,26.58333333333333,6.004166666666666,24.541666666666668,0.5,64.83333333333333,40.875,Overcast,0.0,8,6,08:29:00,17:46:00,16:26:00,6:11:00,9,77,1018,0
2018-01-01,20.8625,14.758333333333333,267.4166666666667,29.429166666666664,10.829166666666666,20.916666666666668,0.0,60.5,34.0,Sunny,0.0,10,8,08:29:00,17:47:00,17:24:00,7:22:00,12,67,1017,0
2018-01-02,50.65833333333333,30.704166666666666,300.6666666666667,48.9375,14.829166666666666,12.208333333333334,0.0833333333333333,74.80952380952381,50.523809523809526,Sunny,0.0,13,10,08:29:00,17:47:00,18:28:00,8:27:00,13,70,1010,1
2018-01-03,48.575,30.70833333333333,389.3333333333333,51.60416666666666,22.42083333333333,6.333333333333333,0.0833333333333333,88.66666666666667,64.20833333333333,Partly cloudy,2.62,11,9,08:29:00,17:48:00,19:38:00,9:26:00,11,86,1008,1
2018-01-04,31.641666666666666,23.15833333333333,380.2916666666667,37.49583333333333,26.945833333333336,10.125,0.0,81.66666666666667,60.41666666666666,Partly cloudy,0.0,11,9,08:29:00,17:49:00,20:50:00,10:16:00,11,83,1006,1
2018-01-05,28.85833333333333,19.370833333333334,393.3333333333333,32.80833333333333,18.454166666666666,19.70833333333333,0.0,66.58333333333333,41.5,Sunny,0.03,10,8,08:29:00,17:50:00,22:0:00,10:59:00,10,71,1014,0
2018-01-06,61.94166666666667,39.2625,457.5,50.4625,24.72083333333333,6.916666666666667,0.0,88.70833333333333,61.29166666666666,Sunny,0.0,11,8,08:29:00,17:51:00,23:9:00,11:36:00,5,66,1021,1
2018-01-07,70.55833333333334,54.49166666666667,312.375,54.7375,14.816666666666668,7.416666666666667,0.0,141.16666666666666,81.625,Sunny,0.0,13,10,08:29:00,17:52:00,,0:9:00,11,62,1027,1
2018-01-08,68.30416666666666,46.42083333333333,344.0,52.92083333333333,19.27083333333333,8.25,0.0,128.75,77.66666666666667,Sunny,0.0,13,11,08:29:00,17:53:00,12:14:00,0:40:00,8,78,1030,1
2018-01-09,104.47083333333336,63.22916666666666,434.9583333333333,49.77916666666667,19.216666666666665,6.916666666666667,0.0,147.91666666666666,87.54166666666667,Overcast,0.06,11,10,08:29:00,17:54:00,1:17:00,13:10:00,13,84,1031,1
2018-01-10,47.9125,32.358333333333334,371.2083333333333,33.80833333333333,21.079166666666666,16.0,0.0416666666666666,106.0,70.33333333333333,Partly cloudy,0.0,11,9,08:28:00,17:55:00,2:18:00,13:40:00,15,77,1022,1
2018-01-11,73.70416666666667,51.52916666666667,470.4166666666667,47.0375,25.425,2.2916666666666665,1.125,127.83333333333331,77.29166666666667,Cloudy,0.0,12,9,08:28:00,17:56:00,3:17:00,14:10:00,8,68,1012,1
2018-01-12,45.25833333333333,36.28333333333333,389.2083333333333,37.7375,18.820833333333333,5.5,0.5833333333333334,122.16666666666669,75.5,Overcast,1.53,11,9,08:28:00,17:57:00,4:15:00,14:44:00,14,84,1017,1
2018-01-13,14.108333333333334,8.075000000000001,208.08333333333331,20.2875,5.291666666666667,35.625,0.0,70.41666666666667,46.375,Overcast,0.0,9,6,08:28:00,17:58:00,5:12:00,15:21:00,38,80,1020,0
2018-01-14,12.05,6.041666666666667,201.25,15.120833333333332,4.345833333333333,39.333333333333336,0.0,27.791666666666668,15.833333333333334,Overcast,0.47,6,4,08:27:00,17:59:00,6:6:00,16:2:00,34,72,1025,0
2018-01-15,20.454166666666666,12.441666666666668,280.3333333333333,27.325,10.141666666666667,23.166666666666668,0.0,33.916666666666664,16.833333333333332,Cloudy,0.09,6,4,08:27:00,18:0:00,6:58:00,16:47:00,15,69,1028,0
2018-01-16,35.1,24.1625,322.0,41.6125,13.533333333333331,11.166666666666666,0.0,68.875,46.41666666666666,Overcast,0.14,10,6,08:26:00,18:1:00,7:46:00,17:37:00,16,74,1018,0
2018-01-17,20.05,13.191666666666668,209.41666666666663,28.35833333333333,10.9125,27.75,0.4166666666666667,61.333333333333336,36.125,Sunny,0.07,13,10,08:26:00,18:3:00,8:29:00,18:30:00,27,74,1005,0
2018-01-18,17.329166666666666,10.279166666666669,236.83333333333331,23.929166666666664,9.483333333333333,34.375,0.0,48.29166666666666,23.375,Overcast,6.33,12,5,08:25:00,18:4:00,9:9:00,19:27:00,28,69,1001,0
2018-01-19,30.64583333333333,18.141666666666666,261.5416666666667,34.041666666666664,12.145833333333334,25.08333333333333,0.0,54.125,28.625,Sunny,0.0,9,4,08:25:00,18:5:00,9:45:00,20:24:00,18,53,1016,0
2018-01-20,31.320833333333336,14.8,244.625,36.55416666666667,11.579166666666666,27.75,0.0,58.458333333333336,32.375,Partly cloudy,0.34,12,8,08:24:00,18:6:00,10:18:00,21:24:00,24,57,1014,0
2018-01-21,25.40833333333333,18.6875,316.4166666666667,37.03333333333333,11.891666666666666,20.33333333333333,0.0833333333333333,55.333333333333336,29.416666666666668,Overcast,4.01,12,7,08:24:00,18:7:00,10:49:00,22:24:00,15,82,1010,0
2018-01-22,40.075,31.46666666666667,385.125,40.67916666666667,12.05,14.083333333333334,0.0416666666666666,97.04166666666669,65.08333333333333,Overcast,0.27,10,6,08:23:00,18:8:00,11:19:00,23:26:00,23,82,1002,1
2018-01-23,18.6875,9.8875,225.20833333333331,20.875,5.966666666666666,40.875,0.0,50.54166666666666,29.416666666666668,Overcast,0.35,6,4,08:22:00,18:10:00,11:49:00,,28,73,1019,0
2018-01-24,18.4875,11.575,236.20833333333331,19.6125,5.158333333333333,43.625,0.0,47.54166666666666,22.666666666666668,Overcast,0.51,5,4,08:22:00,18:11:00,0:19:00,12:28:00,32,67,1029,0
2018-01-25,15.895833333333334,7.004166666666666,216.58333333333331,18.05,5.391666666666667,50.25,0.0,38.083333333333336,20.416666666666668,Partly cloudy,0.21,4,4,08:21:00,18:12:00,0:53:00,1:34:00,30,62,1029,0
2018-01-26,16.625,8.383333333333333,228.25,23.104166666666668,6.508333333333333,42.333333333333336,0.0,30.625,18.166666666666668,Partly cloudy,0.04,5,3,08:20:00,18:13:00,13:31:00,2:40:00,22,60,1027,0
2018-01-27,24.84166666666667,15.995833333333332,289.5416666666667,33.829166666666666,9.191666666666666,23.375,0.0,50.25,25.58333333333333,Overcast,0.0,7,4,08:19:00,18:14:00,14:14:00,3:50:00,14,66,1031,0
2018-01-28,28.766666666666666,19.433333333333334,335.9166666666667,39.10833333333333,12.041666666666666,15.333333333333334,0.7916666666666666,60.583333333333336,33.875,Partly cloudy,0.0,7,5,08:18:00,18:16:00,15:5:00,4:58:00,9,72,1032,0
2018-01-29,47.1625,34.050000000000004,408.0,51.24166666666667,22.570833333333336,9.041666666666666,1.125,80.58333333333333,56.583333333333336,Sunny,0.0,9,5,08:18:00,18:17:00,16:4:00,6:5:00,9,72,1028,1
2018-01-30,56.79166666666666,43.75416666666666,320.875,48.1,18.525,17.625,0.0833333333333333,111.0,72.04166666666667,Sunny,0.0,12,8,08:17:00,18:18:00,17:11:00,7:7:00,13,68,1023,1
2018-01-31,65.25,43.925,444.7916666666667,58.0,28.4125,7.333333333333333,0.0416666666666666,118.875,74.41666666666667,Sunny,0.0,12,8,08:16:00,18:19:00,18:22:00,8:1:00,5,74,1024,1
2018-02-01,72.01666666666667,47.05,325.9583333333333,53.5625,21.558333333333334,13.791666666666666,0.0,126.0,76.66666666666667,Sunny,0.0,14,9,08:15:00,18:21:00,19:35:00,8:48:00,17,67,1020,1
2018-02-02,34.5375,23.04583333333333,205.5,27.6375,12.666666666666666,41.833333333333336,0.0416666666666666,105.0,69.54166666666667,Overcast,0.0,14,12,08:14:00,18:22:00,20:46:00,9:30:00,27,73,1019,1
2018-02-03,27.183333333333334,16.816666666666666,206.79166666666663,22.816666666666663,8.85,41.29166666666666,3.75,63.708333333333336,37.5,Sunny,0.0,15,12,08:13:00,18:23:00,21:55:00,10:5:00,28,69,1015,0
2018-02-04,23.745833333333334,14.329166666666666,173.875,18.25,7.1000000000000005,48.79166666666666,3.0,57.66666666666666,31.125,Overcast,7.67,15,6,08:12:00,18:24:00,23:1:00,10:38:00,31,66,1011,0
2018-02-05,18.516666666666666,13.195833333333333,270.0416666666667,30.03333333333333,9.729166666666666,25.791666666666668,0.1666666666666666,52.41666666666666,26.33333333333333,Sunny,0.0,9,7,08:11:00,18:26:00,,11:9:00,16,74,1022,0
2018-02-06,24.120833333333334,14.566666666666668,262.2083333333333,28.995833333333334,7.120833333333334,22.25,0.0,54.625,28.041666666666668,Sunny,0.0,10,7,08:10:00,18:27:00,12:5:00,11:40:00,17,75,1023,0
2018-02-07,50.32916666666667,31.08333333333333,419.9583333333333,44.43333333333334,22.054166666666664,11.291666666666666,4.958333333333333,61.875,36.625,Sunny,0.0,13,7,08:09:00,18:28:00,1:7:00,0:11:00,9,79,1021,0
2018-02-08,67.31666666666666,42.175,313.4166666666667,52.72916666666666,13.291666666666666,7.416666666666667,18.625,119.45833333333331,74.54166666666667,Sunny,1.07,15,11,08:07:00,18:29:00,2:6:00,0:44:00,12,74,1013,1
2018-02-09,70.34583333333333,40.0125,326.75,53.8,17.325,10.583333333333334,11.541666666666666,108.25,71.04166666666667,Sunny,0.0,13,10,08:06:00,18:31:00,3:4:00,13:20:00,8,75,1014,1
2018-02-10,49.645833333333336,34.891666666666666,233.41666666666663,37.78333333333333,11.858333333333334,20.75,5.833333333333333,118.16666666666669,74.20833333333333,Overcast,1.1,11,9,08:05:00,18:32:00,3:59:00,14:0:00,22,79,1009,1
2018-02-11,17.858333333333334,14.075,251.875,25.691666666666663,8.933333333333334,32.625,2.0,69.20833333333333,43.41666666666666,Overcast,4.81,12,6,08:04:00,18:33:00,4:52:00,14:43:00,20,87,1002,0
2018-02-12,18.28333333333333,12.883333333333333,301.5,27.65416666666667,12.6375,21.291666666666668,0.75,47.41666666666666,23.125,Overcast,0.31,7,5,08:03:00,18:34:00,5:42:00,15:32:00,11,77,1012,0
2018-02-13,31.85833333333333,22.08333333333333,363.9583333333333,38.725,24.4125,20.0,1.0,62.25,35.791666666666664,Sunny,0.0,9,5,08:01:00,18:36:00,6:27:00,16:23:00,9,67,1016,0
2018-02-14,42.55416666666667,28.59166666666667,345.0,45.91666666666666,10.4375,16.666666666666668,0.375,87.75,63.083333333333336,Thundery outbreaks possible,1.78,13,9,08:00:00,18:37:00,7:8:00,17:19:00,23,66,1011,1
2018-02-15,26.416666666666668,17.316666666666666,313.7083333333333,35.86666666666667,11.658333333333331,23.83333333333333,0.0,65.33333333333333,39.91666666666666,Partly cloudy,0.0,10,8,07:59:00,18:38:00,7:46:00,18:17:00,22,79,1018,0
2018-02-16,19.4,13.7125,238.83333333333331,22.8,5.854166666666667,32.916666666666664,0.0,58.41666666666666,32.0,Overcast,0.0,9,8,07:58:00,18:39:00,8:20:00,19:17:00,23,83,1023,0
2018-02-17,21.08333333333333,14.225,238.91666666666663,27.225,6.1000000000000005,33.041666666666664,0.0,51.375,25.25,Overcast,0.31,9,7,07:56:00,18:40:00,8:52:00,20:17:00,18,79,1024,0
2018-02-18,29.616666666666664,21.075,269.9166666666667,32.075,12.025,29.95833333333333,0.0,65.04166666666667,39.25,Sunny,0.0,11,6,07:55:00,18:42:00,9:22:00,21:19:00,14,70,1021,0
2018-02-19,21.008333333333333,11.916666666666666,236.125,24.883333333333336,7.095833333333334,39.66666666666666,0.0,58.75,32.458333333333336,Overcast,0.06,8,7,07:54:00,18:43:00,9:52:00,22:22:00,28,79,1017,0
2018-02-20,23.53333333333333,13.641666666666666,217.41666666666663,21.029166666666665,8.4375,42.583333333333336,0.0,51.083333333333336,25.0,Overcast,0.0,9,7,07:52:00,18:44:00,10:22:00,23:26:00,25,78,1015,0
2018-02-21,31.320833333333336,18.83333333333333,231.95833333333331,24.0125,9.108333333333333,39.16666666666666,0.0,57.708333333333336,31.291666666666668,Overcast,0.0,11,8,07:51:00,18:45:00,10:54:00,,24,82,1012,0
2018-02-22,36.79166666666666,23.008333333333336,325.375,33.84583333333334,15.35,32.375,0.2083333333333333,66.41666666666667,39.875,Partly cloudy,0.15,11,8,07:49:00,18:47:00,11:30:00,12:31:00,15,85,1011,0
2018-02-23,26.27083333333333,18.2,257.4583333333333,27.4,7.908333333333334,29.75,0.0833333333333333,77.79166666666667,57.25,Overcast,0.01,9,8,07:48:00,18:48:00,0:10:00,1:38:00,22,83,1014,1
2018-02-24,18.191666666666663,11.016666666666666,224.83333333333331,21.7,6.758333333333333,37.04166666666666,0.0,47.083333333333336,23.416666666666668,Overcast,0.0,9,7,07:47:00,18:49:00,0:56:00,2:45:00,24,81,1010,0
2018-02-25,12.466666666666669,8.566666666666666,233.83333333333331,17.2,8.541666666666666,46.5,0.0,43.458333333333336,20.916666666666668,Overcast,6.26,7,5,07:45:00,18:50:00,13:50:00,3:50:00,29,80,1012,0
2018-02-26,20.375,13.1125,223.875,19.866666666666667,6.579166666666667,45.91666666666666,0.0,41.91666666666666,21.416666666666668,Overcast,0.0,9,5,07:44:00,18:51:00,14:51:00,4:52:00,30,80,1004,0
2018-02-27,23.23333333333333,15.3,271.0,31.191666666666663,9.825,33.416666666666664,0.0416666666666666,55.0,28.70833333333333,Overcast,0.75,8,6,07:42:00,18:53:00,15:58:00,5:48:00,16,80,1007,0
2018-02-28,23.15416666666667,18.133333333333333,277.8333333333333,35.87916666666667,8.825000000000001,29.541666666666668,0.0,61.708333333333336,34.958333333333336,Overcast,12.29,9,0,07:41:00,18:54:00,17:9:00,6:37:00,23,82,1010,0
2018-03-01,29.45,21.92083333333333,299.7083333333333,31.479166666666668,16.7375,49.5,0.0,62.125,35.583333333333336,Sunny,0.62,4,-1,07:39:00,18:55:00,18:20:00,7:21:00,12,63,1022,0
2018-03-02,57.79166666666666,42.53333333333333,312.7083333333333,61.583333333333336,14.633333333333333,13.25,0.7083333333333334,102.75,68.25,Partly cloudy,0.5,12,5,07:38:00,18:56:00,19:32:00,7:59:00,11,63,1010,1
2018-03-03,34.77916666666667,19.9,173.75,33.125,6.2625,39.208333333333336,8.458333333333334,87.375,60.125,Sunny,2.42,15,11,07:36:00,18:57:00,20:40:00,8:33:00,24,72,1002,1
2018-03-04,33.05833333333333,22.875,238.375,32.737500000000004,6.895833333333333,42.41666666666666,5.166666666666667,73.5,52.29166666666666,Thundery outbreaks possible,2.13,15,7,07:34:00,18:58:00,21:47:00,9:6:00,25,83,1004,1
2018-03-05,23.90416666666667,16.495833333333334,238.79166666666663,26.20833333333333,6.570833333333333,49.708333333333336,0.25,60.958333333333336,34.875,Partly cloudy,0.0,10,7,07:33:00,18:59:00,22:51:00,9:37:00,23,81,1010,0
2018-03-06,32.329166666666666,23.054166666666664,218.58333333333331,35.7,11.545833333333334,26.041666666666668,8.083333333333334,66.83333333333333,41.75,Sunny,2.53,15,9,07:31:00,19:1:00,23:53:00,10:9:00,17,80,1004,0
2018-03-07,65.03333333333333,26.945833333333336,198.16666666666663,31.925,9.725,42.16666666666666,10.291666666666666,73.0,52.66666666666666,Sunny,1.11,17,13,07:30:00,19:2:00,,10:41:00,21,68,1004,1
2018-03-08,68.94166666666666,40.19166666666667,286.125,56.7375,24.17083333333333,16.958333333333332,11.875,108.45833333333331,74.45833333333333,Overcast,4.78,13,10,07:28:00,19:3:00,12:53:00,11:17:00,10,87,1005,1
2018-03-09,30.041666666666668,21.3125,344.2916666666667,40.766666666666666,21.620833333333334,40.208333333333336,0.125,82.25,55.91666666666666,Sunny,0.01,12,8,07:26:00,19:4:00,1:50:00,11:56:00,7,76,1016,1
2018-03-10,49.98333333333333,38.47083333333333,516.5,64.8125,24.6,9.625,0.0416666666666666,88.375,62.29166666666666,Sunny,0.0,14,9,07:25:00,19:5:00,2:45:00,0:38:00,5,66,1017,1
2018-03-11,40.50833333333333,30.09583333333333,401.2916666666667,62.2375,19.2625,19.166666666666668,0.0833333333333333,100.95833333333331,68.45833333333333,Sunny,0.0,15,11,07:23:00,19:6:00,3:36:00,13:25:00,8,63,1015,1
2018-03-12,73.52499999999999,60.55416666666667,413.0833333333333,82.72916666666667,18.90833333333333,17.0,0.0416666666666666,127.95833333333331,78.0,Sunny,0.0,16,12,07:21:00,19:7:00,4:22:00,14:15:00,7,61,1013,1
2018-03-13,55.48333333333334,38.46666666666667,257.1666666666667,56.1,10.495833333333334,24.125,2.708333333333333,137.0,80.875,Sunny,1.7,16,13,07:20:00,19:9:00,5:5:00,15:9:00,21,66,1006,1
2018-03-14,27.016666666666666,15.891666666666666,241.95833333333331,32.99583333333333,10.120833333333334,37.833333333333336,0.1666666666666666,74.0,47.375,Sunny,0.0,15,12,07:18:00,19:10:00,5:44:00,16:6:00,19,68,1008,0
2018-03-15,25.35,14.5625,300.0416666666667,40.9625,13.345833333333331,31.58333333333333,0.0,56.333333333333336,30.08333333333333,Sunny,0.0,14,11,07:17:00,19:11:00,6:19:00,17:6:00,7,72,1011,0
2018-03-16,31.35833333333333,21.90416666666667,265.5833333333333,43.80416666666667,10.195833333333333,25.58333333333333,0.0,64.75,39.16666666666666,Partly cloudy,0.0,14,11,07:15:00,19:12:00,6:52:00,18:7:00,13,66,1013,0
2018-03-17,29.3625,18.17083333333333,215.41666666666663,30.58333333333333,7.7375,42.625,4.0,65.0,39.25,Sunny,0.0,19,13,07:13:00,19:13:00,7:23:00,19:9:00,20,58,1009,0
2018-03-18,72.02499999999999,35.0875,228.33333333333331,32.07083333333333,11.329166666666666,33.541666666666664,12.375,79.16666666666667,54.41666666666666,Sunny,0.33,20,15,07:11:00,19:14:00,7:54:00,20:13:00,22,53,1003,1
2018-03-19,24.39583333333333,13.654166666666669,216.0,26.975,9.575,31.33333333333333,4.458333333333333,81.58333333333333,55.708333333333336,Partly cloudy,1.14,12,8,07:10:00,19:15:00,8:24:00,21:18:00,23,84,1007,1
2018-03-20,26.72083333333333,18.0125,261.2916666666667,35.81666666666667,11.2875,35.291666666666664,4.416666666666667,54.625,28.58333333333333,Sunny,0.19,15,11,07:08:00,19:16:00,8:56:00,22:24:00,20,68,1007,0
2018-03-21,36.62083333333333,26.09166666666667,309.7916666666667,50.50416666666666,10.8,29.791666666666668,0.625,72.54166666666667,50.125,Sunny,0.08,17,11,07:06:00,19:17:00,9:31:00,23:32:00,15,63,1015,1
2018-03-22,20.7625,12.3,216.83333333333331,23.729166666666668,5.625,57.333333333333336,1.2916666666666667,67.83333333333333,44.625,Overcast,0.36,10,8,07:05:00,19:18:00,10:9:00,,35,81,1014,0
2018-03-23,32.05416666666667,17.083333333333332,260.0,27.60833333333333,11.141666666666667,44.833333333333336,8.666666666666666,46.04166666666666,24.58333333333333,Partly cloudy,0.39,13,8,07:03:00,19:19:00,10:53:00,12:38:00,17,80,999,0
2018-03-24,18.0625,9.358333333333333,236.875,26.27083333333333,7.670833333333333,45.75,1.2916666666666667,57.458333333333336,31.5,Overcast,0.14,8,6,07:01:00,19:21:00,11:44:00,1:44:00,23,82,1004,0
2018-03-25,15.966666666666669,11.975,239.79166666666663,25.620833333333334,9.866666666666667,43.41666666666666,0.7916666666666666,41.208333333333336,20.625,Overcast,4.57,11,6,07:00:00,19:22:00,0:41:00,2:45:00,15,81,1015,0
2018-03-26,87.35833333333333,36.395833333333336,266.9583333333333,54.17916666666667,13.620833333333332,13.75,27.166666666666668,67.70833333333333,42.833333333333336,Cloudy,0.02,16,11,06:58:00,19:23:00,13:45:00,3:42:00,10,58,1012,0
2018-03-27,79.18333333333334,43.5125,240.75,45.475,19.029166666666665,33.833333333333336,29.875,118.25,80.20833333333333,Sunny,1.46,15,11,06:56:00,19:24:00,14:52:00,4:32:00,13,73,1011,1
2018-03-28,25.78333333333333,17.266666666666666,270.125,35.44583333333333,11.05,32.333333333333336,4.5,95.91666666666669,64.54166666666667,Cloudy,0.15,13,9,06:55:00,19:25:00,16:2:00,5:16:00,21,84,1010,1
2018-03-29,27.320833333333336,19.9125,271.25,25.366666666666664,8.387500000000001,50.875,0.7916666666666666,55.125,28.75,Overcast,0.0,9,8,06:53:00,19:26:00,17:11:00,5:55:00,21,79,1011,0
2018-03-30,62.62083333333334,42.79166666666666,385.8333333333333,54.083333333333336,18.379166666666663,22.45833333333333,0.875,101.04166666666669,66.5,Sunny,0.0,13,7,06:51:00,19:27:00,18:20:00,6:29:00,7,63,1019,1
2018-03-31,69.44166666666666,49.5,298.7083333333333,75.03750000000001,14.641666666666666,12.125,0.7083333333333334,125.625,76.625,Sunny,0.0,17,11,06:50:00,19:28:00,19:27:00,7:2:00,10,54,1017,1
2018-04-01,49.69583333333333,31.7,259.0833333333333,46.4625,11.029166666666669,35.333333333333336,4.791666666666667,114.79166666666669,73.08333333333333,Sunny,4.89,20,13,06:48:00,19:29:00,20:32:00,7:34:00,23,57,1006,1
2018-04-02,19.5125,13.375,210.75,28.120833333333334,12.683333333333332,50.708333333333336,0.7916666666666666,69.29166666666667,44.5,Sunny,0.61,14,11,06:46:00,19:30:00,21:37:00,8:5:00,14,66,1013,0
2018-04-03,39.375,26.70833333333333,359.9166666666667,53.31666666666666,14.641666666666666,25.45833333333333,0.0,67.16666666666667,44.0,Sunny,0.0,15,10,06:45:00,19:31:00,22:38:00,8:37:00,6,59,1023,0
2018-04-04,57.78333333333333,39.25833333333333,404.1666666666667,73.51666666666667,42.30416666666667,14.791666666666666,0.0,92.95833333333331,65.625,Sunny,0.0,17,10,06:43:00,19:32:00,23:38:00,9:12:00,4,54,1020,1
2018-04-05,82.64583333333333,55.23333333333333,456.125,96.29583333333332,37.88333333333333,15.375,0.0,128.0,77.29166666666667,Sunny,0.0,19,13,06:41:00,19:33:00,,9:50:00,4,52,1013,1
2018-04-06,87.20833333333333,50.91666666666666,361.875,71.95416666666667,21.541666666666668,24.875,0.7916666666666666,151.54166666666666,87.20833333333333,Sunny,0.15,18,12,06:40:00,19:34:00,12:35:00,10:31:00,14,63,1009,1
2018-04-07,27.933333333333334,14.583333333333334,180.95833333333331,23.641666666666666,5.658333333333334,64.0,0.0416666666666666,85.45833333333333,53.458333333333336,Sunny,0.59,14,11,06:38:00,19:36:00,1:28:00,11:16:00,22,77,1014,1
2018-04-08,32.0625,19.508333333333333,193.41666666666663,22.6875,4.966666666666667,54.833333333333336,0.0,59.91666666666666,33.25,Overcast,0.01,13,11,06:36:00,19:37:00,2:17:00,0:5:00,21,83,1017,0
2018-04-09,41.45,25.21666666666667,256.875,33.858333333333334,16.691666666666666,40.958333333333336,0.875,70.79166666666667,47.125,Sunny,0.0,15,10,06:35:00,19:38:00,3:1:00,0:58:00,10,79,1016,0
2018-04-10,58.1375,39.25833333333333,410.375,61.395833333333336,27.941666666666663,17.833333333333332,1.3333333333333333,87.16666666666667,63.54166666666666,Sunny,0.0,18,11,06:33:00,19:39:00,3:42:00,13:54:00,4,74,1014,1
2018-04-11,81.7625,55.8875,517.875,81.87916666666666,33.958333333333336,7.666666666666667,2.25,132.29166666666666,78.70833333333333,Sunny,0.28,19,13,06:32:00,19:40:00,4:18:00,14:52:00,2,68,1011,1
2018-04-12,99.28333333333336,67.20416666666667,467.9583333333333,67.38333333333334,37.82083333333333,19.166666666666668,7.625,155.58333333333334,92.91666666666669,Sunny,0.04,20,14,06:30:00,19:41:00,4:51:00,15:52:00,6,67,1012,1
2018-04-13,33.15833333333333,21.425,265.625,42.45,12.066666666666668,34.5,3.4166666666666665,115.33333333333331,72.83333333333333,Sunny,0.0,20,14,06:28:00,19:42:00,5:23:00,16:54:00,12,67,1015,1
2018-04-14,23.183333333333334,14.941666666666668,220.54166666666663,31.245833333333334,6.741666666666667,52.79166666666666,2.458333333333333,63.75,37.41666666666666,Sunny,0.0,17,13,06:27:00,19:43:00,5:53:00,17:58:00,16,77,1020,0
2018-04-15,24.166666666666668,16.5,191.58333333333331,19.904166666666665,5.941666666666666,68.75,2.0,55.125,29.666666666666668,Sunny,0.0,19,12,06:25:00,19:44:00,6:23:00,19:3:00,24,62,1022,0
2018-04-16,25.85,16.558333333333334,198.625,25.383333333333336,11.166666666666666,60.375,0.0,60.083333333333336,33.625,Partly cloudy,0.05,18,12,06:24:00,19:45:00,6:55:00,20:11:00,19,56,1018,0
2018-04-17,31.641666666666666,17.341666666666665,210.5,28.65,11.55,48.375,2.5416666666666665,60.708333333333336,33.916666666666664,Sunny,0.54,16,12,06:22:00,19:46:00,7:29:00,21:20:00,13,73,1017,0
2018-04-18,29.7375,16.033333333333335,199.5,22.7,8.816666666666666,59.29166666666666,2.583333333333333,60.5,33.791666666666664,Sunny,0.0,16,11,06:21:00,19:47:00,8:7:00,22:29:00,16,77,1021,0
2018-04-19,30.308333333333334,20.1125,248.375,34.641666666666666,9.9625,46.625,1.3333333333333333,60.625,34.0,Sunny,0.0,19,11,06:19:00,19:48:00,8:50:00,23:37:00,13,66,1021,0
2018-04-20,39.67916666666667,27.504166666666663,255.25,43.00833333333333,11.225,31.166666666666668,0.5833333333333334,82.875,59.66666666666666,Sunny,2.17,15,11,06:18:00,19:49:00,9:40:00,,17,72,1017,1
2018-04-21,35.31666666666667,21.258333333333333,290.7083333333333,38.38333333333333,10.4875,34.666666666666664,1.1666666666666667,69.79166666666667,45.375,Sunny,0.0,17,10,06:16:00,19:50:00,10:35:00,12:41:00,8,63,1020,0
2018-04-22,51.72916666666666,31.0375,328.75,58.88333333333333,15.579166666666666,24.75,1.0,82.375,59.583333333333336,Sunny,0.0,18,12,06:15:00,19:51:00,11:37:00,1:40:00,9,57,1017,1
2018-04-23,61.3875,37.391666666666666,343.0833333333333,73.33749999999999,16.991666666666667,22.625,1.5416666666666667,96.66666666666669,67.125,Sunny,0.0,20,14,06:13:00,19:52:00,0:43:00,2:31:00,7,55,1015,1
2018-04-24,62.075,41.60833333333333,421.0833333333333,72.3625,30.27083333333333,23.0,0.9166666666666666,107.29166666666669,70.70833333333333,Sunny,0.0,23,15,06:12:00,19:53:00,13:51:00,3:16:00,3,54,1016,1
2018-04-25,72.67916666666666,46.02916666666667,401.9583333333333,82.625,30.3375,23.541666666666668,1.3333333333333333,126.625,77.0,Sunny,0.0,23,17,06:10:00,19:54:00,14:59:00,3:56:00,6,54,1015,1
2018-04-26,60.25,35.42916666666667,383.5416666666667,63.48333333333333,16.4375,35.666666666666664,1.25,106.83333333333331,70.58333333333333,Sunny,0.03,24,17,06:09:00,19:56:00,16:7:00,4:30:00,8,55,1012,1
2018-04-27,49.475,30.4375,302.8333333333333,54.19583333333333,13.891666666666666,44.333333333333336,1.4583333333333333,97.45833333333331,67.375,Sunny,0.16,24,17,06:08:00,19:57:00,17:13:00,5:3:00,10,53,1013,1
2018-04-28,30.241666666666664,18.7125,190.91666666666663,24.4375,6.4750000000000005,60.25,1.0,77.16666666666667,54.79166666666666,Sunny,0.0,21,16,06:06:00,19:58:00,18:18:00,5:34:00,22,66,1018,1
2018-04-29,24.816666666666663,15.333333333333334,188.58333333333331,18.070833333333333,6.195833333333333,59.79166666666666,0.5833333333333334,60.25,33.708333333333336,Sunny,0.0,20,14,06:05:00,19:59:00,19:22:00,6:4:00,22,73,1017,0
2018-04-30,29.02916666666667,17.683333333333334,176.125,23.77083333333333,8.720833333333333,58.54166666666666,0.625,58.208333333333336,31.95833333333333,Sunny,0.0,20,14,06:04:00,20:0:00,20:25:00,6:35:00,13,77,1014,0
2018-05-01,31.9375,20.77083333333333,206.04166666666663,22.92083333333333,10.529166666666669,58.458333333333336,0.8333333333333334,66.375,39.958333333333336,Sunny,0.01,20,14,06:03:00,20:1:00,21:26:00,7:9:00,9,77,1013,0
2018-05-02,33.225,22.4375,189.45833333333331,26.025,13.908333333333331,52.25,1.125,69.20833333333333,44.16666666666666,Sunny,0.0,20,14,06:01:00,20:2:00,22:24:00,7:45:00,9,73,1013,0
2018-05-03,37.29166666666666,26.0625,201.70833333333331,29.15833333333333,10.6125,47.333333333333336,1.5833333333333333,74.79166666666667,54.625,Sunny,0.0,24,15,06:00:00,20:3:00,23:20:00,8:24:00,12,69,1011,1
2018-05-04,30.3875,20.291666666666668,173.75,23.441666666666663,7.095833333333334,57.0,1.8333333333333333,77.5,56.958333333333336,Sunny,0.0,21,16,05:59:00,20:4:00,,9:8:00,18,70,1011,1
2018-05-05,24.604166666666668,16.724999999999998,166.79166666666666,21.695833333333336,4.775,55.333333333333336,3.5,63.333333333333336,36.625,Sunny,0.0,21,15,05:58:00,20:5:00,12:11:00,9:56:00,15,76,1010,0
2018-05-06,26.541666666666668,20.204166666666666,241.79166666666663,34.82083333333333,10.583333333333334,34.916666666666664,2.9166666666666665,59.625,33.166666666666664,Overcast,0.0,20,15,05:56:00,20:6:00,12:57:00,10:48:00,3,81,1009,0
2018-05-07,32.104166666666664,24.8375,269.7083333333333,43.583333333333336,13.575,15.958333333333334,2.875,77.66666666666667,57.29166666666666,Cloudy,1.41,18,16,05:55:00,20:7:00,1:39:00,11:42:00,7,83,1008,1
2018-05-08,36.54583333333333,22.445833333333336,203.625,31.1875,9.091666666666669,33.333333333333336,6.208333333333333,73.29166666666667,51.91666666666666,Overcast,1.83,19,16,05:54:00,20:8:00,2:16:00,0:39:00,10,81,1005,1
2018-05-09,33.61666666666667,21.2875,217.25,38.770833333333336,12.054166666666667,25.166666666666668,6.083333333333333,70.33333333333333,46.375,Thundery outbreaks possible,3.14,19,16,05:53:00,20:9:00,2:51:00,13:38:00,7,81,1005,0
2018-05-10,40.10416666666666,27.45833333333333,273.3333333333333,47.075,16.095833333333335,17.708333333333332,2.75,78.625,58.125,Partly cloudy,2.03,20,17,05:52:00,20:10:00,3:22:00,14:38:00,7,80,1007,1
2018-05-11,32.55416666666667,19.133333333333333,192.16666666666663,23.45833333333333,8.729166666666666,37.16666666666666,8.416666666666666,72.33333333333333,49.25,Cloudy,2.57,19,15,05:51:00,20:11:00,3:52:00,15:40:00,16,77,1010,0
2018-05-12,18.616666666666667,11.925,160.95833333333334,17.116666666666667,4.029166666666667,52.958333333333336,1.3333333333333333,57.208333333333336,30.875,Sunny,0.28,18,14,05:50:00,20:12:00,4:22:00,16:44:00,23,65,1014,0
2018-05-13,38.270833333333336,23.941666666666663,256.125,44.51666666666667,10.395833333333334,28.95833333333333,0.0,62.75,38.708333333333336,Sunny,0.0,20,13,05:49:00,20:13:00,4:52:00,17:51:00,5,53,1013,0
2018-05-14,43.1125,28.275,270.3333333333333,57.14166666666667,17.958333333333332,24.625,0.0,80.16666666666667,60.41666666666666,Sunny,0.0,22,15,05:48:00,20:14:00,5:25:00,19:0:00,6,54,1015,1
2018-05-15,59.55,36.6,297.8333333333333,68.7375,18.579166666666666,21.08333333333333,1.125,94.5,66.29166666666667,Sunny,0.0,24,18,05:47:00,20:15:00,6:1:00,20:10:00,6,57,1016,1
2018-05-16,52.20416666666667,31.5875,216.16666666666663,57.4875,11.933333333333332,25.791666666666668,7.541666666666667,97.29166666666669,67.29166666666667,Sunny,0.0,25,20,05:46:00,20:16:00,6:42:00,21:22:00,10,56,1015,1
2018-05-17,52.22083333333333,29.3125,230.0,69.81666666666666,14.208333333333334,19.58333333333333,12.833333333333334,88.45833333333333,64.20833333333333,Sunny,0.0,24,20,05:45:00,20:17:00,7:30:00,22:30:00,8,55,1014,1
2018-05-18,49.23333333333333,27.5875,260.9166666666667,65.05833333333334,16.195833333333333,17.583333333333332,15.791666666666666,85.58333333333333,62.91666666666666,Sunny,0.08,26,20,05:44:00,20:18:00,8:25:00,23:33:00,4,59,1014,1
2018-05-19,58.67083333333333,30.441666666666663,258.0833333333333,48.27916666666667,15.995833333333332,26.166666666666668,21.75,88.16666666666667,63.91666666666666,Sunny,1.18,26,20,05:43:00,20:19:00,9:27:00,,10,62,1012,1
2018-05-20,24.2,15.716666666666669,148.70833333333334,19.416666666666668,4.854166666666667,59.708333333333336,8.916666666666666,72.875,48.708333333333336,Sunny,3.49,22,18,05:42:00,20:20:00,10:34:00,12:29:00,18,76,1015,0
2018-05-21,21.883333333333336,13.4,156.91666666666666,22.079166666666666,4.2125,53.5,4.083333333333333,53.958333333333336,28.20833333333333,Sunny,0.0,22,17,05:42:00,20:21:00,11:43:00,1:17:00,22,73,1016,0
2018-05-22,23.829166666666666,14.270833333333334,167.5,21.5625,4.229166666666667,56.458333333333336,1.9583333333333333,52.708333333333336,26.625,Overcast,0.01,21,17,05:41:00,20:21:00,0:51:00,1:58:00,19,81,1017,0
2018-05-23,25.575,15.095833333333331,194.08333333333331,26.05,6.633333333333333,46.208333333333336,4.291666666666667,56.54166666666666,30.125,Partly cloudy,0.05,23,18,05:40:00,20:22:00,13:59:00,2:34:00,13,78,1017,0
2018-05-24,25.15,16.474999999999998,158.95833333333334,23.29583333333333,6.395833333333333,51.208333333333336,3.5,57.833333333333336,31.416666666666668,Sunny,0.0,24,18,05:39:00,20:23:00,15:5:00,3:7:00,18,74,1012,0
2018-05-25,23.566666666666663,17.554166666666667,167.625,22.6625,5.825,48.958333333333336,1.5833333333333333,60.91666666666666,34.291666666666664,Partly cloudy,2.63,23,19,05:39:00,20:24:00,16:9:00,3:37:00,19,78,1011,0
2018-05-26,27.304166666666664,19.195833333333333,178.16666666666666,20.2875,6.158333333333334,56.91666666666666,2.7916666666666665,64.95833333333333,38.04166666666666,Sunny,0.01,25,19,05:38:00,20:25:00,17:12:00,4:7:00,18,73,1013,0
2018-05-27,29.58333333333333,18.23333333333333,162.58333333333334,12.8875,3.8708333333333336,52.25,1.9583333333333333,63.29166666666666,36.41666666666666,Partly cloudy,0.41,23,19,05:37:00,20:26:00,18:14:00,4:37:00,22,77,1015,0
2018-05-28,38.45,15.754166666666668,205.29166666666663,17.191666666666666,4.8625,44.04166666666666,1.9166666666666667,59.91666666666666,35.916666666666664,Overcast,0.13,21,19,05:37:00,20:27:00,19:16:00,5:9:00,20,75,1017,0
2018-05-29,31.945833333333336,16.029166666666665,199.58333333333331,20.5125,5.579166666666667,50.16666666666666,2.1666666666666665,58.333333333333336,36.083333333333336,Overcast,1.23,22,18,05:36:00,20:27:00,20:15:00,5:43:00,18,78,1015,0
2018-05-30,32.13333333333333,15.125,196.375,19.8125,5.508333333333333,53.29166666666666,0.7083333333333334,58.54166666666666,32.5,Sunny,0.01,23,19,05:36:00,20:28:00,21:12:00,6:21:00,20,70,1014,0
2018-05-31,28.02916666666667,13.016666666666666,209.83333333333331,24.941666666666663,6.141666666666667,49.958333333333336,0.5,52.458333333333336,29.70833333333333,Sunny,0.0,23,18,05:35:00,20:29:00,22:5:00,7:3:00,15,64,1014,0
2018-06-01,30.39583333333333,17.537499999999998,242.20833333333331,35.2875,10.775,40.41666666666666,0.0,59.66666666666666,33.125,Sunny,0.0,25,18,05:35:00,20:30:00,22:53:00,7:49:00,12,57,1014,0
2018-06-02,27.004166666666663,14.004166666666668,172.125,20.83333333333333,4.670833333333333,66.125,0.0,58.91666666666666,33.333333333333336,Sunny,0.0,23,18,05:34:00,20:30:00,23:37:00,8:39:00,21,69,1016,0
2018-06-03,20.104166666666668,10.6375,203.33333333333331,23.004166666666663,5.9750000000000005,60.208333333333336,0.0,47.375,27.70833333333333,Sunny,0.0,24,17,05:34:00,20:31:00,,9:33:00,9,61,1014,0
2018-06-04,37.75,23.4375,229.79166666666663,55.0375,21.59166666666667,35.125,0.375,58.79166666666666,33.833333333333336,Sunny,0.66,25,18,05:33:00,20:32:00,12:16:00,10:28:00,5,62,1009,0
2018-06-05,51.66666666666666,36.80416666666667,323.8333333333333,73.9875,28.77083333333333,38.54166666666666,0.125,91.95833333333331,65.04166666666667,Sunny,1.83,26,21,05:33:00,20:33:00,12:51:00,11:26:00,6,66,1008,1
2018-06-06,46.99166666666667,33.108333333333334,286.625,64.22916666666667,21.870833333333334,38.333333333333336,0.0,95.20833333333331,66.58333333333333,Sunny,3.42,27,21,05:33:00,20:33:00,1:23:00,0:25:00,7,64,1013,1
2018-06-07,49.00833333333333,33.8125,240.5,39.2625,14.483333333333334,45.875,0.75,99.33333333333331,68.16666666666667,Sunny,0.03,28,22,05:33:00,20:34:00,1:53:00,13:25:00,11,64,1017,1
2018-06-08,32.49166666666667,22.65416666666667,156.70833333333334,23.84583333333333,7.3125,55.708333333333336,0.0416666666666666,83.95833333333333,61.125,Sunny,0.0,27,21,05:32:00,20:34:00,2:22:00,14:27:00,15,69,1017,1
2018-06-09,36.09166666666667,24.425,191.625,30.575,10.516666666666667,41.333333333333336,0.625,71.58333333333333,48.41666666666666,Sunny,0.0,29,21,05:32:00,20:35:00,2:51:00,15:31:00,11,62,1011,0
2018-06-10,30.55,18.78333333333333,149.70833333333334,17.654166666666665,4.675,65.08333333333333,0.5,72.83333333333333,51.208333333333336,Sunny,0.29,26,21,05:32:00,20:36:00,3:22:00,16:37:00,23,65,1006,1
2018-06-11,28.02083333333333,16.654166666666665,146.29166666666666,15.583333333333334,3.454166666666667,71.79166666666667,0.0833333333333333,60.66666666666666,34.0,Sunny,0.0,26,21,05:32:00,20:36:00,3:55:00,17:47:00,27,64,1009,0
2018-06-12,25.85833333333333,15.266666666666666,156.79166666666666,19.175,4.691666666666666,62.29166666666666,0.0,59.66666666666666,33.041666666666664,Sunny,0.0,26,20,05:32:00,20:37:00,4:33:00,18:58:00,18,59,1009,0
2018-06-13,25.23333333333333,14.908333333333331,166.66666666666666,23.4,6.9875,48.75,0.0,56.54166666666666,30.25,Sunny,0.0,28,19,05:32:00,20:37:00,5:18:00,20:9:00,13,58,1005,0
2018-06-14,21.3375,12.8125,164.29166666666666,20.72083333333333,8.891666666666667,55.54166666666666,0.0,52.958333333333336,27.83333333333333,Sunny,0.0,28,20,05:32:00,20:37:00,6:10:00,21:17:00,10,67,1004,0
2018-06-15,23.479166666666668,17.345833333333335,210.625,23.45833333333333,11.633333333333333,42.54166666666666,0.9166666666666666,56.54166666666666,30.166666666666668,Sunny,0.0,30,21,05:32:00,20:38:00,7:10:00,22:18:00,10,66,1006,0
2018-06-16,27.1125,19.116666666666667,206.33333333333331,23.166666666666668,19.070833333333333,42.083333333333336,3.083333333333333,64.54166666666667,37.66666666666666,Sunny,0.02,29,23,05:32:00,20:38:00,8:17:00,23:12:00,10,60,1006,0
2018-06-17,27.704166666666666,18.45,193.16666666666663,29.75,9.5375,40.083333333333336,1.4583333333333333,64.29166666666667,37.458333333333336,Sunny,0.0,26,22,05:32:00,20:39:00,9:28:00,23:57:00,6,67,1008,0
2018-06-18,30.066666666666663,20.60833333333333,187.41666666666663,25.179166666666664,8.65,41.16666666666666,0.7083333333333334,68.08333333333333,42.958333333333336,Partly cloudy,1.61,26,21,05:32:00,20:39:00,10:39:00,,9,71,1009,0
2018-06-19,26.745833333333334,15.270833333333334,180.875,17.483333333333334,6.3625,51.41666666666666,4.041666666666667,61.583333333333336,35.125,Sunny,0.0,26,22,05:32:00,20:39:00,11:49:00,12:36:00,19,68,1011,0
2018-06-20,23.98333333333333,14.183333333333332,172.16666666666666,17.758333333333333,4.391666666666667,55.79166666666666,3.125,53.91666666666666,28.25,Sunny,0.01,28,22,05:32:00,20:40:00,14:2:00,1:42:00,11,60,1014,0
2018-06-21,26.42083333333333,14.983333333333334,199.79166666666663,25.554166666666664,7.975,41.875,1.0416666666666667,54.958333333333336,28.5,Sunny,0.01,28,22,05:32:00,20:40:00,14:2:00,1:42:00,11,60,1014,0
2018-06-22,38.09166666666667,26.7,225.54166666666663,35.612500000000004,16.279166666666665,33.291666666666664,0.4166666666666667,70.83333333333333,48.333333333333336,Sunny,0.0,28,23,05:33:00,20:40:00,15:6:00,2:11:00,8,61,1011,0
2018-06-23,27.075,20.2,147.91666666666666,18.116666666666667,5.916666666666667,55.125,0.375,76.95833333333333,56.04166666666666,Partly cloudy,1.79,25,21,05:33:00,20:40:00,16:8:00,2:41:00,19,67,1012,1
2018-06-24,13.920833333333334,7.6375,120.33333333333331,10.975,3.454166666666667,52.5,0.0,48.125,27.625,Partly cloudy,0.02,23,21,05:33:00,20:40:00,17:9:00,3:12:00,26,66,1015,0
2018-06-25,12.4125,6.8125,125.75,12.495833333333332,3.2416666666666667,60.458333333333336,0.0,29.25,24.166666666666668,Sunny,0.0,25,21,05:33:00,20:40:00,18:8:00,3:45:00,25,65,1014,0
2018-06-26,19.475,12.058333333333332,138.04166666666666,13.183333333333332,4.25,59.5,0.0,37.958333333333336,24.041666666666668,Thundery outbreaks possible,0.12,26,22,05:34:00,20:40:00,19:6:00,4:21:00,22,74,1009,0
2018-06-27,30.633333333333336,21.0375,205.54166666666663,23.758333333333336,12.7,41.79166666666666,0.25,61.54166666666666,35.5,Thundery outbreaks possible,1.11,27,22,05:34:00,20:40:00,20:0:00,5:1:00,12,74,1006,0
2018-06-28,22.45,15.933333333333332,184.25,23.370833333333334,9.141666666666667,39.958333333333336,0.2083333333333333,62.79166666666666,36.25,Sunny,0.22,27,22,05:34:00,20:40:00,20:50:00,5:45:00,8,67,1005,0
2018-06-29,19.475,13.191666666666668,169.91666666666666,22.0,6.0625,47.5,0.0,56.458333333333336,30.166666666666668,Sunny,0.48,25,22,05:35:00,20:40:00,21:36:00,6:34:00,19,65,1004,0
2018-06-30,18.829166666666666,12.520833333333334,166.5,15.8625,5.416666666666667,57.91666666666666,0.0,51.875,27.95833333333333,Partly cloudy,0.14,26,22,05:35:00,20:40:00,22:16:00,7:26:00,19,64,1004,0
2018-07-01,21.683333333333334,12.9,181.20833333333331,16.358333333333334,6.770833333333333,54.04166666666666,0.0416666666666666,51.54166666666666,26.25,Sunny,1.79,27,22,05:36:00,20:40:00,22:53:00,8:21:00,10,69,1012,0
2018-07-02,29.15,16.974999999999998,153.83333333333334,23.258333333333336,6.6125,44.29166666666666,0.3333333333333333,55.083333333333336,28.83333333333333,Sunny,0.0,29,22,05:36:00,20:40:00,23:26:00,9:18:00,11,60,1016,0
2018-07-03,32.40416666666667,20.629166666666663,179.66666666666666,30.316666666666663,11.154166666666669,50.708333333333336,0.0,63.208333333333336,36.75,Sunny,0.0,31,23,05:37:00,20:40:00,23:56:00,10:16:00,9,53,1015,0
2018-07-04,34.291666666666664,20.3875,167.625,27.3,7.691666666666666,54.16666666666666,0.5416666666666666,68.83333333333333,43.625,Sunny,0.0,30,24,05:37:00,20:40:00,,11:15:00,13,51,1014,0
2018-07-05,30.616666666666664,18.741666666666667,165.45833333333334,23.65416666666667,8.066666666666666,54.66666666666666,0.0,67.33333333333333,41.083333333333336,Sunny,0.0,29,24,05:38:00,20:39:00,12:24:00,0:14:00,13,52,1011,0
2018-07-06,29.141666666666666,16.904166666666665,186.08333333333331,23.0875,8.0625,55.875,0.0,61.958333333333336,35.125,Sunny,0.0,28,23,05:39:00,20:39:00,12:52:00,13:16:00,9,58,1011,0
2018-07-07,25.60833333333333,15.570833333333333,155.66666666666666,17.633333333333333,5.258333333333334,50.708333333333336,0.0,59.958333333333336,33.375,Sunny,0.0,28,23,05:39:00,20:39:00,1:21:00,14:20:00,15,60,1010,0
2018-07-08,22.72083333333333,14.9125,150.375,12.870833333333332,5.220833333333333,58.79166666666666,0.0,57.0,30.916666666666668,Sunny,0.0,28,23,05:40:00,20:38:00,1:52:00,15:26:00,15,66,1009,0
2018-07-09,25.995833333333334,16.583333333333332,148.83333333333334,18.141666666666666,7.425,48.25,0.0,57.0,30.666666666666668,Sunny,0.0,29,23,05:41:00,20:38:00,2:26:00,16:35:00,11,65,1009,0
2018-07-10,28.816666666666663,17.304166666666667,162.33333333333334,19.341666666666665,7.4875,50.0,0.0,60.5,33.75,Sunny,0.03,29,23,05:41:00,20:38:00,3:7:00,17:45:00,11,66,1010,0
2018-07-11,25.570833333333336,15.304166666666667,150.08333333333334,19.379166666666663,5.7875000000000005,47.208333333333336,0.0,59.91666666666666,33.291666666666664,Sunny,0.0,29,24,05:42:00,20:37:00,3:54:00,18:55:00,17,66,1012,0
2018-07-12,21.633333333333336,13.354166666666666,144.66666666666666,18.90833333333333,5.4,57.333333333333336,0.0,54.333333333333336,28.666666666666668,Sunny,0.0,29,24,05:43:00,20:37:00,4:50:00,20:0:00,16,65,1013,0
2018-07-13,28.67083333333333,18.495833333333334,165.625,23.85,6.170833333333333,54.208333333333336,0.0,58.708333333333336,32.125,Sunny,0.0,30,24,05:43:00,20:36:00,5:54:00,20:59:00,13,61,1012,0
2018-07-14,24.79583333333333,16.629166666666666,152.5,16.645833333333332,6.020833333333333,55.833333333333336,0.0,63.625,36.958333333333336,Sunny,0.14,29,25,05:44:00,20:36:00,7:5:00,21:49:00,14,61,1011,0
2018-07-15,27.2625,16.337500000000002,166.0,20.316666666666663,7.966666666666666,53.5,0.0416666666666666,58.75,32.208333333333336,Sunny,0.32,29,24,05:45:00,20:35:00,8:18:00,22:32:00,9,55,1011,0
2018-07-16,35.27916666666667,20.47083333333333,216.29166666666663,34.104166666666664,11.695833333333333,43.625,0.375,61.583333333333336,34.916666666666664,Sunny,0.34,29,24,05:46:00,20:34:00,9:32:00,23:10:00,7,55,1011,0
2018-07-17,37.083333333333336,23.891666666666666,209.25,41.625,11.354166666666666,44.833333333333336,0.4166666666666667,71.45833333333333,48.458333333333336,Sunny,0.19,30,25,05:47:00,20:34:00,10:43:00,23:43:00,13,53,1008,0
2018-07-18,39.00833333333333,22.925,200.95833333333331,31.995833333333334,13.795833333333334,44.25,2.333333333333333,76.25,56.5,Partly cloudy,2.15,29,25,05:47:00,20:33:00,11:51:00,,8,59,1005,1
2018-07-19,31.991666666666664,21.29583333333333,184.0,28.5625,10.429166666666667,52.0,0.375,71.375,48.375,Partly cloudy,1.52,28,24,05:48:00,20:32:00,0:57:00,12:14:00,12,58,1006,0
2018-07-20,30.829166666666666,19.441666666666663,236.95833333333331,27.825,9.125,38.54166666666666,0.2083333333333333,67.75,41.66666666666666,Sunny,3.35,28,24,05:49:00,20:32:00,14:0:00,12:44:00,9,64,1009,0
2018-07-21,38.825,25.7125,227.83333333333331,33.3125,10.554166666666667,42.333333333333336,0.4166666666666667,70.08333333333333,46.208333333333336,Sunny,0.03,30,25,05:50:00,20:31:00,15:2:00,1:15:00,2,65,1011,0
2018-07-22,42.12083333333333,28.7375,252.66666666666663,40.079166666666666,13.875,38.333333333333336,0.4583333333333333,85.29166666666667,62.833333333333336,Sunny,0.23,30,26,05:51:00,20:30:00,16:2:00,1:47:00,8,63,1010,1
2018-07-23,44.7875,31.27083333333333,240.25,45.72083333333333,16.054166666666667,44.458333333333336,0.9583333333333334,88.41666666666667,64.0,Sunny,0.06,31,26,05:52:00,20:29:00,17:0:00,2:22:00,8,55,1004,1
2018-07-24,21.90833333333333,16.125,188.04166666666663,23.3625,14.729166666666666,55.833333333333336,0.2083333333333333,75.45833333333333,51.16666666666666,Sunny,4.04,27,25,05:52:00,20:28:00,17:55:00,3:0:00,9,64,1002,1
2018-07-25,27.775,18.279166666666665,191.875,27.675,13.745833333333332,40.0,0.0,58.54166666666666,32.0,Sunny,0.0,28,24,05:53:00,20:27:00,18:47:00,3:43:00,7,64,1004,0
2018-07-26,38.42916666666667,24.829166666666666,218.0,31.166666666666668,13.5,38.75,0.0,74.875,54.04166666666666,Sunny,1.35,29,24,05:54:00,20:26:00,19:34:00,4:30:00,8,64,1008,1
2018-07-27,38.90833333333333,22.975,221.04166666666663,37.583333333333336,19.23333333333333,32.25,0.0,70.20833333333333,45.91666666666666,Sunny,0.25,30,24,05:55:00,20:26:00,20:16:00,5:21:00,4,62,1010,0
2018-07-28,31.55,22.058333333333334,250.08333333333331,34.44166666666667,20.7625,47.5,0.0,74.33333333333333,53.79166666666666,Sunny,0.15,29,25,05:56:00,20:25:00,20:54:00,6:15:00,6,63,1009,1
2018-07-29,36.87083333333333,24.441666666666663,195.41666666666663,25.22083333333333,8.141666666666667,42.79166666666666,0.0,75.41666666666667,55.25,Sunny,0.35,29,25,05:57:00,20:24:00,21:28:00,7:12:00,9,64,1008,1
2018-07-30,25.4625,14.5375,181.625,19.1375,7.45,44.458333333333336,0.0,63.0,38.208333333333336,Sunny,0.0,30,25,05:58:00,20:23:00,21:59:00,8:9:00,14,66,1008,0
2018-07-31,23.64583333333333,13.920833333333334,157.5,18.1125,5.870833333333334,37.833333333333336,1.375,55.29166666666666,29.166666666666668,Thundery outbreaks possible,0.11,29,25,05:59:00,20:21:00,22:27:00,9:8:00,18,70,1010,0
2018-08-01,32.53333333333333,17.825,186.29166666666663,20.070833333333333,6.445833333333333,38.16666666666666,6.625,57.958333333333336,31.416666666666668,Sunny,0.0,30,26,06:00:00,20:20:00,22:56:00,10:7:00,14,69,1012,0
2018-08-02,38.45,19.6875,191.29166666666663,20.075,6.095833333333334,46.375,4.458333333333333,66.5,39.91666666666666,Sunny,0.09,30,26,06:01:00,20:19:00,23:24:00,11:8:00,21,69,1013,0
2018-08-03,32.72083333333333,17.0375,181.5,19.445833333333333,5.891666666666667,57.16666666666666,2.708333333333333,61.875,35.083333333333336,Sunny,0.02,30,25,06:02:00,20:18:00,23:53:00,0:9:00,23,63,1012,0
2018-08-04,24.7375,13.45,157.125,16.900000000000002,3.945833333333333,58.91666666666666,1.5,56.16666666666666,29.916666666666668,Sunny,0.0,30,26,06:03:00,20:17:00,,13:13:00,25,56,1012,0
2018-08-05,28.29583333333333,16.175,171.66666666666666,16.283333333333335,3.633333333333333,67.54166666666667,0.3333333333333333,56.583333333333336,30.83333333333333,Sunny,0.03,30,26,06:04:00,20:16:00,12:25:00,14:18:00,23,58,1013,0
2018-08-06,29.55,17.354166666666668,175.45833333333334,19.53333333333333,5.754166666666666,53.0,1.2916666666666667,61.25,34.541666666666664,Sunny,0.0,29,25,06:05:00,20:15:00,1:1:00,15:26:00,17,64,1013,0
2018-08-07,26.1625,14.983333333333334,174.58333333333334,21.225,6.345833333333334,53.54166666666666,0.125,57.625,31.08333333333333,Sunny,0.03,30,26,06:06:00,20:13:00,1:43:00,16:33:00,19,58,1013,0
2018-08-08,31.133333333333336,18.529166666666665,207.66666666666663,21.758333333333336,6.4,57.5,0.0,59.875,33.333333333333336,Sunny,0.0,30,26,06:07:00,20:12:00,2:33:00,17:40:00,19,62,1015,0
2018-08-09,26.9875,14.258333333333333,174.33333333333334,16.941666666666666,4.45,58.75,0.0,60.208333333333336,33.541666666666664,Sunny,0.0,29,25,06:08:00,20:11:00,3:32:00,18:41:00,25,63,1016,0
2018-08-10,27.10833333333333,13.975,152.33333333333334,16.337500000000002,3.733333333333333,62.54166666666666,0.0,54.91666666666666,28.625,Sunny,0.0,29,25,06:09:00,20:10:00,4:39:00,19:36:00,28,61,1018,0
2018-08-11,24.17083333333333,10.420833333333333,136.91666666666666,15.9,3.016666666666667,65.875,0.0,48.125,26.666666666666668,Sunny,0.0,28,24,06:09:00,20:8:00,5:52:00,20:22:00,27,56,1017,0
2018-08-12,24.28333333333333,12.2375,164.25,18.804166666666667,4.433333333333334,63.41666666666666,0.0,46.79166666666666,27.58333333333333,Sunny,0.0,28,23,06:10:00,20:7:00,7:6:00,21:3:00,21,53,1016,0
2018-08-13,23.5375,13.825,170.5,20.09583333333333,4.829166666666667,58.79166666666666,0.0,52.875,27.041666666666668,Sunny,0.0,27,23,06:11:00,20:6:00,8:20:00,21:40:00,22,58,1014,0
2018-08-14,26.745833333333334,13.616666666666667,185.20833333333331,23.570833333333336,6.8375,56.875,0.4166666666666667,52.958333333333336,27.791666666666668,Sunny,0.0,29,24,06:12:00,20:4:00,9:32:00,22:12:00,19,59,1012,0
2018-08-15,29.17083333333333,15.2625,170.08333333333334,17.779166666666665,4.4125000000000005,71.95833333333333,1.4166666666666667,55.04166666666666,29.83333333333333,Sunny,0.0,29,24,06:13:00,20:3:00,10:41:00,22:44:00,21,64,1010,0
2018-08-16,34.87916666666667,19.925,182.04166666666663,22.04583333333333,5.945833333333333,50.583333333333336,2.208333333333333,64.375,37.958333333333336,Sunny,0.0,29,24,06:14:00,20:2:00,11:48:00,23:15:00,14,70,1010,0
2018-08-17,27.73333333333333,14.733333333333334,189.79166666666663,24.78333333333333,6.5375000000000005,46.16666666666666,2.1666666666666665,59.54166666666666,32.833333333333336,Sunny,0.0,29,24,06:15:00,20:0:00,0:52:00,23:48:00,15,72,1010,0
2018-08-18,33.800000000000004,17.745833333333334,182.04166666666663,22.004166666666663,5.795833333333333,51.66666666666666,2.333333333333333,59.125,32.458333333333336,Sunny,0.0,30,24,06:16:00,19:59:00,13:54:00,,18,67,1011,0
2018-08-19,26.7125,14.854166666666666,156.16666666666666,15.4125,3.608333333333333,65.04166666666667,0.3333333333333333,59.54166666666666,33.291666666666664,Sunny,0.0,30,25,06:17:00,19:57:00,14:53:00,12:22:00,25,57,1013,0
2018-08-20,24.995833333333334,13.391666666666666,174.54166666666666,15.804166666666667,3.908333333333333,63.79166666666666,0.0,53.79166666666666,28.166666666666668,Sunny,0.0,28,24,06:18:00,19:56:00,15:50:00,12:59:00,25,60,1012,0
2018-08-21,22.666666666666668,11.8375,188.70833333333331,18.104166666666668,5.216666666666667,54.625,0.2083333333333333,50.625,26.125,Sunny,0.0,28,23,06:19:00,19:54:00,16:42:00,1:41:00,19,64,1013,0
2018-08-22,24.975,13.016666666666666,189.70833333333331,16.224999999999998,4.5375000000000005,61.208333333333336,0.1666666666666666,52.0,27.83333333333333,Sunny,0.0,29,24,06:20:00,19:53:00,17:31:00,2:26:00,23,63,1014,0
2018-08-23,24.85833333333333,14.133333333333333,177.54166666666666,13.575,4.083333333333333,74.41666666666667,0.0,52.04166666666666,30.166666666666668,Sunny,0.02,30,25,06:21:00,19:52:00,18:15:00,3:16:00,27,57,1013,0
2018-08-24,32.49583333333333,18.85,175.58333333333334,11.804166666666667,4.7375,72.58333333333333,0.2916666666666667,60.625,34.166666666666664,Sunny,0.0,28,24,06:22:00,19:50:00,18:54:00,4:9:00,22,69,1010,0
2018-08-25,28.191666666666663,14.945833333333333,169.25,12.816666666666668,5.116666666666666,63.583333333333336,0.625,60.875,34.5,Sunny,0.0,29,25,06:23:00,19:48:00,19:30:00,5:5:00,16,65,1009,0
2018-08-26,24.02916666666667,14.804166666666667,212.08333333333331,18.72083333333333,6.6375,52.66666666666666,1.2083333333333333,55.54166666666666,29.916666666666668,Sunny,0.0,29,24,06:24:00,19:47:00,20:1:00,6:3:00,10,66,1008,0
2018-08-27,26.7625,17.075,197.95833333333331,21.04583333333333,6.175,50.208333333333336,1.9166666666666667,58.91666666666666,32.333333333333336,Sunny,0.16,29,24,06:25:00,19:45:00,20:31:00,7:2:00,16,74,1007,0
2018-08-28,27.79583333333333,15.441666666666668,171.04166666666666,17.400000000000002,4.9125000000000005,51.333333333333336,4.208333333333333,58.79166666666666,32.416666666666664,Sunny,0.37,29,24,06:26:00,19:44:00,20:59:00,8:1:00,20,71,1009,0
2018-08-29,30.90416666666667,15.983333333333334,190.375,17.150000000000002,5.529166666666666,51.583333333333336,2.583333333333333,56.958333333333336,30.58333333333333,Sunny,0.0,28,25,06:27:00,19:42:00,21:27:00,9:2:00,20,68,1012,0
2018-08-30,35.75833333333333,19.195833333333333,208.25,22.941666666666663,5.9875,45.5,1.1666666666666667,62.333333333333336,35.833333333333336,Sunny,0.0,28,24,06:28:00,19:41:00,21:56:00,10:3:00,15,71,1014,0
2018-08-31,33.733333333333334,17.454166666666666,217.95833333333331,21.55,5.391666666666667,47.458333333333336,2.625,63.833333333333336,36.958333333333336,Sunny,0.0,30,24,06:29:00,19:39:00,22:26:00,11:5:00,19,65,1015,0
2018-09-01,34.520833333333336,21.025,215.66666666666663,18.8,5.2250000000000005,60.708333333333336,2.583333333333333,64.125,37.375,Sunny,0.0,30,24,06:30:00,19:37:00,23:0:00,0:9:00,20,66,1014,0
2018-09-02,41.73333333333333,24.691666666666663,203.58333333333331,18.041666666666668,5.370833333333334,61.66666666666666,6.958333333333333,74.20833333333333,53.833333333333336,Sunny,0.0,30,25,06:31:00,19:36:00,23:39:00,13:15:00,20,68,1014,1
2018-09-03,34.6,19.558333333333334,190.83333333333331,20.870833333333334,5.6375,55.458333333333336,7.125,72.375,50.16666666666666,Sunny,0.0,29,24,06:32:00,19:34:00,,14:20:00,17,73,1011,1
2018-09-04,42.49583333333333,19.716666666666665,225.33333333333331,28.3375,7.425,35.791666666666664,11.75,65.29166666666667,39.75,Sunny,0.0,29,24,06:33:00,19:33:00,12:24:00,15:26:00,9,71,1009,0
2018-09-05,39.95,20.5875,222.33333333333331,26.241666666666664,8.229166666666666,36.29166666666666,10.416666666666666,67.41666666666667,42.91666666666666,Sunny,1.65,28,24,06:34:00,19:31:00,1:18:00,16:27:00,13,69,1008,0
2018-09-06,30.7375,18.4125,200.16666666666663,25.6875,8.766666666666667,47.16666666666666,4.958333333333333,66.41666666666667,39.958333333333336,Patchy rain possible,4.19,25,22,06:35:00,19:29:00,2:19:00,17:23:00,12,63,1008,0
2018-09-07,40.15,25.479166666666668,255.375,42.69166666666666,12.495833333333332,37.708333333333336,4.083333333333333,69.95833333333333,46.625,Sunny,0.69,27,23,06:36:00,19:28:00,3:28:00,18:12:00,13,58,1010,0
2018-09-08,48.29166666666666,34.68333333333333,275.625,53.50833333333333,10.345833333333331,29.125,2.375,89.375,64.41666666666667,Sunny,0.56,27,24,06:37:00,19:26:00,4:40:00,18:55:00,11,59,1013,1
2018-09-09,37.516666666666666,24.54583333333333,222.33333333333331,31.4875,6.8125,46.208333333333336,7.708333333333333,89.54166666666667,64.5,Sunny,0.0,27,23,06:38:00,19:24:00,5:54:00,19:33:00,10,58,1015,1
2018-09-10,28.491666666666664,17.962500000000002,242.54166666666663,30.67083333333333,9.445833333333333,42.54166666666666,3.1666666666666665,67.375,42.333333333333336,Sunny,2.58,24,22,06:39:00,19:22:00,7:8:00,20:8:00,12,59,1017,0
2018-09-11,39.56666666666667,25.34583333333333,316.25,53.18333333333334,20.966666666666665,23.95833333333333,2.4166666666666665,70.33333333333333,47.5,Sunny,0.07,24,21,06:40:00,19:21:00,8:19:00,20:40:00,5,55,1019,0
2018-09-12,41.6375,29.675,250.45833333333331,46.07916666666667,8.458333333333334,26.791666666666668,2.5416666666666665,88.91666666666667,64.16666666666667,Sunny,1.24,24,21,06:41:00,19:19:00,9:29:00,21:12:00,14,63,1018,1
2018-09-13,23.454166666666666,14.191666666666668,186.08333333333331,25.929166666666664,5.3500000000000005,47.04166666666666,1.25,66.0,41.208333333333336,Thundery outbreaks possible,0.12,25,22,06:42:00,19:17:00,10:35:00,21:45:00,22,74,1013,0
2018-09-14,17.8125,11.8875,210.29166666666663,29.6,10.608333333333333,42.625,0.875,50.91666666666666,25.25,Partly cloudy,5.58,24,20,06:43:00,19:16:00,11:41:00,22:19:00,11,68,1013,0
2018-09-15,31.554166666666664,20.40833333333333,268.8333333333333,44.45,11.6,33.75,1.625,58.91666666666666,32.541666666666664,Sunny,0.16,25,22,06:44:00,19:14:00,0:42:00,22:56:00,9,64,1016,0
2018-09-16,39.0625,26.266666666666666,232.04166666666663,43.84583333333333,9.929166666666667,34.25,1.375,76.79166666666667,56.625,Sunny,0.25,26,23,06:45:00,19:12:00,13:42:00,23:37:00,13,64,1019,1
2018-09-17,22.25,14.029166666666669,198.5,21.2125,4.329166666666667,42.375,0.7083333333333334,67.0,43.0,Sunny,0.0,24,21,06:46:00,19:10:00,14:36:00,,23,65,1022,0
2018-09-18,17.445833333333333,8.979166666666666,178.70833333333334,20.10833333333333,4.2875000000000005,45.04166666666666,0.0,43.958333333333336,21.916666666666668,Partly cloudy,0.11,23,20,06:47:00,19:9:00,15:27:00,12:21:00,24,67,1021,0
2018-09-19,18.4875,8.820833333333333,172.0,20.541666666666668,4.6125,50.79166666666666,0.0,35.25,20.70833333333333,Sunny,0.02,24,20,06:48:00,19:7:00,16:12:00,1:10:00,27,68,1020,0
2018-09-20,20.258333333333333,9.858333333333333,180.625,21.8875,4.791666666666667,47.04166666666666,0.0,39.458333333333336,20.625,Cloudy,0.0,24,20,06:49:00,19:5:00,16:53:00,2:2:00,23,71,1018,0
2018-09-21,25.325,13.954166666666666,193.66666666666663,23.870833333333334,5.291666666666667,51.375,0.0,47.41666666666666,24.041666666666668,Sunny,0.0,25,22,06:50:00,19:4:00,17:30:00,2:57:00,20,70,1016,0
2018-09-22,33.704166666666666,20.541666666666668,198.75,28.041666666666668,6.279166666666666,46.54166666666666,0.5,61.083333333333336,34.375,Sunny,0.0,26,21,06:51:00,19:2:00,18:3:00,3:54:00,15,70,1016,0
2018-09-23,34.170833333333334,22.579166666666666,243.70833333333331,34.295833333333334,8.216666666666667,31.291666666666668,0.625,72.79166666666667,50.875,Sunny,0.0,26,21,06:52:00,19:0:00,18:33:00,4:53:00,9,66,1018,1
2018-09-24,42.18333333333333,28.379166666666663,222.75,44.145833333333336,11.066666666666668,28.75,0.875,74.08333333333333,52.458333333333336,Sunny,0.0,25,21,06:53:00,18:58:00,19:2:00,5:53:00,10,59,1014,1
2018-09-25,26.370833333333334,14.7375,175.875,23.525,4.679166666666666,34.375,0.25,79.0,55.833333333333336,Overcast,2.17,20,16,06:54:00,18:57:00,19:30:00,6:53:00,33,71,1023,1
2018-09-26,12.683333333333332,6.470833333333334,173.91666666666666,18.2125,3.1125000000000003,42.16666666666666,0.0,33.333333333333336,19.166666666666668,Cloudy,1.48,17,16,06:55:00,18:55:00,19:59:00,7:55:00,38,62,1027,0
2018-09-27,12.683333333333332,6.2125,157.70833333333334,14.8125,3.1750000000000003,47.375,0.0,25.83333333333333,19.041666666666668,Overcast,0.52,18,16,06:56:00,18:53:00,20:28:00,8:58:00,36,68,1025,0
2018-09-28,14.266666666666666,8.416666666666666,161.04166666666666,18.78333333333333,3.6791666666666663,42.625,0.0,30.625,17.5,Partly cloudy,0.12,21,17,06:57:00,18:52:00,21:2:00,10:3:00,27,73,1019,0
2018-09-29,22.34166666666667,12.479166666666666,189.875,26.2625,7.583333333333333,32.375,0.2916666666666667,42.458333333333336,20.5,Overcast,0.0,23,18,06:58:00,18:50:00,21:39:00,11:8:00,14,75,1014,0
2018-09-30,15.695833333333333,10.4,152.875,19.041666666666668,4.545833333333333,46.16666666666666,0.375,50.79166666666666,25.125,Overcast,0.96,20,19,06:59:00,18:48:00,22:21:00,0:14:00,27,81,1016,0
2018-10-01,18.441666666666663,12.295833333333334,219.04166666666663,28.8875,11.45,36.833333333333336,0.4166666666666667,41.75,20.25,Partly cloudy,0.7,24,19,07:01:00,18:46:00,23:12:00,13:19:00,17,72,1010,0
2018-10-02,18.279166666666665,12.733333333333334,224.45833333333331,27.525,10.358333333333333,34.75,0.0,51.375,25.58333333333333,Partly cloudy,1.18,22,19,07:02:00,18:45:00,,14:20:00,15,72,1016,0
2018-10-03,44.90416666666667,32.083333333333336,323.4583333333333,51.54166666666666,18.9375,15.333333333333334,0.0,73.08333333333333,48.625,Sunny,0.02,22,20,07:03:00,18:43:00,12:9:00,15:16:00,6,72,1019,0
2018-10-04,41.704166666666666,25.0,271.375,38.49166666666667,11.879166666666668,24.166666666666668,0.0,88.91666666666667,64.25,Sunny,2.38,20,18,07:04:00,18:41:00,1:13:00,16:6:00,15,61,1024,1
2018-10-05,27.20833333333333,16.254166666666666,202.66666666666663,25.754166666666663,5.041666666666667,33.208333333333336,0.0,66.625,41.583333333333336,Sunny,0.0,20,17,07:05:00,18:40:00,2:21:00,16:50:00,26,59,1028,0
2018-10-06,16.45,9.283333333333331,176.79166666666666,19.166666666666668,4.075,41.25,0.0,46.958333333333336,23.58333333333333,Sunny,0.0,20,16,07:06:00,18:38:00,3:33:00,17:29:00,25,70,1023,0
2018-10-07,22.025,11.5375,213.91666666666663,23.02916666666667,6.079166666666667,35.25,0.0,44.625,21.20833333333333,Sunny,0.0,21,17,07:07:00,18:36:00,4:45:00,18:3:00,18,75,1016,0
2018-10-08,30.191666666666663,17.320833333333333,259.125,36.7,10.4125,24.83333333333333,0.0,54.458333333333336,28.291666666666668,Sunny,0.0,21,17,07:08:00,18:35:00,5:57:00,18:36:00,13,71,1017,0
2018-10-09,22.1125,12.529166666666669,189.33333333333331,24.883333333333336,5.816666666666666,38.91666666666666,0.0,57.04166666666666,30.70833333333333,Cloudy,0.17,20,18,07:09:00,18:33:00,7:7:00,19:8:00,23,71,1019,0
2018-10-10,30.825,17.491666666666667,208.08333333333331,25.416666666666668,6.008333333333333,39.41666666666666,0.0416666666666666,54.0,27.75,Partly cloudy,0.25,21,17,07:10:00,18:32:00,8:15:00,19:40:00,22,71,1021,0
2018-10-11,33.69583333333333,22.08333333333333,203.875,27.945833333333336,6.708333333333333,26.83333333333333,2.0416666666666665,70.75,47.625,Overcast,2.78,20,17,07:11:00,18:30:00,9:23:00,20:14:00,18,81,1020,0
2018-10-12,37.458333333333336,22.254166666666663,206.0,33.166666666666664,6.270833333333333,25.58333333333333,4.166666666666667,69.58333333333333,44.833333333333336,Cloudy,0.13,21,17,07:12:00,18:28:00,10:27:00,20:50:00,21,80,1021,0
2018-10-13,32.19166666666667,16.879166666666666,170.75,18.9875,4.016666666666667,40.66666666666666,1.9583333333333333,65.91666666666667,40.0,Overcast,0.05,19,18,07:13:00,18:27:00,11:29:00,21:30:00,25,78,1022,0
2018-10-14,30.5,16.629166666666666,169.75,18.375,4.45,38.833333333333336,1.4166666666666667,59.083333333333336,32.333333333333336,Cloudy,0.71,20,18,07:14:00,18:25:00,0:27:00,22:13:00,21,82,1021,0
2018-10-15,31.066666666666663,15.8625,185.875,25.1625,5.9,40.625,1.375,59.04166666666666,32.375,Cloudy,0.78,20,17,07:16:00,18:24:00,13:20:00,23:1:00,19,79,1020,0
2018-10-16,30.870833333333334,16.204166666666666,211.54166666666663,30.2625,6.8375,37.75,1.5833333333333333,59.75,33.125,Partly cloudy,0.12,20,17,07:17:00,18:22:00,14:8:00,23:52:00,14,81,1020,0
2018-10-17,34.8125,19.366666666666667,203.16666666666663,25.625,6.883333333333333,43.75,2.125,61.16666666666666,34.458333333333336,Thundery outbreaks possible,0.14,20,18,07:19:00,18:19:00,15:29:00,12:46:00,13,84,1016,0
2018-10-18,41.75,24.191666666666663,222.0,27.89583333333333,8.8125,36.458333333333336,2.833333333333333,70.95833333333333,47.458333333333336,Thundery outbreaks possible,0.14,20,18,07:19:00,18:19:00,15:29:00,12:46:00,13,84,1016,0
2018-10-19,60.37083333333334,27.10833333333333,233.16666666666663,34.6,11.883333333333333,25.291666666666668,3.9166666666666665,76.875,58.66666666666666,Partly cloudy,0.0,20,17,07:20:00,18:18:00,16:3:00,1:43:00,8,84,1016,1
2018-10-20,58.7375,32.93333333333333,232.83333333333331,34.204166666666666,8.549999999999999,27.0,3.375,91.5,65.91666666666667,Partly cloudy,0.0,19,16,07:22:00,18:15:00,17:3:00,3:41:00,13,73,1017,1
2018-10-21,52.083333333333336,38.2625,236.125,23.7,7.283333333333334,42.25,1.8333333333333333,95.58333333333331,66.70833333333333,Partly cloudy,0.0,19,16,07:22:00,18:15:00,17:3:00,3:41:00,13,73,1017,1
2018-10-22,57.125,46.79166666666666,244.125,29.05,7.45,36.333333333333336,1.4166666666666667,125.66666666666669,76.54166666666667,Partly cloudy,0.0,19,16,07:23:00,18:13:00,17:31:00,4:41:00,19,77,1019,1
2018-10-23,56.325,43.20416666666667,216.625,25.8875,7.1125,42.958333333333336,1.9583333333333333,120.83333333333331,75.25,Cloudy,0.12,19,16,07:25:00,18:12:00,18:0:00,5:43:00,16,78,1017,1
2018-10-24,55.74166666666667,41.68333333333333,276.0416666666667,37.40833333333333,13.208333333333334,28.291666666666668,1.5,117.83333333333331,74.04166666666667,Sunny,0.0,19,16,07:26:00,18:11:00,18:29:00,6:46:00,15,73,1005,1
2018-10-25,23.120833333333334,15.6625,187.875,20.754166666666663,7.375,40.958333333333336,0.0416666666666666,89.5,59.75,Sunny,0.0,13,11,07:27:00,18:9:00,19:1:00,7:52:00,23,48,1011,1
2018-10-26,33.8875,23.825,219.16666666666663,36.79166666666666,9.504166666666666,30.83333333333333,0.0,66.29166666666667,42.54166666666666,Partly cloudy,0.0,17,13,07:28:00,18:8:00,19:38:00,8:58:00,20,47,1018,0
2018-10-27,23.508333333333336,13.883333333333333,211.625,35.612500000000004,7.908333333333334,31.0,0.0,60.66666666666666,35.416666666666664,Sunny,0.0,19,15,07:29:00,18:7:00,20:19:00,10:6:00,14,50,1021,0
2018-10-28,34.4375,23.73333333333333,203.20833333333331,41.2375,8.416666666666666,26.70833333333333,0.0,66.54166666666667,42.333333333333336,Sunny,0.0,20,16,07:30:00,18:5:00,21:7:00,11:13:00,12,52,1023,0
2018-10-29,46.15833333333333,32.079166666666666,283.75,59.8875,13.233333333333334,24.25,0.0,82.95833333333333,61.5,Sunny,0.0,20,17,07:31:00,18:4:00,22:3:00,0:16:00,8,63,1022,1
2018-10-30,67.19166666666666,49.20416666666667,344.2916666666667,76.55416666666666,17.845833333333335,13.625,0.0,111.91666666666669,72.29166666666667,Sunny,0.0,19,17,07:33:00,18:3:00,23:5:00,13:14:00,6,60,1021,1
2018-10-31,73.80416666666666,51.25416666666666,358.9583333333333,74.87083333333334,19.120833333333334,13.458333333333334,1.875,136.5,80.08333333333333,Sunny,0.0,20,17,07:34:00,18:1:00,,14:5:00,5,59,1024,1
2018-11-01,80.33333333333333,54.66666666666666,345.7916666666667,64.22083333333333,24.2625,18.0,2.75,150.25,86.04166666666667,Sunny,0.0,21,17,07:35:00,18:0:00,12:11:00,14:50:00,13,61,1026,1
2018-11-02,25.4875,15.5125,205.375,22.15833333333333,7.070833333333333,45.75,0.4166666666666667,90.66666666666669,56.91666666666666,Sunny,0.0,18,16,07:36:00,17:59:00,1:21:00,15:29:00,22,83,1026,1
2018-11-03,21.279166666666665,12.125,178.54166666666666,19.9125,5.195833333333334,44.583333333333336,1.7083333333333333,54.0,27.75,Cloudy,0.0,18,15,07:37:00,17:58:00,2:31:00,16:4:00,24,76,1025,0
2018-11-04,25.53333333333333,14.2,202.875,20.1875,8.491666666666667,38.41666666666666,1.0833333333333333,52.208333333333336,26.041666666666668,Sunny,0.0,19,16,07:39:00,17:57:00,3:41:00,16:36:00,22,78,1023,0
2018-11-05,23.791666666666668,13.4875,189.33333333333331,22.304166666666664,6.666666666666667,44.375,1.75,54.625,28.25,Sunny,0.0,17,15,07:40:00,17:56:00,4:49:00,17:7:00,22,76,1021,0
2018-11-06,25.004166666666663,12.883333333333333,219.41666666666663,24.72083333333333,6.929166666666667,35.166666666666664,2.625,51.75,25.70833333333333,Cloudy,0.04,17,15,07:41:00,17:55:00,5:57:00,17:38:00,21,78,1020,0
2018-11-07,21.4875,10.929166666666667,220.25,23.979166666666668,7.283333333333334,35.125,1.7916666666666667,49.66666666666666,24.20833333333333,Partly cloudy,0.08,17,15,07:42:00,17:53:00,7:5:00,18:10:00,19,76,1021,0
2018-11-08,25.791666666666668,14.833333333333334,251.91666666666663,30.55,10.3125,26.58333333333333,1.125,51.958333333333336,26.20833333333333,Partly cloudy,0.23,17,14,07:43:00,17:52:00,8:10:00,18:44:00,16,79,1020,0
2018-11-09,21.745833333333334,13.558333333333332,223.04166666666663,30.97083333333333,9.6125,30.791666666666668,1.0,53.333333333333336,27.125,Partly cloudy,0.02,17,14,07:45:00,17:51:00,9:14:00,19:23:00,19,77,1020,0
2018-11-10,19.445833333333333,10.641666666666667,229.0,27.15833333333333,7.1000000000000005,35.833333333333336,0.8333333333333334,51.375,25.625,Partly cloudy,0.0,17,14,07:46:00,17:50:00,10:15:00,20:5:00,19,79,1019,0
2018-11-11,26.77916666666667,16.429166666666667,255.375,31.97083333333333,9.1625,34.166666666666664,1.0416666666666667,50.54166666666666,25.45833333333333,Sunny,0.0,18,14,07:47:00,17:49:00,11:11:00,20:51:00,13,77,1022,0
2018-11-12,27.4875,17.108333333333334,213.54166666666663,29.016666666666666,7.595833333333334,33.916666666666664,0.8333333333333334,63.458333333333336,36.625,Sunny,0.0,17,14,07:48:00,17:49:00,0:2:00,21:42:00,20,73,1027,0
2018-11-13,20.391666666666666,12.083333333333334,199.375,25.429166666666664,5.808333333333334,34.541666666666664,0.5416666666666666,53.79166666666666,27.541666666666668,Cloudy,0.46,15,12,07:49:00,17:48:00,0:47:00,22:35:00,25,70,1028,0
2018-11-14,15.75,10.391666666666667,191.0,24.979166666666668,6.2125,32.875,0.0,44.083333333333336,21.25,Cloudy,1.22,12,11,07:50:00,17:47:00,13:28:00,23:31:00,19,69,1024,0
2018-11-15,21.154166666666665,15.941666666666668,248.75,35.020833333333336,12.341666666666669,19.70833333333333,0.2083333333333333,54.625,28.416666666666668,Overcast,11.76,11,9,07:52:00,17:46:00,14:3:00,,18,77,1020,0
2018-11-16,13.6875,9.5625,197.75,23.179166666666664,6.695833333333333,24.291666666666668,1.3333333333333333,47.708333333333336,23.916666666666668,Light rain shower,2.75,11,9,07:53:00,17:45:00,14:34:00,12:28:00,28,76,1024,0
2018-11-17,18.5875,13.745833333333332,196.45833333333331,25.741666666666664,5.858333333333333,26.416666666666668,1.5833333333333333,49.833333333333336,24.791666666666668,Overcast,0.0,12,9,07:54:00,17:44:00,15:4:00,1:27:00,24,75,1026,0
2018-11-18,14.65,10.358333333333333,194.45833333333331,23.629166666666663,10.479166666666666,29.75,1.1666666666666667,48.41666666666666,23.75,Cloudy,4.39,14,12,07:55:00,17:44:00,15:32:00,2:25:00,25,72,1020,0
2018-11-19,26.6,18.22083333333333,247.20833333333331,43.88333333333333,9.883333333333333,17.541666666666668,2.0416666666666665,48.333333333333336,24.5,Overcast,3.05,17,12,07:56:00,17:43:00,15:59:00,3:27:00,13,80,1013,0
2018-11-20,22.416666666666668,13.591666666666669,249.04166666666663,31.3875,12.383333333333333,18.875,1.125,61.208333333333336,34.541666666666664,Overcast,0.25,13,11,07:57:00,17:42:00,16:28:00,4:28:00,16,83,1020,0
2018-11-21,50.0625,31.620833333333334,350.5416666666667,36.4625,16.5625,7.166666666666667,5.041666666666667,67.79166666666667,43.29166666666666,Overcast,0.59,16,13,07:58:00,17:41:00,16:59:00,5:34:00,7,82,1013,0
2018-11-22,37.78333333333333,25.55,288.8333333333333,30.120833333333334,11.504166666666668,19.20833333333333,3.25,101.25,68.54166666666667,Overcast,2.65,14,11,08:00:00,17:41:00,17:33:00,6:40:00,24,84,1016,1
2018-11-23,21.725,12.9375,197.79166666666663,25.491666666666664,5.779166666666666,32.25,0.4166666666666667,54.91666666666666,29.95833333333333,Cloudy,0.14,11,10,08:02:00,17:40:00,18:59:00,8:59:00,19,70,1024,0
2018-11-24,20.8125,13.041666666666666,205.41666666666663,29.525,6.5625,30.70833333333333,0.2083333333333333,52.04166666666666,25.875,Cloudy,0.14,11,10,08:02:00,17:40:00,18:59:00,8:59:00,19,70,1024,0
2018-11-25,41.5375,29.03333333333333,311.125,45.48333333333333,17.8875,11.625,0.0,68.25,44.333333333333336,Sunny,0.0,12,9,08:03:00,17:39:00,19:53:00,10:6:00,5,75,1019,0
2018-11-26,38.21666666666667,28.65416666666667,227.41666666666663,37.083333333333336,10.345833333333331,21.291666666666668,1.4583333333333333,88.125,63.875,Partly cloudy,0.34,16,12,08:04:00,17:39:00,20:55:00,11:8:00,22,67,1010,1
2018-11-27,22.09583333333333,14.108333333333334,199.20833333333331,28.541666666666668,8.054166666666667,36.125,4.25,68.91666666666667,45.083333333333336,Partly cloudy,0.0,17,16,08:05:00,17:38:00,22:2:00,0:4:00,26,73,1008,0
2018-11-28,25.916666666666668,17.650000000000002,215.875,34.800000000000004,6.8875,24.666666666666668,2.458333333333333,62.66666666666666,35.875,Overcast,6.64,16,9,08:06:00,17:38:00,23:12:00,0:51:00,26,83,1011,0
2018-11-29,9.616666666666667,5.979166666666667,197.16666666666663,19.808333333333334,3.875,34.375,0.0,38.375,20.08333333333333,Overcast,0.0,9,8,08:07:00,17:37:00,,13:32:00,44,79,1023,0
2018-11-30,10.566666666666666,7.075,194.91666666666663,21.383333333333336,4.383333333333334,38.54166666666666,0.0,28.83333333333333,16.416666666666668,Overcast,0.0,9,6,08:08:00,17:37:00,12:22:00,14:7:00,37,78,1021,0
2018-12-01,23.89583333333333,16.75,247.08333333333331,29.3125,9.3625,22.041666666666668,0.0,40.75,20.125,Cloudy,0.05,7,5,08:09:00,17:37:00,1:32:00,14:39:00,16,78,1023,0
2018-12-02,28.72083333333333,19.754166666666663,240.875,34.3375,9.579166666666667,19.791666666666668,0.0,68.75,43.91666666666666,Partly cloudy,0.0,11,7,08:10:00,17:37:00,2:39:00,15:10:00,17,78,1022,0
2018-12-03,30.8125,19.779166666666665,284.2083333333333,40.275,16.116666666666667,15.875,0.0,63.083333333333336,36.208333333333336,Partly cloudy,0.0,13,9,08:11:00,17:36:00,3:47:00,15:40:00,16,81,1017,0
2018-12-04,28.025,16.462500000000002,259.6666666666667,33.90833333333333,10.575,23.5,0.0,65.75,39.04166666666666,Overcast,0.0,12,10,08:12:00,17:36:00,4:52:00,16:10:00,19,86,1012,0
2018-12-05,18.3,12.5,228.625,26.89583333333333,5.895833333333333,29.5,0.0,55.333333333333336,29.08333333333333,Overcast,7.39,12,9,08:13:00,17:36:00,5:57:00,16:43:00,27,87,1015,0
2018-12-06,16.8125,9.695833333333333,204.95833333333331,20.066666666666663,4.625,33.75,0.0,47.375,22.916666666666668,Overcast,0.0,8,6,08:14:00,17:36:00,7:1:00,17:19:00,37,76,1021,0
2018-12-07,20.304166666666667,12.516666666666666,244.95833333333331,28.129166666666663,7.445833333333333,37.583333333333336,0.0,37.54166666666666,20.041666666666668,Sunny,0.05,6,5,08:15:00,17:36:00,8:3:00,17:59:00,15,59,1023,0
2018-12-08,52.395833333333336,31.791666666666668,311.7916666666667,52.4,17.337500000000002,12.708333333333334,0.0,76.04166666666667,52.583333333333336,Sunny,0.0,10,5,08:16:00,17:36:00,9:1:00,18:43:00,9,54,1016,1
2018-12-09,43.7,31.941666666666663,252.125,51.2125,11.05,14.708333333333334,0.0,94.08333333333331,66.08333333333333,Cloudy,0.0,13,10,08:17:00,17:36:00,9:55:00,19:32:00,15,56,1011,1
2018-12-10,28.47083333333333,22.758333333333336,254.25,42.05833333333333,11.866666666666667,17.416666666666668,0.0,77.5,55.708333333333336,Partly cloudy,7.16,12,9,08:18:00,17:36:00,10:43:00,20:24:00,20,83,1004,1
2018-12-11,19.445833333333333,14.4875,293.7916666666667,33.145833333333336,15.8125,24.625,0.0,63.083333333333336,37.41666666666666,Cloudy,6.2,9,7,08:19:00,17:36:00,11:25:00,21:20:00,17,72,1011,0
2018-12-12,26.133333333333336,17.729166666666668,305.75,40.329166666666666,13.416666666666666,19.58333333333333,0.0,61.66666666666666,34.833333333333336,Partly cloudy,4.51,7,6,08:19:00,17:36:00,0:2:00,22:16:00,16,68,1017,0
2018-12-13,28.195833333333336,20.33333333333333,251.0,38.083333333333336,13.520833333333334,22.70833333333333,0.0,68.20833333333333,43.29166666666666,Sunny,0.0,9,6,08:20:00,17:36:00,0:35:00,23:14:00,15,53,1022,0
2018-12-14,48.35416666666666,29.85833333333333,341.375,59.44166666666666,20.07916666666667,10.291666666666666,0.0,66.5,41.708333333333336,Overcast,0.0,10,7,08:21:00,17:37:00,13:5:00,,10,68,1021,0
2018-12-15,54.15,35.4625,284.875,59.333333333333336,11.633333333333333,5.875,1.5833333333333333,106.875,70.5,Partly cloudy,0.0,13,11,08:22:00,17:37:00,14:0:00,1:11:00,11,75,1015,1
2018-12-16,49.85833333333333,34.43333333333333,271.125,61.825,11.9875,6.875,1.1666666666666667,99.41666666666669,68.08333333333333,Partly cloudy,0.0,13,11,08:22:00,17:37:00,14:0:00,1:11:00,11,75,1015,1
2018-12-17,41.9625,29.629166666666663,415.5416666666667,44.5,21.554166666666664,10.125,0.3333333333333333,91.25,65.25,Cloudy,0.0,12,11,08:23:00,17:37:00,14:27:00,2:11:00,5,84,1014,1
2018-12-18,17.5125,11.666666666666666,312.3333333333333,28.558333333333334,9.6125,19.25,0.0,68.0,44.0,Overcast,3.88,11,9,08:24:00,17:38:00,14:56:00,3:14:00,27,89,1016,0
2018-12-19,8.65,5.870833333333334,216.54166666666663,17.504166666666666,4.904166666666667,24.33333333333333,0.0,29.875,14.833333333333334,Overcast,3.99,7,3,08:24:00,17:38:00,15:28:00,4:18:00,38,85,1021,0
2018-12-20,24.175,16.683333333333334,276.1666666666667,26.495833333333334,9.720833333333331,16.0,0.2916666666666667,37.583333333333336,18.416666666666668,Partly cloudy,0.06,6,3,08:25:00,17:39:00,16:4:00,5:26:00,15,80,1028,0
2018-12-21,36.704166666666666,24.95,422.0,33.90833333333333,24.7125,8.916666666666666,0.0,71.75,49.583333333333336,Sunny,0.0,9,5,08:25:00,17:39:00,16:46:00,6:35:00,6,78,1027,0
2018-12-22,37.06666666666667,28.33333333333333,269.9583333333333,32.99166666666667,15.141666666666666,16.916666666666668,0.0833333333333333,82.08333333333333,61.66666666666666,Sunny,0.0,11,7,08:26:00,17:40:00,17:38:00,7:45:00,17,76,1023,1
2018-12-23,38.5,29.041666666666668,262.9166666666667,38.0875,9.179166666666667,20.25,0.125,87.33333333333333,63.583333333333336,Partly cloudy,0.56,12,10,08:26:00,17:40:00,18:37:00,8:52:00,19,75,1021,1
2018-12-24,46.04166666666666,35.85,255.54166666666663,40.82083333333333,11.583333333333334,21.541666666666668,0.0416666666666666,94.29166666666669,66.20833333333333,Partly cloudy,0.03,14,10,08:27:00,17:41:00,19:45:00,9:53:00,22,70,1016,1
2018-12-25,17.325,11.608333333333334,235.54166666666663,24.65,6.4625,32.208333333333336,0.0,75.20833333333333,48.875,Overcast,18.56,12,5,08:27:00,17:41:00,20:57:00,10:46:00,25,73,1018,0
2018-12-26,18.1625,13.029166666666669,306.0416666666667,28.829166666666666,9.975,22.541666666666668,0.0,43.16666666666666,20.95833333333333,Partly cloudy,0.33,5,4,08:27:00,17:42:00,22:10:00,11:31:00,17,61,1024,0
2018-12-27,55.0875,39.18333333333333,402.375,48.93333333333334,19.008333333333333,10.25,0.0,83.45833333333333,55.5,Partly cloudy,0.41,7,3,08:28:00,17:43:00,23:22:00,0:9:00,9,65,1024,1
2018-12-28,49.0875,31.625,411.375,48.25416666666666,21.925,13.166666666666666,0.0,99.79166666666669,68.25,Sunny,0.01,8,5,08:28:00,17:43:00,,0:43:00,6,65,1023,1
2018-12-29,33.17916666666667,24.258333333333336,299.625,41.35416666666666,13.566666666666668,18.666666666666668,0.0,83.25,61.583333333333336,Overcast,7.46,8,7,08:28:00,17:44:00,12:31:00,13:14:00,13,78,1020,1
2018-12-30,18.1625,15.2375,325.7916666666667,33.15833333333333,11.55,18.666666666666668,0.0,66.16666666666667,41.25,Cloudy,1.19,7,7,08:29:00,17:45:00,1:39:00,13:44:00,9,74,1023,0
2018-12-31,40.73333333333333,31.46666666666667,337.0833333333333,48.96666666666667,20.4,12.666666666666666,0.0,73.33333333333333,49.25,Cloudy,0.0,9,7,08:29:00,17:46:00,3:50:00,14:45:00,31,67,1021,0
2019-01-01,25.941666666666663,19.758333333333333,267.2916666666667,28.725,9.320833333333333,28.45833333333333,0.0,81.375,58.0,Cloudy,0.0,9,7,08:29:00,17:46:00,3:50:00,14:45:00,31,67,1021,1
2019-01-02,24.116666666666664,16.895833333333332,303.7083333333333,41.00833333333333,10.370833333333334,25.041666666666668,0.0,61.5,34.875,Light drizzle,1.2,8,7,08:29:00,17:47:00,4:53:00,15:20:00,13,75,1013,0
2019-01-03,25.2875,18.916666666666668,270.7916666666667,33.925000000000004,7.0375000000000005,21.75,0.0,64.83333333333333,37.875,Light drizzle,14.5,8,6,08:29:00,17:48:00,5:54:00,15:57:00,26,74,1010,0
2019-01-04,14.058333333333332,10.325,232.58333333333331,20.8875,3.995833333333333,34.375,0.0,53.04166666666666,27.625,Light sleet,27.5,5,5,08:29:00,17:49:00,6:53:00,16:39:00,32,76,1016,0
2019-01-05,15.266666666666666,11.304166666666667,218.04166666666663,22.229166666666668,3.391666666666667,38.958333333333336,0.0,44.375,21.375,Moderate or heavy rain with thunder,14.8,6,5,08:29:00,17:50:00,7:48:00,17:26:00,28,80,1016,0
2019-01-06,16.26666666666667,13.641666666666666,259.1666666666667,25.35833333333333,6.1375,32.875,0.0,49.91666666666666,24.33333333333333,Cloudy,0.3,5,4,08:29:00,17:51:00,8:38:00,18:17:00,17,68,1011,0
2019-01-07,21.2,17.004166666666666,254.95833333333331,22.929166666666664,5.8500000000000005,30.25,0.0,59.04166666666666,32.666666666666664,Moderate snow,8.4,3,3,08:29:00,17:52:00,9:23:00,19:11:00,25,75,1018,0
2019-01-08,20.67083333333333,16.3875,271.0416666666667,22.508333333333336,5.2875000000000005,34.083333333333336,0.0,57.708333333333336,31.166666666666668,Moderate or heavy snow showers,1.4,3,2,08:29:00,17:53:00,10:2:00,20:7:00,24,73,1020,0
2019-01-09,29.741666666666664,22.245833333333334,260.625,28.125,7.3625,30.625,0.0,71.29166666666667,48.79166666666666,Partly cloudy,1.4,7,3,08:29:00,17:54:00,10:36:00,21:5:00,25,62,1015,0
2019-01-10,22.879166666666663,14.254166666666668,207.875,20.991666666666667,7.145833333333333,46.04166666666666,1.2083333333333333,61.125,34.916666666666664,Moderate or heavy rain with thunder,9.4,12,10,08:28:00,17:55:00,11:7:00,22:3:00,33,69,1009,0
2019-01-11,17.841666666666665,12.804166666666667,236.41666666666663,30.2,5.158333333333333,40.0,1.9166666666666667,47.0,24.08333333333333,Heavy rain,42.0,11,9,08:28:00,17:56:00,11:36:00,23:1:00,26,84,1013,0
2019-01-12,24.8375,21.879166666666663,288.7083333333333,29.1625,5.104166666666667,30.041666666666668,0.0,64.58333333333333,39.04166666666666,Light rain,10.7,6,5,08:28:00,17:57:00,0:2:00,23:59:00,25,82,1014,0
2019-01-13,22.77916666666667,18.433333333333334,292.9166666666667,30.320833333333336,7.054166666666667,34.75,0.0,65.375,39.04166666666666,Overcast,0.1,5,4,08:28:00,17:58:00,0:28:00,,17,73,1011,0
2019-01-14,38.24166666666667,31.0375,303.9166666666667,44.4,10.158333333333331,19.20833333333333,0.3333333333333333,82.0,57.5,Patchy rain possible,0.8,9,6,08:27:00,17:59:00,0:55:00,12:59:00,18,73,1004,1
2019-01-15,26.4,20.98333333333333,262.4166666666667,34.00416666666667,8.758333333333333,26.791666666666668,0.0833333333333333,79.58333333333333,58.25,Moderate or heavy sleet,10.7,7,4,08:27:00,18:0:00,13:25:00,2:1:00,27,75,1003,1
2019-01-16,21.77083333333333,13.920833333333334,247.41666666666663,24.53333333333333,5.854166666666667,37.91666666666666,0.0,56.875,30.5,Cloudy,0.3,6,3,08:26:00,18:1:00,13:57:00,3:5:00,22,61,1016,0
2019-01-17,27.5125,18.4,266.5416666666667,45.8625,10.770833333333334,27.08333333333333,0.0,59.333333333333336,32.708333333333336,Partly cloudy,0.0,10,7,08:26:00,18:2:00,14:35:00,4:11:00,16,67,1020,0
2019-01-18,39.204166666666666,27.375,255.91666666666663,50.40833333333333,13.0,22.875,0.0,75.04166666666667,53.375,Partly cloudy,0.0,12,9,08:26:00,18:3:00,15:21:00,5:20:00,16,65,1019,1
2019-01-19,40.67916666666667,27.195833333333336,271.4166666666667,45.0875,11.058333333333332,19.791666666666668,0.0,79.58333333333333,60.5,Cloudy,0.0,13,10,08:25:00,18:5:00,16:15:00,6:28:00,14,75,1020,1
2019-01-20,44.44583333333333,34.65,292.1666666666667,51.3,10.620833333333334,12.666666666666666,0.25,94.04166666666669,66.25,Cloudy,0.0,13,10,08:24:00,18:6:00,17:20:00,7:33:00,11,70,1019,1
2019-01-21,42.4875,31.729166666666668,282.4583333333333,44.1625,11.591666666666669,14.958333333333334,0.9166666666666666,95.54166666666669,66.625,Patchy rain possible,0.2,10,8,08:24:00,18:7:00,18:31:00,8:30:00,15,77,1017,1
2019-01-22,31.05,19.28333333333333,310.4166666666667,35.237500000000004,6.983333333333333,24.25,0.25,73.91666666666667,49.75,Cloudy,0.0,10,7,08:23:00,18:8:00,19:46:00,9:21:00,17,79,1018,0
2019-01-23,49.7875,35.55416666666667,244.5,49.34583333333333,10.645833333333334,14.666666666666666,7.708333333333333,93.58333333333331,63.583333333333336,Moderate rain,4.7,13,10,08:23:00,18:9:00,21:2:00,10:4:00,16,73,1009,1
2019-01-24,35.62083333333333,23.15833333333333,231.16666666666663,48.32083333333333,9.525,16.708333333333332,5.958333333333333,78.08333333333333,54.083333333333336,Thundery outbreaks possible,0.1,14,11,08:22:00,18:11:00,22:15:00,10:41:00,22,66,1000,1
2019-01-25,42.67916666666667,24.754166666666663,263.375,49.145833333333336,10.370833333333334,19.25,8.541666666666666,74.375,53.833333333333336,Light drizzle,0.6,14,10,08:21:00,18:12:00,23:27:00,11:15:00,19,68,1005,1
2019-01-26,103.18333333333334,49.90833333333333,264.75,48.225,9.9875,16.375,47.125,96.33333333333331,67.16666666666667,Light rain,3.4,14,11,08:20:00,18:13:00,,11:46:00,13,67,1002,1
2019-01-27,37.96666666666667,21.375,290.2916666666667,30.379166666666663,6.1375,18.625,13.0,116.83333333333331,73.875,Light rain,1.5,8,7,08:20:00,18:14:00,12:35:00,0:17:00,15,82,1007,1
2019-01-28,49.46666666666667,33.854166666666664,308.4583333333333,42.89166666666667,10.441666666666666,12.291666666666666,10.0,75.625,50.708333333333336,Partly cloudy,0.0,13,9,08:19:00,18:15:00,1:42:00,0:48:00,10,77,1010,1
2019-01-29,39.270833333333336,24.004166666666663,272.9166666666667,47.15416666666667,12.504166666666668,25.791666666666668,5.541666666666667,93.08333333333331,65.70833333333333,Partly cloudy,0.0,15,12,08:18:00,18:17:00,2:46:00,13:22:00,17,66,1010,1
2019-01-30,41.82083333333333,22.59583333333333,276.4166666666667,50.1,11.870833333333332,14.916666666666666,7.875,72.70833333333333,50.708333333333336,Cloudy,0.0,14,11,08:17:00,18:18:00,3:48:00,13:58:00,11,63,1007,1
2019-01-31,24.7125,14.241666666666667,231.33333333333331,32.61666666666667,7.1375,36.41666666666666,4.0,63.458333333333336,37.333333333333336,Moderate rain,7.6,14,11,08:16:00,18:19:00,4:48:00,14:38:00,23,68,1005,0
2019-02-01,17.8125,11.425,232.625,31.779166666666665,7.279166666666668,41.083333333333336,0.5416666666666666,47.958333333333336,24.95833333333333,Patchy light drizzle,3.4,12,10,08:15:00,18:20:00,5:44:00,15:23:00,25,68,1014,0
2019-02-02,33.47083333333333,19.004166666666663,228.95833333333331,43.520833333333336,9.233333333333333,31.541666666666668,0.0,59.79166666666666,33.458333333333336,Partly cloudy,0.0,15,11,08:14:00,18:22:00,6:35:00,16:12:00,14,67,1019,0
2019-02-03,37.72916666666666,25.479166666666668,254.91666666666663,58.42083333333333,14.420833333333334,15.75,0.2083333333333333,70.54166666666667,47.208333333333336,Partly cloudy,0.0,17,12,08:13:00,18:23:00,7:21:00,17:5:00,10,60,1019,0
2019-02-04,67.66250000000001,46.30416666666667,334.0,68.16666666666667,21.14166666666667,10.375,0.4583333333333333,104.29166666666669,69.41666666666667,Partly cloudy,0.0,18,14,08:12:00,18:24:00,8:2:00,18:1:00,7,61,1020,1
2019-02-05,42.645833333333336,28.491666666666664,286.1666666666667,39.63333333333333,10.1875,27.625,0.5833333333333334,105.70833333333331,70.0,Sunny,0.0,14,12,08:11:00,18:25:00,8:37:00,18:58:00,17,70,1020,1
2019-02-06,26.20833333333333,18.35,253.91666666666663,23.1875,5.908333333333334,37.75,1.4166666666666667,71.875,48.0,Light rain,1.5,12,11,08:10:00,18:27:00,9:10:00,19:56:00,23,81,1016,0
2019-02-07,23.60833333333333,16.508333333333333,268.25,20.02083333333333,4.920833333333333,28.916666666666668,2.25,60.958333333333336,34.416666666666664,Light rain,2.4,9,7,08:09:00,18:28:00,9:39:00,20:54:00,29,76,1020,0
2019-02-08,17.083333333333332,11.9375,266.75,26.025,4.404166666666667,31.166666666666668,1.1666666666666667,53.333333333333336,27.33333333333333,Cloudy,0.0,8,6,08:08:00,18:29:00,10:6:00,21:52:00,15,64,1021,0
2019-02-09,26.416666666666668,17.704166666666666,246.45833333333331,23.1375,4.858333333333333,32.666666666666664,0.75,57.0,30.70833333333333,Partly cloudy,0.0,11,7,08:07:00,18:30:00,10:31:00,22:51:00,8,64,1023,0
2019-02-10,41.84166666666667,31.383333333333336,334.2916666666667,48.55833333333334,9.329166666666667,17.458333333333332,1.25,78.20833333333333,54.375,Partly cloudy,0.0,10,7,08:05:00,18:32:00,10:58:00,23:51:00,6,67,1022,1
2019-02-11,47.5125,34.291666666666664,264.9583333333333,40.34166666666667,9.720833333333331,25.25,2.958333333333333,93.66666666666669,66.0,Partly cloudy,0.0,14,9,08:04:00,18:33:00,11:26:00,,15,64,1016,1
2019-02-12,31.84583333333333,19.025,232.54166666666663,29.383333333333336,6.341666666666666,44.708333333333336,1.0,80.70833333333333,55.375,Moderate rain at times,15.7,14,11,08:03:00,18:34:00,11:56:00,12:52:00,26,73,1011,1
2019-02-13,17.975,12.904166666666669,251.0,22.77083333333333,4.1125,27.5,0.0,61.41666666666666,34.75,Moderate rain,15.0,8,8,08:02:00,18:35:00,0:30:00,1:56:00,34,79,1020,0
2019-02-14,18.829166666666666,10.804166666666667,223.16666666666663,16.316666666666666,3.575,45.25,0.0,40.958333333333336,20.0,Overcast,0.8,8,7,08:01:00,18:37:00,13:10:00,3:1:00,34,68,1024,0
2019-02-15,18.841666666666665,11.7125,228.66666666666663,18.675,4.604166666666667,40.04166666666666,0.0,50.54166666666666,24.791666666666668,Light rain shower,3.0,8,7,07:59:00,18:38:00,13:59:00,4:7:00,32,70,1022,0
2019-02-16,24.125,14.35,232.54166666666663,19.6625,4.8375,41.833333333333336,0.0,48.958333333333336,23.75,Light rain shower,0.8,8,7,07:58:00,18:39:00,14:56:00,5:12:00,28,69,1027,0
2019-02-17,28.34583333333333,18.745833333333334,283.625,36.829166666666666,6.729166666666667,27.666666666666668,0.25,59.958333333333336,33.458333333333336,Partly cloudy,0.0,10,6,07:57:00,18:40:00,16:3:00,6:12:00,14,66,1027,0
2019-02-18,81.3625,60.17083333333333,436.0,71.575,18.154166666666665,9.541666666666666,1.4583333333333333,108.0,67.41666666666667,Partly cloudy,0.0,14,9,07:55:00,18:41:00,17:16:00,7:6:00,6,68,1025,1
2019-02-19,75.91666666666667,53.53333333333333,370.0833333333333,51.40416666666667,11.341666666666669,18.166666666666668,3.375,152.5,88.45833333333333,Sunny,0.0,15,10,07:54:00,18:43:00,18:32:00,7:53:00,14,71,1023,1
2019-02-20,83.83749999999999,65.31666666666666,360.5,69.54166666666667,14.025,14.291666666666666,4.208333333333333,145.41666666666666,84.08333333333333,Partly cloudy,0.0,14,12,07:53:00,18:44:00,19:49:00,8:33:00,8,70,1020,1
2019-02-21,71.88333333333334,57.57083333333333,368.8333333333333,56.6375,13.166666666666666,16.75,2.9166666666666665,155.0,92.0,Patchy rain possible,0.1,13,9,07:51:00,18:45:00,21:4:00,9:10:00,13,70,1022,1
2019-02-22,71.3875,58.41666666666666,362.5,58.3625,12.029166666666669,17.5,2.333333333333333,149.41666666666666,84.5,Partly cloudy,0.2,12,9,07:50:00,18:46:00,22:16:00,9:43:00,8,67,1018,1
2019-02-23,26.6875,19.779166666666665,244.25,20.6375,4.654166666666667,42.958333333333336,0.0833333333333333,121.0,75.08333333333333,Light sleet,24.3,7,-5,07:48:00,18:47:00,23:27:00,10:15:00,36,81,1022,1
2019-02-24,11.2125,8.666666666666666,233.33333333333331,16.654166666666665,4.008333333333334,46.375,0.0,39.708333333333336,20.791666666666668,Light sleet,8.0,5,-5,07:47:00,18:49:00,,10:47:00,36,82,1030,0
2019-02-25,17.662499999999998,12.529166666666669,246.58333333333331,18.729166666666668,3.825,42.5,0.0,41.29166666666666,20.125,Patchy rain possible,1.6,9,6,07:45:00,18:50:00,12:34:00,11:21:00,33,80,1028,0
2019-02-26,24.879166666666663,18.141666666666666,292.0833333333333,33.766666666666666,6.325,40.625,0.0416666666666666,56.208333333333336,30.291666666666668,Partly cloudy,0.4,9,6,07:44:00,18:51:00,1:39:00,11:57:00,17,68,1019,0
2019-02-27,28.620833333333334,20.479166666666668,260.75,25.42083333333333,5.9375,37.54166666666666,0.125,72.83333333333333,51.083333333333336,Light rain shower,5.7,7,4,07:42:00,18:52:00,2:41:00,0:36:00,26,69,1015,1
2019-02-28,19.258333333333333,13.079166666666666,231.375,22.175,5.6375,41.25,0.0,55.29166666666666,29.08333333333333,Partly cloudy,1.1,9,1,07:41:00,18:53:00,3:39:00,13:20:00,22,64,1017,0
2019-03-01,31.27916666666667,19.3875,226.70833333333331,27.55,8.65,48.708333333333336,0.5,58.41666666666666,31.916666666666668,Patchy rain possible,0.2,14,9,07:39:00,18:55:00,4:32:00,14:8:00,27,68,1010,0
2019-03-02,45.86666666666667,29.75,243.16666666666663,39.12083333333333,9.591666666666669,31.041666666666668,1.4583333333333333,77.58333333333333,55.625,Light rain,3.3,12,8,07:38:00,18:56:00,5:20:00,15:0:00,17,79,1010,1
2019-03-03,24.73333333333333,13.7,222.79166666666663,21.34166666666667,5.383333333333333,55.16666666666666,0.0416666666666666,71.25,47.958333333333336,Partly cloudy,0.0,9,6,07:36:00,18:57:00,6:2:00,15:55:00,24,63,1018,0
2019-03-04,36.38333333333333,22.09166666666667,304.4166666666667,49.6875,10.016666666666667,27.0,0.0,60.208333333333336,34.166666666666664,Sunny,0.0,13,6,07:35:00,18:58:00,6:39:00,16:51:00,8,53,1018,0
2019-03-05,42.31666666666667,28.666666666666668,241.08333333333331,41.34583333333333,10.258333333333333,38.0,0.4583333333333333,80.25,59.333333333333336,Partly cloudy,0.0,14,9,07:33:00,18:59:00,7:12:00,17:50:00,16,55,1015,1
2019-03-06,44.71666666666667,32.45,259.0833333333333,46.47083333333333,10.170833333333333,30.83333333333333,0.9583333333333334,89.58333333333333,64.45833333333333,Light rain,10.0,14,12,07:32:00,19:0:00,7:42:00,18:48:00,16,76,1018,1
2019-03-07,39.90416666666667,29.325,364.1666666666667,55.52916666666667,12.6625,19.5,0.0833333333333333,92.5,65.5,Partly cloudy,0.8,17,11,07:30:00,19:1:00,8:9:00,19:46:00,9,57,1024,1
2019-03-08,58.57916666666667,37.67083333333333,293.1666666666667,74.99166666666666,16.383333333333333,13.625,0.0,95.70833333333331,66.75,Partly cloudy,0.0,18,13,07:28:00,19:3:00,8:35:00,20:45:00,9,57,1022,1
2019-03-09,59.04166666666666,40.520833333333336,227.625,54.45,12.958333333333334,31.58333333333333,0.4583333333333333,113.04166666666669,72.625,Overcast,0.0,17,14,07:27:00,19:4:00,9:2:00,21:45:00,14,66,1021,1
2019-03-10,36.94166666666667,23.95,201.125,35.31666666666667,9.104166666666666,39.208333333333336,2.4166666666666665,89.5,63.875,Partly cloudy,0.0,16,13,07:25:00,19:5:00,9:29:00,22:46:00,16,72,1019,1
2019-03-11,36.2,21.3625,214.95833333333331,34.38333333333333,11.445833333333333,45.083333333333336,4.041666666666667,72.45833333333333,50.375,Partly cloudy,0.0,18,14,07:24:00,19:6:00,9:58:00,23:48:00,15,62,1013,1
2019-03-12,36.579166666666666,20.558333333333334,208.66666666666663,27.02916666666667,7.708333333333333,39.5,2.708333333333333,71.75,48.75,Moderate rain,29.0,15,8,07:22:00,19:7:00,10:30:00,,26,76,1008,0
2019-03-13,13.195833333333333,8.241666666666667,213.20833333333331,17.345833333333335,4.083333333333333,55.375,0.0,47.91666666666666,26.791666666666668,Light rain,15.6,8,7,07:20:00,19:8:00,11:7:00,12:51:00,37,78,1014,0
2019-03-14,26.10833333333333,14.775,275.5416666666667,29.508333333333336,7.104166666666667,38.083333333333336,0.125,42.79166666666666,21.33333333333333,Cloudy,0.0,11,7,07:19:00,19:9:00,11:51:00,1:56:00,17,69,1013,0
2019-03-15,35.30833333333333,21.975,309.9583333333333,44.3625,9.454166666666667,27.416666666666668,0.0833333333333333,67.66666666666667,43.5,Light drizzle,0.6,10,8,07:17:00,19:10:00,0:42:00,2:59:00,11,72,1009,0
2019-03-16,42.708333333333336,29.52083333333333,296.375,46.49166666666667,9.029166666666669,29.33333333333333,0.0,78.08333333333333,57.16666666666666,Partly cloudy,0.0,13,5,07:15:00,19:12:00,13:43:00,3:59:00,15,65,1014,1
2019-03-17,30.10833333333333,20.15833333333333,248.79166666666663,46.65,11.483333333333334,34.708333333333336,0.0,77.875,55.583333333333336,Partly cloudy,0.0,17,12,07:14:00,19:13:00,14:51:00,4:53:00,13,65,1017,1
2019-03-18,55.9875,39.81666666666667,308.3333333333333,73.25,18.45833333333333,12.666666666666666,0.0833333333333333,90.66666666666669,61.91666666666666,Partly cloudy,0.0,23,14,07:12:00,19:14:00,16:4:00,5:42:00,7,60,1017,1
2019-03-19,75.08749999999999,53.50833333333333,321.0416666666667,71.59583333333333,22.08333333333333,13.5,0.125,126.79166666666669,76.95833333333333,Cloudy,0.0,18,14,07:10:00,19:15:00,17:20:00,6:24:00,6,65,1017,1
2019-03-20,51.85416666666666,29.98333333333333,302.3333333333333,37.9375,8.5875,33.375,0.375,122.16666666666669,75.33333333333333,Partly cloudy,0.0,14,11,07:09:00,19:16:00,18:35:00,7:2:00,19,68,1022,1
2019-03-21,27.89583333333333,17.075,238.04166666666663,20.641666666666666,4.416666666666667,44.708333333333336,0.125,64.79166666666667,39.625,Partly cloudy,0.0,13,9,07:07:00,19:17:00,19:50:00,7:37:00,27,72,1028,0
2019-03-22,31.445833333333336,19.454166666666666,260.5416666666667,30.4875,5.808333333333334,38.458333333333336,0.0,66.41666666666667,39.91666666666666,Partly cloudy,0.0,13,9,07:05:00,19:18:00,21:3:00,8:9:00,21,57,1028,0
2019-03-23,43.71666666666667,28.2,294.75,42.78333333333333,7.337499999999999,28.291666666666668,0.25,77.58333333333333,54.958333333333336,Partly cloudy,0.0,14,9,07:03:00,19:19:00,22:14:00,8:42:00,18,59,1024,1
2019-03-24,29.0875,15.975,267.125,35.829166666666666,7.875,41.083333333333336,0.0,68.75,45.083333333333336,Partly cloudy,0.0,11,7,07:02:00,19:20:00,23:23:00,9:16:00,20,51,1022,0
2019-03-25,44.145833333333336,25.0375,358.625,54.2875,12.141666666666666,19.58333333333333,0.0,66.125,41.16666666666666,Partly cloudy,0.0,17,8,07:00:00,19:21:00,,9:51:00,10,53,1016,0
2019-03-26,75.84166666666667,50.958333333333336,369.2916666666667,66.075,15.6875,20.25,0.875,113.0,72.20833333333333,Cloudy,0.0,17,11,06:58:00,19:22:00,12:28:00,10:30:00,11,52,1011,1
2019-03-27,30.016666666666666,17.358333333333334,244.41666666666663,28.84166666666667,6.604166666666667,43.958333333333336,0.0833333333333333,93.375,59.16666666666666,Patchy rain possible,0.1,12,10,06:57:00,19:24:00,1:30:00,11:14:00,19,71,1020,1
2019-03-28,32.5875,18.78333333333333,228.41666666666663,21.570833333333336,4.25,46.125,0.0,67.16666666666667,41.458333333333336,Overcast,0.0,10,7,06:55:00,19:25:00,2:26:00,0:1:00,29,59,1026,0
2019-03-29,22.65,10.941666666666668,199.20833333333331,16.0125,4.0375000000000005,60.41666666666666,0.0,52.16666666666666,28.416666666666668,Cloudy,0.0,9,7,06:53:00,19:26:00,3:17:00,0:53:00,39,59,1024,0
2019-03-30,22.883333333333336,12.041666666666666,202.20833333333331,13.945833333333333,4.545833333333333,68.33333333333333,0.0,46.75,27.291666666666668,Partly cloudy,0.0,10,8,06:52:00,19:27:00,4:1:00,13:47:00,42,59,1020,0
2019-03-31,23.808333333333334,13.333333333333334,206.875,15.55,5.145833333333333,71.125,0.0,52.625,28.45833333333333,Partly cloudy,0.1,12,9,06:50:00,19:28:00,4:40:00,14:43:00,33,64,1015,0
2019-04-01,29.079166666666666,18.525,256.9166666666667,33.86666666666667,7.645833333333333,42.41666666666666,0.0,58.083333333333336,31.58333333333333,Patchy rain possible,0.1,13,9,06:48:00,19:29:00,5:14:00,15:41:00,17,69,1014,0
2019-04-02,43.28333333333333,27.025,246.91666666666663,30.34166666666667,5.775,44.29166666666666,0.0,72.875,50.54166666666666,Partly cloudy,0.0,13,10,06:47:00,19:30:00,5:45:00,16:39:00,21,74,1018,1
2019-04-03,42.75416666666666,20.3125,237.875,22.0375,5.120833333333334,56.125,0.0,76.33333333333333,56.16666666666666,Patchy rain possible,0.2,11,9,06:45:00,19:31:00,6:12:00,17:38:00,23,69,1019,1
2019-04-04,33.050000000000004,18.116666666666667,237.20833333333331,24.8,4.870833333333334,54.333333333333336,0.0,64.45833333333333,39.333333333333336,Partly cloudy,0.0,12,8,06:43:00,19:32:00,6:39:00,18:37:00,20,74,1017,0
2019-04-05,41.60833333333333,25.22083333333333,288.0416666666667,40.79583333333333,6.1625000000000005,41.41666666666666,0.25,68.41666666666667,44.0,Partly cloudy,0.0,18,9,06:42:00,19:33:00,7:5:00,19:38:00,11,71,1015,0
2019-04-06,41.10416666666666,27.70833333333333,239.58333333333331,25.85833333333333,5.695833333333333,51.333333333333336,0.6666666666666666,84.5,62.54166666666666,Cloudy,0.0,15,10,06:40:00,19:34:00,7:32:00,20:39:00,19,75,1011,1
2019-04-07,43.32083333333333,30.116666666666664,304.9583333333333,44.96666666666667,8.674999999999999,41.125,1.8333333333333333,80.29166666666667,60.708333333333336,Partly cloudy,0.0,18,11,06:38:00,19:35:00,8:0:00,21:42:00,8,73,1010,1
2019-04-08,63.52916666666667,43.1,274.3333333333333,52.325,8.2875,24.70833333333333,15.708333333333334,112.75,72.33333333333333,Patchy rain possible,1.9,20,14,06:37:00,19:36:00,8:31:00,22:46:00,8,71,1006,1
2019-04-09,30.21666666666667,20.04583333333333,269.2083333333333,43.9125,8.5375,38.375,7.25,91.375,62.79166666666666,Patchy rain possible,1.7,17,12,06:35:00,19:37:00,9:7:00,23:50:00,12,74,1002,1
2019-04-10,30.02083333333333,20.433333333333334,257.8333333333333,50.34583333333333,5.908333333333334,25.375,0.7083333333333334,65.125,38.208333333333336,Light rain,4.6,14,12,06:33:00,19:38:00,9:48:00,,15,78,1005,0
2019-04-11,19.870833333333334,14.504166666666668,206.75,31.9875,4.6875,40.79166666666666,0.75,61.04166666666666,34.333333333333336,Moderate or heavy rain with thunder,6.6,16,12,06:32:00,19:40:00,10:37:00,12:53:00,20,77,1009,0
2019-04-12,22.77083333333333,13.658333333333331,192.08333333333331,26.04583333333333,4.945833333333334,48.083333333333336,3.875,53.958333333333336,27.70833333333333,Light rain shower,1.9,17,13,06:30:00,19:41:00,11:33:00,1:54:00,20,69,1012,0
2019-04-13,24.6375,16.158333333333335,289.5416666666667,50.225,9.766666666666667,25.70833333333333,5.875,54.91666666666666,28.875,Patchy rain possible,5.7,18,13,06:29:00,19:42:00,0:36:00,2:48:00,7,73,1012,0
2019-04-14,23.84166666666667,18.883333333333333,268.2083333333333,42.44583333333333,6.1625000000000005,29.5,4.125,66.45833333333333,40.29166666666666,Moderate or heavy rain shower,13.5,15,11,06:27:00,19:43:00,13:46:00,3:38:00,15,82,1011,0
2019-04-15,13.945833333333333,9.320833333333333,222.125,17.208333333333332,3.5041666666666664,25.291666666666668,1.8333333333333333,47.16666666666666,24.125,Overcast,0.2,12,9,06:26:00,19:44:00,14:58:00,4:20:00,18,78,1015,0
2019-04-16,24.354166666666668,15.958333333333334,238.54166666666663,25.0,4.6625000000000005,47.5,1.2083333333333333,50.958333333333336,25.95833333333333,Overcast,0.0,12,9,06:24:00,19:45:00,16:12:00,4:58:00,17,62,1017,0
2019-04-17,43.44166666666666,31.025,278.3333333333333,52.06666666666666,8.5875,29.875,0.9166666666666666,72.83333333333333,48.79166666666666,Partly cloudy,0.0,16,10,06:23:00,19:46:00,17:25:00,5:33:00,8,58,1017,0
2019-04-18,27.9,19.40833333333333,238.875,26.166666666666668,4.775,38.833333333333336,1.0833333333333333,83.45833333333333,59.66666666666666,Light rain shower,1.3,13,10,06:21:00,19:47:00,18:38:00,6:5:00,19,74,1021,1
2019-04-19,20.441666666666663,12.779166666666669,233.33333333333331,21.39583333333333,4.541666666666667,53.375,0.375,54.25,28.45833333333333,Patchy rain possible,1.5,12,9,06:20:00,19:48:00,19:50:00,6:37:00,19,62,1023,0
2019-04-20,25.95833333333333,16.2,229.91666666666663,23.65,4.366666666666666,52.083333333333336,0.125,57.54166666666666,31.20833333333333,Light rain shower,3.7,11,9,06:18:00,19:49:00,21:1:00,7:10:00,20,56,1024,0
2019-04-21,27.0625,15.625,245.625,25.20833333333333,4.754166666666666,50.54166666666666,0.0,56.29166666666666,29.791666666666668,Partly cloudy,0.0,13,9,06:17:00,19:50:00,22:9:00,7:45:00,13,51,1024,0
2019-04-22,39.395833333333336,23.97083333333333,303.0416666666667,46.46666666666667,7.429166666666667,33.0,0.8333333333333334,70.33333333333333,48.375,Partly cloudy,0.0,16,10,06:15:00,19:51:00,23:15:00,8:22:00,10,49,1023,0
2019-04-23,29.71666666666667,17.525000000000002,271.5,33.77916666666667,6.170833333333333,48.375,1.0,66.375,41.208333333333336,Overcast,0.0,16,8,06:14:00,19:52:00,,9:5:00,16,53,1025,0
2019-04-24,36.3375,23.5,299.1666666666667,49.375,9.116666666666667,37.29166666666666,6.75,66.04166666666667,40.16666666666666,Partly cloudy,1.1,21,12,06:12:00,19:53:00,12:15:00,9:52:00,9,61,1025,0
2019-04-25,56.59166666666667,33.666666666666664,325.4166666666667,49.25416666666666,9.091666666666669,35.208333333333336,10.708333333333334,87.83333333333333,63.375,Partly cloudy,0.0,20,14,06:11:00,19:54:00,1:10:00,10:42:00,10,64,1024,1
2019-04-26,38.50833333333333,23.54583333333333,268.125,34.53333333333333,6.675,41.208333333333336,6.416666666666667,84.16666666666667,61.25,Partly cloudy,0.0,19,13,06:09:00,19:55:00,1:57:00,11:37:00,11,63,1020,1
2019-04-27,38.208333333333336,24.5,309.7916666666667,53.21666666666667,8.4375,25.916666666666668,4.166666666666667,74.375,53.75,Cloudy,0.0,21,14,06:08:00,19:56:00,2:39:00,0:33:00,5,58,1016,1
2019-04-28,73.74583333333332,44.26666666666667,271.125,63.9625,11.433333333333332,24.83333333333333,24.0,98.08333333333331,67.20833333333333,Patchy rain possible,0.3,21,16,06:07:00,19:57:00,3:15:00,13:31:00,8,63,1012,1
2019-04-29,87.09583333333335,50.7625,253.45833333333331,61.1375,11.6125,30.75,44.29166666666666,134.375,79.41666666666667,Partly cloudy,0.3,22,17,06:05:00,19:58:00,3:47:00,14:29:00,7,66,1012,1
2019-04-30,68.39583333333333,35.987500000000004,191.41666666666663,37.28333333333333,7.770833333333333,55.125,20.041666666666668,122.83333333333331,75.66666666666667,Partly cloudy,0.0,21,17,06:04:00,19:59:00,4:15:00,15:28:00,18,54,1010,1
2019-05-01,32.18333333333333,17.900000000000002,174.45833333333334,24.15833333333333,6.233333333333333,55.125,1.4583333333333333,78.29166666666667,53.0,Partly cloudy,0.0,20,16,06:03:00,20:0:00,4:42:00,16:27:00,19,60,1009,1
2019-05-02,21.9875,12.995833333333332,202.75,32.325,6.179166666666667,52.91666666666666,0.3333333333333333,55.79166666666666,29.416666666666668,Partly cloudy,0.4,18,15,06:02:00,20:2:00,5:8:00,17:27:00,13,68,1010,0
2019-05-03,28.45,18.995833333333334,218.95833333333331,39.875,8.358333333333333,37.125,0.9583333333333334,60.0,33.5,Partly cloudy,0.0,21,15,06:00:00,20:3:00,5:34:00,18:28:00,10,64,1013,0
2019-05-04,37.329166666666666,25.125,242.25,55.6375,11.083333333333334,39.29166666666666,2.083333333333333,71.75,49.083333333333336,Cloudy,0.0,22,17,05:59:00,20:4:00,6:2:00,19:31:00,12,55,1012,0
2019-05-05,28.98333333333333,18.195833333333333,200.16666666666663,33.22083333333333,5.683333333333334,54.66666666666666,12.166666666666666,67.04166666666667,43.125,Patchy light rain with thunder,3.4,23,17,05:58:00,20:5:00,6:32:00,20:36:00,12,58,1008,0
2019-05-06,50.3875,25.933333333333334,209.91666666666663,36.5875,6.954166666666667,42.29166666666666,26.791666666666668,72.29166666666667,49.833333333333336,Partly cloudy,0.1,22,17,05:57:00,20:6:00,7:6:00,21:42:00,16,62,1006,0
2019-05-07,29.34583333333333,14.4,199.75,21.429166666666664,4.329166666666667,59.083333333333336,0.8333333333333334,70.54166666666667,50.91666666666666,Light rain shower,8.9,17,15,05:56:00,20:7:00,7:46:00,22:47:00,20,67,1008,1
2019-05-08,18.329166666666666,11.920833333333334,263.0,26.225,4.291666666666667,32.791666666666664,0.0416666666666666,49.458333333333336,24.375,Patchy rain possible,1.2,16,13,05:54:00,20:8:00,8:33:00,23:50:00,10,61,1015,0
2019-05-09,26.175,18.02083333333333,289.5416666666667,39.17916666666667,7.520833333333333,28.75,0.1666666666666666,58.16666666666666,31.916666666666668,Partly cloudy,0.0,18,13,05:53:00,20:9:00,9:28:00,,6,57,1014,0
2019-05-10,28.025,19.691666666666663,222.04166666666663,41.97916666666666,6.3625,35.0,0.125,62.583333333333336,35.75,Light rain shower,6.9,19,15,05:52:00,20:10:00,10:29:00,12:47:00,9,65,1010,0
2019-05-11,25.241666666666664,18.64583333333333,209.33333333333331,37.1,7.383333333333333,37.66666666666666,0.125,66.0,39.25,Patchy rain possible,5.8,20,15,05:51:00,20:11:00,11:36:00,1:38:00,11,70,1015,0
2019-05-12,40.575,32.4125,268.9166666666667,48.65416666666667,8.495833333333334,33.416666666666664,0.0,83.33333333333333,57.708333333333336,Cloudy,0.0,22,16,05:50:00,20:12:00,0:46:00,2:21:00,9,62,1018,1
2019-05-13,24.55,15.316666666666668,191.20833333333331,19.366666666666667,3.6375,57.958333333333336,0.0,70.79166666666667,45.54166666666666,Partly cloudy,0.0,21,15,05:49:00,20:13:00,13:58:00,3:0:00,23,63,1017,0
2019-05-14,26.3125,16.087500000000002,202.79166666666663,20.916666666666668,4.391666666666667,50.91666666666666,0.25,56.583333333333336,30.25,Patchy rain possible,4.3,23,15,05:48:00,20:14:00,15:9:00,3:34:00,18,71,1014,0
2019-05-15,45.79166666666666,29.429166666666664,303.75,47.64166666666667,9.483333333333333,25.875,2.958333333333333,71.79166666666667,48.625,Light rain shower,2.8,24,17,05:47:00,20:15:00,16:20:00,4:5:00,9,71,1011,0
2019-05-16,36.2375,21.216666666666665,243.125,30.77916666666667,4.691666666666666,42.125,7.166666666666667,82.625,60.79166666666666,Patchy rain possible,2.4,23,17,05:46:00,20:16:00,17:31:00,4:36:00,15,67,1010,1
2019-05-17,31.116666666666664,18.45,212.79166666666663,25.98333333333333,4.158333333333333,44.833333333333336,4.541666666666667,64.125,37.5,Patchy light rain with thunder,17.2,19,14,05:45:00,20:17:00,18:41:00,5:7:00,16,77,1008,0
2019-05-18,31.72083333333333,19.666666666666668,198.29166666666663,29.7125,4.266666666666667,44.125,6.125,65.58333333333333,38.66666666666666,Light rain shower,2.9,20,16,05:44:00,20:18:00,19:50:00,5:40:00,9,80,1008,0
2019-05-19,37.47083333333333,27.4875,201.0,38.36666666666667,8.541666666666666,45.0,6.083333333333333,76.5,54.958333333333336,Partly cloudy,0.0,24,18,05:43:00,20:18:00,20:57:00,6:16:00,12,67,1010,1
2019-05-20,54.520833333333336,35.75833333333333,221.625,57.520833333333336,12.775,31.45833333333333,8.875,91.45833333333331,65.16666666666667,Partly cloudy,0.0,25,21,05:43:00,20:19:00,22:1:00,6:56:00,11,55,1010,1
2019-05-21,52.2125,28.729166666666668,202.08333333333331,51.72916666666666,10.795833333333334,39.29166666666666,13.458333333333334,93.83333333333331,66.125,Partly cloudy,0.0,25,19,05:41:00,20:21:00,23:51:00,8:30:00,9,60,1014,1
2019-05-22,41.454166666666666,20.78333333333333,215.20833333333331,38.15416666666667,11.258333333333333,46.25,17.125,74.95833333333333,52.29166666666666,Partly cloudy,0.0,25,19,05:41:00,20:21:00,23:51:00,8:30:00,9,60,1014,1
2019-05-23,27.71666666666667,14.916666666666666,217.125,38.3,7.679166666666667,50.16666666666666,12.541666666666666,61.708333333333336,35.333333333333336,Partly cloudy,0.0,25,20,05:40:00,20:22:00,,9:25:00,8,57,1012,0
2019-05-24,32.87916666666667,19.966666666666665,242.04166666666663,33.987500000000004,5.525,49.25,9.791666666666666,64.875,38.91666666666666,Patchy light rain with thunder,16.3,22,18,05:39:00,20:23:00,12:35:00,10:21:00,11,70,1008,0
2019-05-25,28.416666666666668,18.266666666666666,183.41666666666663,29.5125,4.4625,50.333333333333336,1.7916666666666667,62.708333333333336,35.958333333333336,Patchy rain possible,5.9,21,16,05:39:00,20:24:00,1:14:00,11:19:00,13,72,1012,0
2019-05-26,28.241666666666664,19.629166666666663,226.45833333333331,39.60416666666666,8.966666666666667,47.66666666666666,1.0,66.5,40.083333333333336,Partly cloudy,0.4,26,18,05:38:00,20:25:00,1:48:00,0:17:00,10,67,1016,0
2019-05-27,33.1,19.641666666666666,241.91666666666663,36.06666666666667,5.558333333333334,47.66666666666666,0.9166666666666666,65.95833333333333,38.958333333333336,Partly cloudy,0.0,26,17,05:37:00,20:26:00,2:17:00,13:16:00,14,59,1016,0
2019-05-28,40.641666666666666,23.504166666666663,321.0,47.97083333333333,8.258333333333333,43.79166666666666,3.0416666666666665,66.125,39.79166666666666,Patchy rain possible,0.4,30,20,05:37:00,20:26:00,2:44:00,14:14:00,6,61,1012,0
2019-05-29,51.9625,28.9625,195.79166666666663,43.325,8.637500000000001,55.75,14.875,87.33333333333333,63.333333333333336,Sunny,0.0,28,23,05:36:00,20:27:00,3:10:00,15:14:00,11,57,1012,1
2019-05-30,35.50833333333333,19.6875,209.04166666666663,42.520833333333336,10.3625,49.333333333333336,4.791666666666667,74.16666666666667,50.958333333333336,Sunny,0.0,27,20,05:36:00,20:28:00,3:36:00,16:14:00,11,64,1016,1
2019-05-31,43.13333333333333,26.48333333333333,307.2083333333333,56.57916666666667,12.4,38.208333333333336,3.375,72.70833333333333,50.25,Partly cloudy,0.0,30,23,05:35:00,20:29:00,4:2:00,17:16:00,7,60,1015,1
2019-06-01,35.31666666666667,21.245833333333334,179.83333333333334,22.629166666666663,4.608333333333333,56.958333333333336,5.041666666666667,75.75,54.458333333333336,Partly cloudy,0.0,24,20,05:35:00,20:30:00,4:31:00,18:20:00,16,74,1014,1
2019-06-02,29.3375,19.6875,171.125,25.675,4.279166666666667,40.833333333333336,5.375,66.375,39.833333333333336,Partly cloudy,3.2,27,20,05:34:00,20:30:00,5:3:00,19:27:00,8,71,1013,0
2019-06-03,34.8875,25.27916666666667,206.375,33.92916666666667,5.666666666666667,36.833333333333336,3.5416666666666665,75.33333333333333,54.04166666666666,Partly cloudy,2.4,27,22,05:34:00,20:31:00,5:41:00,20:34:00,10,61,1014,1
2019-06-04,26.08333333333333,19.041666666666668,213.16666666666663,36.7,7.829166666666667,49.75,1.9583333333333333,70.625,47.16666666666666,Partly cloudy,0.4,25,21,05:34:00,20:32:00,6:25:00,21:40:00,10,59,1013,0
2019-06-05,24.695833333333336,17.108333333333334,246.5,38.24166666666667,9.441666666666666,46.29166666666666,1.3333333333333333,61.083333333333336,34.5,Partly cloudy,0.0,28,21,05:33:00,20:32:00,7:19:00,22:41:00,7,62,1013,0
2019-06-06,33.9625,24.195833333333336,255.95833333333331,44.375,6.9875,38.66666666666666,3.2916666666666665,68.58333333333333,44.5,Partly cloudy,0.0,28,23,05:33:00,20:33:00,8:19:00,23:35:00,6,62,1015,0
2019-06-07,30.870833333333334,19.975,239.08333333333331,41.8875,6.770833333333333,38.25,4.916666666666667,72.20833333333333,49.66666666666666,Partly cloudy,0.0,29,24,05:33:00,20:34:00,9:27:00,,8,56,1017,0
2019-06-08,28.85833333333333,18.04583333333333,177.79166666666666,32.53333333333333,4.441666666666666,49.625,2.583333333333333,64.875,38.0,Partly cloudy,0.0,29,23,05:32:00,20:34:00,10:37:00,12:22:00,13,59,1017,0
2019-06-09,28.229166666666668,18.6375,164.58333333333334,25.5625,3.9166666666666665,50.208333333333336,2.375,63.208333333333336,36.333333333333336,Partly cloudy,0.0,27,22,05:32:00,20:35:00,11:49:00,1:2:00,18,68,1016,0
2019-06-10,23.0875,14.091666666666669,174.33333333333334,17.904166666666665,3.4625,51.75,4.958333333333333,59.29166666666666,32.666666666666664,Partly cloudy,0.0,26,22,05:32:00,20:35:00,13:0:00,1:38:00,20,70,1012,0
2019-06-11,24.40416666666667,13.570833333333333,207.66666666666663,27.620833333333334,4.825,37.833333333333336,5.333333333333333,52.41666666666666,26.25,Cloudy,0.0,28,22,05:32:00,20:36:00,14:10:00,2:9:00,10,68,1010,0
2019-06-12,36.516666666666666,22.629166666666663,225.625,34.59166666666667,6.054166666666667,27.0,7.25,62.29166666666666,36.29166666666666,Partly cloudy,0.0,28,22,05:32:00,20:36:00,15:20:00,2:39:00,8,70,1011,0
2019-06-13,38.27916666666667,20.225,227.625,32.145833333333336,5.283333333333333,41.208333333333336,3.2916666666666665,71.875,49.16666666666666,Partly cloudy,0.0,30,24,05:32:00,20:37:00,16:28:00,3:9:00,8,64,1013,0
2019-06-14,38.94583333333333,18.445833333333333,192.66666666666663,24.366666666666664,4.275,45.458333333333336,7.25,67.25,41.54166666666666,Partly cloudy,0.0,28,23,05:32:00,20:37:00,17:36:00,3:41:00,14,63,1014,0
2019-06-15,32.47083333333333,15.775,176.54166666666666,19.508333333333333,3.9958333333333336,54.0,7.5,58.54166666666666,34.333333333333336,Partly cloudy,0.2,28,23,05:32:00,20:38:00,18:43:00,4:14:00,12,67,1011,0
2019-06-16,33.7125,14.391666666666666,181.625,19.766666666666666,4.108333333333333,57.41666666666666,5.291666666666667,56.208333333333336,32.708333333333336,Patchy rain possible,0.1,28,23,05:32:00,20:38:00,19:48:00,4:51:00,17,68,1010,0
2019-06-17,36.1,16.895833333333332,181.33333333333331,22.73333333333333,4.579166666666667,57.04166666666666,4.083333333333333,56.66666666666666,34.458333333333336,Partly cloudy,1.3,30,23,05:32:00,20:39:00,20:48:00,5:34:00,18,63,1010,0
2019-06-18,32.45,16.970833333333335,181.95833333333331,17.695833333333333,3.533333333333333,63.458333333333336,2.583333333333333,62.208333333333336,36.04166666666666,Partly cloudy,0.2,29,23,05:32:00,20:39:00,21:43:00,6:21:00,18,66,1011,0
2019-06-19,28.491666666666664,14.5375,178.625,23.4875,3.9375,55.375,2.083333333333333,57.91666666666666,31.45833333333333,Partly cloudy,0.9,28,24,05:32:00,20:39:00,22:30:00,7:13:00,18,62,1011,0
2019-06-20,32.916666666666664,19.975,180.54166666666663,29.52083333333333,5.275,44.833333333333336,1.9583333333333333,58.75,32.041666666666664,Partly cloudy,0.1,29,24,05:32:00,20:39:00,23:12:00,8:9:00,11,58,1010,0
2019-06-21,42.72083333333333,26.59583333333333,198.54166666666663,34.49583333333333,4.895833333333333,39.5,4.541666666666667,78.83333333333333,57.25,Partly cloudy,0.2,29,24,05:32:00,20:40:00,23:48:00,9:7:00,11,61,1012,1
2019-06-22,36.48333333333333,20.116666666666667,177.20833333333334,24.541666666666668,4.104166666666667,49.66666666666666,3.5,72.16666666666667,48.75,Partly cloudy,0.0,30,24,05:32:00,20:40:00,,10:5:00,13,66,1013,0
2019-06-23,38.12916666666667,23.054166666666664,198.625,32.74583333333333,5.25,48.583333333333336,3.875,70.25,46.0,Partly cloudy,0.1,32,24,05:33:00,20:40:00,12:18:00,11:4:00,7,62,1014,0
2019-06-24,36.11666666666667,20.195833333333333,195.625,32.97083333333333,5.283333333333333,48.208333333333336,4.083333333333333,71.79166666666667,48.833333333333336,Partly cloudy,0.0,31,26,05:33:00,20:40:00,12:46:00,0:2:00,14,47,1013,0
2019-06-25,29.179166666666664,15.4625,173.20833333333334,17.404166666666665,3.5583333333333336,59.0,3.0,60.0,33.666666666666664,Partly cloudy,0.0,29,24,05:34:00,20:40:00,1:38:00,14:0:00,24,70,1016,0
2019-06-26,26.291666666666668,15.35,168.04166666666666,15.504166666666668,3.1750000000000003,54.208333333333336,2.875,58.958333333333336,32.25,Partly cloudy,0.0,29,24,05:34:00,20:40:00,1:38:00,14:0:00,24,70,1016,0
2019-06-27,27.08333333333333,13.020833333333334,158.33333333333334,16.683333333333334,3.4958333333333336,65.41666666666667,1.0416666666666667,54.25,29.041666666666668,Sunny,0.0,29,24,05:34:00,20:40:00,2:3:00,15:0:00,22,59,1014,0
2019-06-28,35.32083333333333,19.9625,197.66666666666663,31.53333333333333,6.016666666666667,46.66666666666666,0.7083333333333334,58.75,32.75,Partly cloudy,0.0,30,24,05:34:00,20:40:00,2:30:00,16:3:00,15,57,1010,0
2019-06-29,26.20833333333333,11.091666666666669,134.625,14.566666666666668,2.9791666666666665,59.25,0.0,59.0,33.166666666666664,Patchy rain possible,0.2,25,22,05:35:00,20:40:00,3:0:00,17:8:00,24,54,1015,0
2019-06-30,25.6625,12.454166666666666,162.25,27.579166666666666,3.779166666666667,40.5,0.0,47.833333333333336,26.58333333333333,Patchy rain possible,0.4,25,22,05:35:00,20:40:00,3:35:00,18:15:00,18,50,1018,0
2019-07-01,22.52083333333333,12.041666666666666,168.125,28.1125,3.4,39.29166666666666,0.6666666666666666,51.25,25.5,Partly cloudy,0.0,28,22,05:36:00,20:40:00,4:16:00,19:22:00,18,49,1018,0
2019-07-02,21.254166666666663,9.695833333333333,170.04166666666666,19.341666666666665,2.9,51.125,0.9583333333333334,42.333333333333336,23.25,Sunny,0.0,28,22,05:36:00,20:40:00,5:6:00,20:26:00,20,58,1013,0
2019-07-03,25.59583333333333,12.354166666666666,173.41666666666666,22.454166666666666,3.2583333333333333,50.54166666666666,2.5416666666666665,45.583333333333336,24.166666666666668,Sunny,0.0,31,24,05:37:00,20:40:00,6:4:00,21:26:00,15,61,1012,0
2019-07-04,25.0,12.5,166.875,18.216666666666665,3.0125,53.583333333333336,5.083333333333333,51.54166666666666,26.58333333333333,Partly cloudy,0.0,30,24,05:37:00,20:40:00,7:11:00,22:17:00,22,62,1014,0
2019-07-05,24.754166666666663,14.304166666666667,192.875,18.3375,3.4,66.45833333333333,2.1666666666666665,52.66666666666666,28.95833333333333,Partly cloudy,0.0,29,23,05:38:00,20:39:00,8:22:00,23:1:00,17,65,1014,0
2019-07-06,33.94166666666667,18.370833333333334,180.20833333333331,29.266666666666666,4.370833333333334,51.708333333333336,0.7083333333333334,59.375,32.833333333333336,Partly cloudy,0.0,29,24,05:38:00,20:39:00,9:36:00,23:39:00,11,61,1012,0
2019-07-07,25.8125,14.2,172.33333333333334,23.641666666666666,3.520833333333333,53.79166666666666,0.0,60.375,33.916666666666664,Partly cloudy,0.0,31,23,05:39:00,20:39:00,10:50:00,,14,53,1011,0
2019-07-08,34.15,20.091666666666665,194.125,40.3875,6.3375,47.958333333333336,0.2916666666666667,59.458333333333336,33.0,Patchy rain possible,0.2,31,25,05:40:00,20:38:00,0:1:00,12:12:00,12,54,1009,0
2019-07-09,25.0625,15.166666666666666,209.83333333333331,35.87083333333333,4.366666666666666,63.79166666666666,1.8333333333333333,63.75,37.79166666666666,Partly cloudy,0.0,32,25,05:40:00,20:38:00,13:11:00,12:43:00,8,58,1012,0
2019-07-10,25.15833333333333,15.1375,173.08333333333334,28.891666666666666,3.716666666666667,49.91666666666666,1.2083333333333333,56.75,29.875,Patchy rain possible,4.3,28,23,05:41:00,20:38:00,14:20:00,1:13:00,15,63,1008,0
2019-07-11,17.720833333333335,10.5,161.83333333333334,22.570833333333336,3.1791666666666667,45.125,0.2916666666666667,50.5,25.45833333333333,Heavy rain at times,26.4,22,18,05:42:00,20:37:00,15:28:00,1:44:00,24,71,1008,0
2019-07-12,27.48333333333333,15.2875,199.54166666666663,34.125,4.204166666666667,31.95833333333333,0.0,49.458333333333336,25.375,Partly cloudy,0.0,26,21,05:42:00,20:37:00,16:34:00,2:16:00,6,50,1011,0
2019-07-13,30.525,19.641666666666666,191.58333333333331,39.57083333333333,5.2625,37.958333333333336,0.0,63.083333333333336,36.41666666666666,Partly cloudy,0.0,27,22,05:43:00,20:36:00,17:38:00,2:51:00,8,46,1011,0
2019-07-14,21.566666666666663,13.304166666666667,189.58333333333331,36.675,4.641666666666667,31.416666666666668,0.0,57.708333333333336,31.25,Overcast,0.0,23,20,05:44:00,20:36:00,18:39:00,3:31:00,9,53,1007,0
2019-07-15,15.8625,11.0125,166.0,23.570833333333336,4.4875,36.0,0.0,50.5,24.95833333333333,Patchy rain possible,3.1,25,20,05:45:00,20:35:00,19:36:00,4:16:00,10,63,1008,0
2019-07-16,30.4625,19.325,205.79166666666663,33.420833333333334,4.775,31.45833333333333,0.0,58.625,33.583333333333336,Partly cloudy,0.0,26,22,05:46:00,20:35:00,20:25:00,5:6:00,12,57,1008,0
2019-07-17,19.7625,11.55,135.41666666666666,17.108333333333334,3.020833333333333,55.958333333333336,0.0,54.16666666666666,30.166666666666668,Partly cloudy,0.0,26,22,05:46:00,20:34:00,21:9:00,6:0:00,23,63,1007,0
2019-07-18,23.1,13.383333333333333,180.875,22.25,3.775,57.66666666666666,0.0,51.333333333333336,26.25,Partly cloudy,0.0,27,22,05:47:00,20:33:00,21:47:00,6:57:00,16,56,1010,0
2019-07-19,23.666666666666668,13.0125,180.25,22.683333333333334,3.758333333333333,50.958333333333336,0.0,52.583333333333336,27.041666666666668,Sunny,0.0,28,23,05:48:00,20:32:00,22:19:00,7:56:00,20,60,1014,0
2019-07-20,27.28333333333333,14.808333333333332,162.08333333333334,15.995833333333335,2.8541666666666665,65.0,0.0,51.958333333333336,28.20833333333333,Partly cloudy,0.0,28,22,05:50:00,20:32:00,22:49:00,8:55:00,24,62,1016,0
2019-07-21,27.320833333333336,15.866666666666667,171.66666666666666,19.370833333333334,3.2,61.29166666666666,0.0,60.16666666666666,33.541666666666664,Sunny,0.0,28,23,05:50:00,20:31:00,23:16:00,9:53:00,20,59,1018,0
2019-07-22,29.616666666666664,16.908333333333335,176.54166666666666,23.23333333333333,3.6,51.958333333333336,0.0,58.458333333333336,31.875,Partly cloudy,0.0,29,23,05:51:00,20:30:00,23:41:00,10:51:00,19,57,1017,0
2019-07-23,26.791666666666668,14.845833333333331,184.04166666666663,23.058333333333334,3.7875,51.79166666666666,0.0,57.875,31.875,Partly cloudy,0.0,30,24,05:51:00,20:29:00,,11:49:00,17,56,1013,0
2019-07-24,23.266666666666666,14.941666666666668,170.20833333333334,22.23333333333333,3.4125,52.0,0.0,58.54166666666666,31.916666666666668,Patchy rain possible,3.1,26,23,05:52:00,20:29:00,12:5:00,0:48:00,18,64,1012,0
2019-07-25,24.6,13.9,190.25,26.175,4.258333333333334,40.125,0.0,53.125,26.875,Partly cloudy,0.0,28,23,05:53:00,20:28:00,12:31:00,13:48:00,14,59,1015,0
2019-07-26,26.266666666666666,13.8625,194.875,27.883333333333336,3.5666666666666664,36.833333333333336,0.0,54.208333333333336,28.125,Sunny,0.0,29,23,05:54:00,20:27:00,12:59:00,14:51:00,17,58,1013,0
2019-07-27,24.92083333333333,13.216666666666669,184.625,19.570833333333333,3.2291666666666665,49.458333333333336,0.0,52.958333333333336,26.83333333333333,Sunny,0.0,28,23,05:55:00,20:26:00,1:31:00,15:55:00,19,59,1008,0
2019-07-28,23.570833333333336,12.670833333333334,174.79166666666666,18.475,3.3666666666666667,52.79166666666666,0.0,52.125,26.166666666666668,Partly cloudy,0.0,28,22,05:56:00,20:25:00,2:7:00,17:1:00,19,66,1007,0
2019-07-29,30.916666666666668,18.04583333333333,199.91666666666663,29.28333333333333,4.666666666666667,45.29166666666666,0.125,55.333333333333336,29.291666666666668,Partly cloudy,0.0,30,25,05:57:00,20:24:00,2:52:00,18:7:00,10,63,1003,0
2019-07-30,29.21666666666667,17.133333333333333,203.41666666666663,24.0,4.283333333333333,46.125,1.75,63.958333333333336,37.04166666666666,Partly cloudy,0.0,29,24,05:58:00,20:23:00,3:46:00,19:9:00,10,69,1005,0
2019-07-31,28.229166666666668,17.516666666666666,215.91666666666663,32.55,4.4750000000000005,39.708333333333336,2.0,61.04166666666666,34.291666666666664,Partly cloudy,0.0,31,25,05:59:00,20:22:00,4:48:00,20:5:00,8,58,1008,0
2019-08-01,32.40833333333333,20.320833333333333,209.45833333333331,23.454166666666666,4.25,51.29166666666666,2.083333333333333,65.125,38.25,Partly cloudy,0.0,31,25,06:00:00,20:21:00,5:59:00,20:53:00,16,58,1009,0
2019-08-02,30.54583333333333,18.620833333333334,197.16666666666663,21.0125,4.2250000000000005,55.583333333333336,0.625,67.66666666666667,41.708333333333336,Partly cloudy,2.6,29,25,06:01:00,20:20:00,7:15:00,21:35:00,16,62,1010,0
2019-08-03,25.35,17.345833333333335,215.25,36.2875,7.241666666666667,34.541666666666664,0.125,61.333333333333336,34.458333333333336,Partly cloudy,0.2,33,26,06:02:00,20:18:00,8:30:00,22:11:00,8,56,1007,0
2019-08-04,22.3375,13.270833333333334,189.5,20.3125,3.904166666666667,55.25,0.5416666666666666,58.375,31.75,Partly cloudy,0.0,26,23,06:02:00,20:17:00,9:46:00,22:44:00,18,62,1008,0
2019-08-05,21.416666666666668,11.620833333333332,195.08333333333331,23.691666666666663,3.758333333333333,45.375,0.0,47.91666666666666,23.95833333333333,Partly cloudy,0.0,27,23,06:03:00,20:16:00,10:59:00,23:15:00,18,52,1013,0
2019-08-06,23.316666666666663,13.358333333333333,199.5,25.104166666666668,3.9625,44.41666666666666,0.2083333333333333,51.25,25.791666666666668,Sunny,0.0,27,23,06:04:00,20:15:00,0:10:00,23:46:00,20,51,1015,0
2019-08-07,20.254166666666663,11.725,192.70833333333331,19.7125,3.520833333333333,51.125,0.1666666666666666,50.91666666666666,26.08333333333333,Sunny,0.0,28,22,06:05:00,20:14:00,13:19:00,,22,59,1015,0
2019-08-08,19.75,10.808333333333332,190.08333333333331,19.48333333333333,3.8375,48.708333333333336,0.0,46.79166666666666,23.666666666666668,Sunny,0.0,29,23,06:06:00,20:12:00,14:26:00,12:18:00,19,59,1013,0
2019-08-09,21.766666666666666,11.458333333333334,196.54166666666663,19.566666666666663,3.4166666666666665,48.125,0.6666666666666666,47.25,24.25,Sunny,0.0,29,23,06:07:00,20:11:00,15:32:00,12:52:00,20,61,1011,0
2019-08-10,20.95833333333333,11.466666666666669,190.5,20.820833333333333,3.9291666666666663,56.54166666666666,1.2083333333333333,48.0,26.08333333333333,Partly cloudy,0.0,30,23,06:08:00,20:10:00,16:33:00,1:31:00,20,59,1013,0
2019-08-11,19.495833333333334,10.358333333333333,170.875,14.025,3.0375,57.79166666666666,0.125,44.458333333333336,25.20833333333333,Sunny,0.0,28,23,06:09:00,20:9:00,17:31:00,2:14:00,26,63,1015,0
2019-08-12,21.933333333333334,11.616666666666667,137.58333333333334,12.3875,3.15,77.20833333333333,0.0,44.54166666666666,30.875,Sunny,0.0,29,24,06:10:00,20:7:00,18:22:00,3:2:00,30,55,1013,0
2019-08-13,23.445833333333336,11.541666666666666,162.375,12.483333333333334,3.4166666666666665,77.33333333333333,0.0,48.958333333333336,30.875,Sunny,0.0,29,24,06:11:00,20:6:00,19:8:00,3:54:00,28,61,1010,0
2019-08-14,28.5625,15.2875,182.70833333333331,16.275000000000002,4.254166666666666,66.25,0.0416666666666666,53.41666666666666,28.875,Partly cloudy,0.0,29,24,06:12:00,20:5:00,19:47:00,4:50:00,17,72,1007,0
2019-08-15,29.558333333333334,18.329166666666666,210.08333333333331,20.70833333333333,4.2625,52.208333333333336,1.0,60.583333333333336,34.041666666666664,Cloudy,0.2,27,24,06:13:00,20:3:00,20:21:00,5:48:00,15,75,1007,0
2019-08-16,24.2375,12.525,193.625,16.3625,3.7708333333333335,52.66666666666666,1.125,57.375,31.0,Patchy rain possible,1.2,26,23,06:14:00,20:2:00,20:51:00,6:46:00,19,73,1011,0
2019-08-17,17.7375,11.491666666666667,185.20833333333331,21.83333333333333,3.633333333333333,45.79166666666666,0.3333333333333333,49.458333333333336,24.041666666666668,Torrential rain shower,15.7,25,18,06:15:00,20:1:00,21:18:00,7:45:00,19,72,1013,0
2019-08-18,19.758333333333333,12.65,173.66666666666666,21.84583333333333,4.116666666666666,40.16666666666666,0.0,49.625,24.125,Patchy rain possible,0.8,26,21,06:16:00,19:59:00,21:44:00,8:43:00,13,58,1015,0
2019-08-19,25.71666666666667,13.970833333333331,212.625,30.341666666666665,4.304166666666666,38.91666666666666,0.0,52.958333333333336,27.20833333333333,Partly cloudy,0.0,26,22,06:17:00,19:58:00,22:8:00,9:42:00,18,61,1016,0
2019-08-20,24.291666666666668,13.716666666666669,207.70833333333331,22.2875,4.0625,54.66666666666666,0.0,52.833333333333336,27.25,Partly cloudy,0.0,27,22,06:18:00,19:56:00,22:33:00,10:39:00,20,65,1017,0
2019-08-21,30.27916666666667,16.425,220.66666666666663,24.5,4.8,52.083333333333336,1.9583333333333333,56.708333333333336,30.291666666666668,Patchy rain possible,0.5,28,21,06:19:00,19:55:00,23:0:00,11:39:00,15,70,1016,0
2019-08-22,37.0875,19.0875,232.5,23.34583333333333,4.1875,51.125,4.166666666666667,62.29166666666666,35.5,Partly cloudy,0.0,29,24,06:20:00,19:53:00,23:29:00,0:39:00,17,71,1016,0
2019-08-23,40.5625,20.0375,211.375,19.04583333333333,3.825,47.75,3.5416666666666665,65.91666666666667,39.625,Partly cloudy,0.0,28,24,06:21:00,19:52:00,,13:42:00,20,74,1016,0
2019-08-24,41.3875,21.379166666666663,225.375,20.2375,4.258333333333334,51.833333333333336,4.166666666666667,69.33333333333333,45.41666666666666,Partly cloudy,0.0,30,24,06:22:00,19:50:00,12:3:00,14:45:00,19,71,1017,0
2019-08-25,37.891666666666666,20.133333333333333,228.16666666666663,17.695833333333333,4.05,60.75,5.666666666666667,69.125,43.91666666666666,Partly cloudy,0.0,30,24,06:23:00,19:49:00,12:42:00,15:49:00,20,69,1015,0
2019-08-26,36.09166666666667,19.3875,201.54166666666663,14.658333333333331,3.625,63.79166666666666,5.75,65.95833333333333,39.04166666666666,Sunny,0.0,30,24,06:24:00,19:47:00,1:31:00,16:51:00,25,66,1015,0
2019-08-27,33.50833333333333,15.629166666666668,188.58333333333331,14.779166666666669,3.233333333333333,61.04166666666666,10.708333333333334,62.875,36.5,Partly cloudy,0.0,30,24,06:25:00,19:46:00,2:27:00,17:50:00,27,61,1016,0
2019-08-28,27.7,13.4875,192.16666666666663,14.4875,3.758333333333333,66.0,1.6666666666666667,53.5,30.625,Sunny,0.0,28,24,06:26:00,19:44:00,3:34:00,18:41:00,27,58,1016,0
2019-08-29,26.6125,12.054166666666667,177.625,15.370833333333332,3.5583333333333336,70.625,0.25,51.625,29.166666666666668,Partly cloudy,0.0,27,23,06:27:00,19:43:00,4:47:00,19:26:00,24,61,1015,0
2019-08-30,31.02916666666667,13.995833333333332,200.45833333333331,20.15833333333333,3.85,63.75,0.0,52.91666666666666,29.541666666666668,Partly cloudy,0.0,27,22,06:29:00,19:42:00,6:4:00,20:5:00,20,64,1016,0
2019-08-31,29.3625,12.0,198.70833333333331,17.729166666666668,3.841666666666667,59.79166666666666,0.0,51.875,30.5,Patchy rain possible,0.5,26,22,06:30:00,19:40:00,7:21:00,20:40:00,22,63,1015,0
2019-09-01,33.90416666666667,15.695833333333333,207.875,19.7875,3.975,64.41666666666667,0.4166666666666667,52.375,31.20833333333333,Partly cloudy,0.0,27,22,06:31:00,19:38:00,8:37:00,21:13:00,21,66,1011,0
2019-09-02,30.7375,14.975,192.70833333333331,17.841666666666665,4.379166666666666,72.04166666666667,0.4166666666666667,58.5,33.708333333333336,Partly cloudy,0.0,27,22,06:32:00,19:37:00,9:52:00,21:45:00,23,66,1012,0
