date,pm10,pm2_5,carbon_monoxide,nitrogen_dioxide,sulphur_dioxide,ozone,aerosol_optical_depth,dust,uv_index,us_aqi,european_aqi
2013-01-01,32.69047619047619,18.98095238095238,,25.44285714285714,,24.666666666666668,,,,,
2013-01-02,90.81666666666666,68.87083333333332,,57.74166666666667,,11.791666666666666,,,,107.9047619047619,69.42857142857143
2013-01-03,85.12083333333334,68.25833333333334,,54.12916666666666,,8.041666666666666,,,,163.625,105.125
2013-01-04,58.01666666666667,47.86666666666667,,33.49166666666667,,27.625,,,,149.5,86.375
2013-01-05,37.275,34.1,,36.583333333333336,,21.0,,,,99.625,67.91666666666667
2013-01-06,23.854166666666668,19.0125,,28.329166666666666,,23.625,,,,89.91666666666667,62.458333333333336
2013-01-07,16.925,13.391666666666666,,22.516666666666666,,27.666666666666668,,,,56.083333333333336,29.791666666666668
2013-01-08,15.158333333333333,7.183333333333334,,11.441666666666665,,39.375,,,,38.666666666666664,19.625
2013-01-09,26.620833333333334,19.904166666666665,,25.816666666666666,,29.958333333333332,,,,40.708333333333336,21.083333333333332
2013-01-10,34.449999999999996,28.516666666666666,,29.150000000000002,,30.416666666666668,,,,89.75,62.833333333333336
2013-01-11,14.204166666666666,10.475,,10.85,,58.583333333333336,,,,59.791666666666664,36.291666666666664
2013-01-12,19.787499999999998,14.429166666666667,,30.229166666666668,,40.416666666666664,,,,44.416666666666664,24.916666666666668
2013-01-13,33.15416666666667,18.916666666666668,,28.408333333333335,,26.041666666666668,,,,57.833333333333336,31.416666666666668
2013-01-14,64.39166666666667,51.42916666666667,,47.012499999999996,,16.166666666666668,,,,98.70833333333333,64.66666666666667
2013-01-15,58.362500000000004,51.37083333333334,,44.2125,,13.625,,,,150.5,86.79166666666667
2013-01-16,24.712500000000002,23.679166666666664,,22.96666666666667,,33.75,,,,103.45833333333333,69.125
2013-01-17,13.191666666666668,6.504166666666666,,12.987499999999999,,61.166666666666664,,,,46.5,28.041666666666668
2013-01-18,17.79583333333333,8.987499999999999,,17.7125,,56.708333333333336,,,,32.333333333333336,22.625
2013-01-19,15.025,6.529166666666666,,11.504166666666668,,60.416666666666664,,,,33.083333333333336,24.125
2013-01-20,21.804166666666664,10.820833333333333,,17.3125,,51.416666666666664,,,,35.583333333333336,20.833333333333332
2013-01-21,29.9875,16.504166666666666,,21.962500000000002,,45.375,,,,49.625,24.791666666666668
2013-01-22,25.65833333333333,13.833333333333334,,24.45,,41.5,,,,63.541666666666664,36.75
2013-01-23,20.55,9.079166666666667,,15.708333333333334,,63.75,,,,42.833333333333336,26.208333333333332
2013-01-24,28.675,21.158333333333335,,30.97083333333333,,38.583333333333336,,,,47.416666666666664,25.0
2013-01-25,22.34583333333333,14.637500000000001,,27.575,,46.375,,,,66.58333333333333,41.666666666666664
2013-01-26,27.791666666666668,19.666666666666668,,27.391666666666666,,31.125,,,,65.08333333333333,39.458333333333336
2013-01-27,19.879166666666666,7.3500000000000005,,14.9,,48.625,,,,48.666666666666664,26.333333333333332
2013-01-28,51.05833333333334,35.016666666666666,,30.791666666666668,,27.458333333333332,,,,57.0,36.541666666666664
2013-01-29,33.94166666666667,23.03333333333333,,25.55,,28.166666666666668,,,,93.54166666666667,64.66666666666667
2013-01-30,62.0375,53.82916666666667,,48.81666666666666,,20.291666666666668,,,,100.58333333333333,67.25
2013-01-31,56.645833333333336,41.166666666666664,,41.09583333333333,,26.25,,,,146.79166666666666,84.54166666666667
2013-02-01,20.708333333333332,13.487499999999999,,24.208333333333332,,40.208333333333336,,,,74.75,47.708333333333336
2013-02-02,21.108333333333334,15.0625,,17.445833333333333,,52.083333333333336,,,,55.25,28.958333333333332
2013-02-03,19.279166666666665,10.658333333333333,,8.450000000000001,,72.41666666666667,,,,49.708333333333336,29.208333333333332
2013-02-04,29.45,19.445833333333333,,22.745833333333334,,69.29166666666667,,,,49.25,32.791666666666664
2013-02-05,30.016666666666666,21.125,,30.258333333333336,,34.083333333333336,,,,70.25,45.75
2013-02-06,78.8875,58.479166666666664,,45.916666666666664,,23.083333333333332,,,,103.79166666666667,67.04166666666667
2013-02-07,29.03333333333333,23.2625,,21.125,,48.375,,,,131.79166666666666,79.91666666666667
2013-02-08,15.674999999999999,8.9,,16.125,,66.625,,,,47.75,30.583333333333332
2013-02-09,17.087500000000002,9.270833333333334,,17.245833333333334,,55.333333333333336,,,,37.291666666666664,22.916666666666668
2013-02-10,23.97083333333333,17.195833333333333,,27.941666666666666,,32.25,,,,48.083333333333336,24.083333333333332
2013-02-11,28.787499999999998,19.575,,30.21666666666667,,31.416666666666668,,,,65.33333333333333,38.958333333333336
2013-02-12,51.32916666666667,33.0625,,44.60833333333333,,19.625,,,,75.79166666666667,54.25
2013-02-13,69.17083333333333,41.34583333333333,,49.36666666666667,,19.666666666666668,,,,106.08333333333333,70.20833333333333
2013-02-14,48.62083333333334,27.683333333333334,,31.366666666666664,,36.833333333333336,,,,105.75,70.125
2013-02-15,31.7375,17.170833333333334,,16.704166666666666,,56.708333333333336,,,,66.54166666666667,42.041666666666664
2013-02-16,47.25833333333333,35.5875,,21.270833333333332,,40.0,,,,78.54166666666667,53.333333333333336
2013-02-17,51.979166666666664,35.00833333333333,,21.325,,34.5,,,,102.5,69.125
2013-02-18,53.949999999999996,35.00416666666667,,20.166666666666668,,43.375,,,,97.45833333333333,67.45833333333333
2013-02-19,46.979166666666664,32.983333333333334,,24.84583333333333,,43.958333333333336,,,,99.45833333333333,68.125
2013-02-20,33.67916666666667,25.40833333333333,,27.266666666666666,,47.291666666666664,,,,83.33333333333333,60.5
2013-02-21,62.7125,47.479166666666664,,50.75,,20.083333333333332,,,,103.125,69.04166666666667
2013-02-22,46.1625,40.05416666666667,,45.32916666666667,,33.041666666666664,,,,119.45833333333333,74.58333333333333
2013-02-23,55.4625,44.862500000000004,,64.58333333333333,,13.625,,,,122.83333333333333,75.66666666666667
2013-02-24,62.50416666666666,48.84583333333333,,46.11666666666667,,26.125,,,,121.5,75.25
2013-02-25,62.145833333333336,45.541666666666664,,41.05416666666667,,39.041666666666664,,,,138.54166666666666,80.70833333333333
2013-02-26,44.77916666666667,27.27916666666667,,26.9375,,48.333333333333336,,,,100.66666666666667,68.16666666666667
2013-02-27,40.44166666666667,25.733333333333334,,29.295833333333334,,47.75,,,,83.5,62.166666666666664
2013-02-28,22.787499999999998,14.720833333333333,,15.870833333333332,,57.0,,,,63.291666666666664,39.0
2013-03-01,51.291666666666664,41.85,,40.9625,,41.958333333333336,,,,84.58333333333333,55.166666666666664
2013-03-02,40.829166666666666,32.875,,34.61666666666667,,48.291666666666664,,,,104.125,69.5
2013-03-03,30.974999999999998,21.383333333333336,,13.987499999999999,,55.125,,,,89.875,64.04166666666667
2013-03-04,39.1625,32.19583333333333,,28.8875,,37.375,,,,72.875,48.166666666666664
2013-03-05,26.683333333333334,17.233333333333334,,17.841666666666665,,50.25,,,,82.66666666666667,56.166666666666664
2013-03-06,48.61666666666667,27.8125,,40.854166666666664,,43.833333333333336,,,,65.04166666666667,39.958333333333336
2013-03-07,38.895833333333336,28.183333333333334,,42.5625,,26.208333333333332,,,,93.125,65.83333333333333
2013-03-08,28.599999999999998,22.675,,25.849999999999998,,56.541666666666664,,,,78.625,59.666666666666664
2013-03-09,23.391666666666666,15.862499999999999,,17.479166666666668,,77.75,,,,62.25,37.166666666666664
2013-03-10,18.041666666666668,10.9625,,15.970833333333333,,73.875,,,,51.5,30.25
2013-03-11,29.724999999999998,19.716666666666665,,21.166666666666668,,57.041666666666664,,,,55.375,31.958333333333332
2013-03-12,30.766666666666666,15.883333333333333,,18.966666666666665,,63.208333333333336,,,,68.54166666666667,43.666666666666664
2013-03-13,22.379166666666666,13.758333333333333,,17.912499999999998,,71.75,,,,52.208333333333336,29.625
2013-03-14,24.2625,13.433333333333332,,20.354166666666668,,62.916666666666664,,,,51.875,27.458333333333332
2013-03-15,23.40833333333333,12.108333333333334,,12.608333333333334,,84.45833333333333,,,,56.166666666666664,33.916666666666664
2013-03-16,20.816666666666666,8.808333333333334,,13.745833333333332,,63.375,,,,39.25,25.375
2013-03-17,23.395833333333332,18.491666666666667,,21.120833333333334,,51.458333333333336,,,,46.791666666666664,26.958333333333332
2013-03-18,52.958333333333336,46.300000000000004,,41.987500000000004,,33.583333333333336,,,,92.54166666666667,62.75
2013-03-19,33.99166666666667,26.0125,,21.6125,,66.33333333333333,,,,118.25,74.20833333333333
2013-03-20,56.32916666666667,33.583333333333336,,42.583333333333336,,50.875,,,,67.54166666666667,42.833333333333336
2013-03-21,63.7125,47.35,,40.75833333333333,,36.541666666666664,,,,128.25,77.45833333333333
2013-03-22,25.21666666666667,20.320833333333333,,22.179166666666664,,59.125,,,,101.79166666666667,67.70833333333333
2013-03-23,24.0625,15.737499999999999,,19.779166666666665,,64.04166666666667,,,,54.416666666666664,28.916666666666668
2013-03-24,56.35833333333333,47.362500000000004,,44.208333333333336,,40.708333333333336,,,,90.375,59.041666666666664
2013-03-25,39.237500000000004,27.962500000000002,,27.058333333333334,,41.166666666666664,,,,110.58333333333333,71.70833333333333
2013-03-26,36.37083333333333,27.8125,,37.641666666666666,,52.416666666666664,,,,85.04166666666667,62.75
2013-03-27,31.375,18.479166666666668,,24.674999999999997,,57.75,,,,74.95833333333333,52.208333333333336
2013-03-28,26.45,13.475,,14.633333333333333,,67.91666666666667,,,,56.125,30.375
2013-03-29,36.824999999999996,23.8875,,22.4375,,58.083333333333336,,,,60.0,34.333333333333336
2013-03-30,58.96666666666667,45.9125,,49.699999999999996,,34.708333333333336,,,,104.75,69.45833333333333
2013-03-31,62.98333333333333,52.175000000000004,,45.34166666666667,,15.541666666666666,,,,125.20833333333333,76.5
2013-04-01,49.270833333333336,40.25416666666667,,43.541666666666664,,36.833333333333336,,,,139.91666666666666,81.29166666666667
2013-04-02,36.333333333333336,25.679166666666664,,35.84583333333333,,44.375,,,,87.04166666666667,63.5
2013-04-03,44.50416666666666,36.25,,39.145833333333336,,40.458333333333336,,,,92.04166666666667,65.33333333333333
2013-04-04,24.691666666666666,17.183333333333334,,25.875,,65.83333333333333,,,,79.54166666666667,55.666666666666664
2013-04-05,38.8375,26.808333333333334,,33.90416666666667,,45.125,,,,72.66666666666667,50.333333333333336
2013-04-06,57.32916666666667,35.65416666666666,,37.15416666666667,,58.583333333333336,,,,81.70833333333333,61.125
2013-04-07,87.97916666666667,49.75416666666666,,30.920833333333334,,56.791666666666664,,,,140.04166666666666,81.875
2013-04-08,30.554166666666664,14.833333333333334,,13.924999999999999,,66.58333333333333,,,,88.375,58.625
2013-04-09,46.62083333333334,26.4375,,27.02916666666667,,54.125,,,,55.833333333333336,33.208333333333336
2013-04-10,58.050000000000004,37.34166666666667,,33.225,,42.625,,,,104.5,69.625
2013-04-11,54.15833333333333,42.56666666666667,,46.67083333333333,,41.458333333333336,,,,101.66666666666667,68.91666666666667
2013-04-12,69.21249999999999,58.69166666666666,,64.09166666666667,,35.25,,,,145.08333333333334,85.625
2013-04-13,47.5375,44.82916666666667,,41.4375,,51.75,,,,129.375,78.04166666666667
2013-04-14,36.387499999999996,40.59166666666667,,30.495833333333334,,41.791666666666664,,,,137.91666666666666,80.625
2013-04-15,20.220833333333335,12.933333333333332,,14.170833333333334,,63.625,,,,67.66666666666667,40.916666666666664
2013-04-16,24.662499999999998,13.237499999999999,,13.179166666666667,,71.33333333333333,,,,53.0,28.708333333333332
2013-04-17,24.02916666666667,12.595833333333333,,11.516666666666666,,73.0,,,,51.166666666666664,29.166666666666668
2013-04-18,28.28333333333333,18.591666666666665,,18.474999999999998,,65.29166666666667,,,,56.458333333333336,31.291666666666668
2013-04-19,32.99166666666667,23.445833333333336,,20.416666666666668,,59.791666666666664,,,,69.45833333333333,45.666666666666664
2013-04-20,40.97083333333333,21.662499999999998,,21.254166666666666,,59.75,,,,70.25,46.208333333333336
2013-04-21,56.300000000000004,31.6875,,32.72083333333333,,41.875,,,,82.79166666666667,59.916666666666664
2013-04-22,51.512499999999996,37.75833333333333,,32.829166666666666,,52.541666666666664,,,,100.41666666666667,68.33333333333333
2013-04-23,36.25416666666667,23.683333333333334,,30.6125,,60.291666666666664,,,,88.25,61.916666666666664
2013-04-24,62.300000000000004,48.4,,62.74166666666667,,33.375,,,,92.375,64.91666666666667
2013-04-25,96.56666666666666,84.675,,78.62916666666666,,27.25,,,,157.5,97.45833333333333
2013-04-26,96.32083333333333,88.73333333333333,,73.17916666666666,,32.958333333333336,,,,169.66666666666666,114.16666666666667
2013-04-27,74.125,55.86666666666667,,59.041666666666664,,48.458333333333336,,,,150.625,89.25
2013-04-28,53.71666666666667,54.4125,,44.1625,,48.125,,,,154.0,90.5
2013-04-29,53.375,50.770833333333336,,55.949999999999996,,46.708333333333336,,,,135.70833333333334,79.875
2013-04-30,46.45416666666667,33.670833333333334,,24.575,,69.58333333333333,,,,116.125,73.54166666666667
2013-05-01,45.51666666666667,35.733333333333334,,21.90416666666667,,73.79166666666667,,,,94.91666666666667,66.41666666666667
2013-05-02,43.29583333333333,32.50416666666667,,19.216666666666665,,77.625,,,,101.54166666666667,68.91666666666667
2013-05-03,41.204166666666666,31.979166666666668,,22.925,,74.91666666666667,,,,92.33333333333333,65.54166666666667
2013-05-04,60.708333333333336,53.762499999999996,,46.104166666666664,,50.166666666666664,,,,108.91666666666667,71.16666666666667
2013-05-05,58.65833333333333,47.770833333333336,,40.300000000000004,,41.333333333333336,,,,147.25,84.29166666666667
2013-05-06,34.03333333333333,24.383333333333336,,19.433333333333334,,58.916666666666664,,,,104.66666666666667,69.58333333333333
2013-05-07,29.2375,20.683333333333334,,14.775,,71.45833333333333,,,,68.75,43.583333333333336
2013-05-08,29.079166666666666,19.108333333333334,,13.266666666666667,,82.45833333333333,,,,67.45833333333333,41.666666666666664
2013-05-09,35.34166666666667,22.145833333333332,,18.716666666666665,,79.45833333333333,,,,66.25,39.833333333333336
2013-05-10,40.833333333333336,27.420833333333334,,29.691666666666666,,58.375,,,,74.25,53.125
2013-05-11,43.25833333333333,37.59166666666667,,38.09583333333333,,53.458333333333336,,,,95.33333333333333,66.58333333333333
2013-05-12,42.84583333333333,44.729166666666664,,40.65416666666667,,47.166666666666664,,,,124.41666666666667,76.29166666666667
2013-05-13,46.262499999999996,42.875,,44.775,,42.333333333333336,,,,107.83333333333333,70.91666666666667
2013-05-14,32.85,36.96666666666667,,29.641666666666666,,44.666666666666664,,,,129.58333333333334,77.79166666666667
2013-05-15,34.85,36.74583333333333,,36.47083333333333,,38.791666666666664,,,,93.41666666666667,65.91666666666667
2013-05-16,48.3375,48.666666666666664,,38.46666666666667,,25.041666666666668,,,,118.95833333333333,74.5
2013-05-17,45.0625,42.487500000000004,,27.941666666666666,,48.958333333333336,,,,126.375,76.875
2013-05-18,57.96666666666667,29.066666666666666,,28.929166666666664,,56.916666666666664,,,,91.95833333333333,65.45833333333333
2013-05-19,94.83333333333333,76.21249999999999,,56.487500000000004,,32.541666666666664,,,,140.5,87.54166666666667
2013-05-20,58.61666666666667,46.25,,43.36666666666667,,45.166666666666664,,,,143.95833333333334,85.83333333333333
2013-05-21,39.38333333333333,30.958333333333332,,36.35,,49.666666666666664,,,,109.16666666666667,71.29166666666667
2013-05-22,56.975,42.479166666666664,,37.15833333333333,,48.125,,,,91.79166666666667,65.29166666666667
2013-05-23,62.512499999999996,45.987500000000004,,21.0625,,66.75,,,,141.375,81.79166666666667
2013-05-24,29.400000000000002,14.987499999999999,,10.708333333333334,,92.58333333333333,,,,86.16666666666667,57.333333333333336
2013-05-25,28.558333333333334,16.579166666666666,,17.458333333333332,,82.5,,,,52.375,33.875
2013-05-26,24.370833333333334,16.070833333333333,,19.245833333333334,,71.58333333333333,,,,61.916666666666664,35.875
2013-05-27,33.11666666666667,25.1875,,26.516666666666666,,75.04166666666667,,,,63.583333333333336,39.333333333333336
2013-05-28,26.233333333333334,22.90833333333333,,34.9375,,66.625,,,,80.0,58.791666666666664
2013-05-29,41.1,33.041666666666664,,29.979166666666668,,69.875,,,,85.58333333333333,61.541666666666664
2013-05-30,105.58333333333333,44.63333333333333,,21.90833333333333,,72.0,,,,104.20833333333333,70.45833333333333
2013-05-31,66.88333333333334,28.608333333333334,,20.095833333333335,,68.66666666666667,,,,111.66666666666667,82.41666666666667
2013-06-01,27.9875,21.5125,,27.383333333333336,,75.0,,,,71.375,50.333333333333336
2013-06-02,30.195833333333336,34.09583333333333,,32.233333333333334,,55.916666666666664,,,,90.66666666666667,63.666666666666664
2013-06-03,22.474999999999998,18.233333333333334,,20.066666666666666,,62.375,,,,68.625,43.375
2013-06-04,51.375,42.82083333333333,,43.583333333333336,,46.166666666666664,,,,95.29166666666667,64.625
2013-06-05,65.83749999999999,63.225,,48.57916666666667,,42.041666666666664,,,,141.41666666666666,83.125
2013-06-06,72.9875,76.75833333333334,,57.112500000000004,,43.625,,,,158.875,97.875
2013-06-07,51.30416666666667,51.67083333333333,,41.775,,49.958333333333336,,,,151.54166666666666,90.04166666666667
2013-06-08,53.05416666666667,46.5625,,28.3625,,69.04166666666667,,,,141.04166666666666,81.625
2013-06-09,28.041666666666668,20.570833333333333,,16.770833333333332,,69.33333333333333,,,,89.45833333333333,61.0
2013-06-10,47.85,33.108333333333334,,37.78333333333333,,50.416666666666664,,,,77.125,53.041666666666664
2013-06-11,36.82083333333333,28.645833333333332,,29.729166666666668,,58.083333333333336,,,,95.79166666666667,66.70833333333333
2013-06-12,20.7625,13.766666666666666,,14.833333333333334,,67.375,,,,66.33333333333333,43.416666666666664
2013-06-13,23.8125,18.316666666666666,,22.375,,54.5,,,,58.458333333333336,31.916666666666668
2013-06-14,32.05833333333333,23.875,,34.42916666666667,,44.875,,,,68.75,44.833333333333336
2013-06-15,27.9375,24.2,,26.96666666666667,,52.208333333333336,,,,70.625,47.083333333333336
2013-06-16,40.00416666666667,34.833333333333336,,31.96666666666667,,58.125,,,,91.125,65.0
2013-06-17,32.800000000000004,33.208333333333336,,28.445833333333336,,50.208333333333336,,,,107.54166666666667,70.79166666666667
2013-06-18,31.662499999999998,24.9875,,21.933333333333334,,56.583333333333336,,,,84.41666666666667,62.416666666666664
2013-06-19,25.412499999999998,17.087500000000002,,16.595833333333335,,74.41666666666667,,,,66.58333333333333,41.708333333333336
2013-06-20,21.75,12.895833333333334,,13.237499999999999,,73.79166666666667,,,,54.958333333333336,31.833333333333332
2013-06-21,18.508333333333333,11.450000000000001,,11.570833333333333,,67.41666666666667,,,,49.875,27.25
2013-06-22,21.087500000000002,16.091666666666665,,14.4375,,71.125,,,,51.875,29.208333333333332
2013-06-23,23.133333333333336,17.483333333333334,,19.016666666666666,,64.875,,,,61.333333333333336,34.791666666666664
2013-06-24,25.383333333333336,20.433333333333334,,24.066666666666666,,63.416666666666664,,,,64.625,37.791666666666664
2013-06-25,29.5125,21.5,,20.037499999999998,,58.833333333333336,,,,70.375,46.291666666666664
2013-06-26,26.383333333333336,17.162499999999998,,12.879166666666668,,62.5,,,,64.625,38.25
2013-06-27,26.1375,19.516666666666666,,13.470833333333333,,70.75,,,,62.916666666666664,36.0
2013-06-28,26.575,18.741666666666667,,15.7875,,58.666666666666664,,,,66.375,39.5
2013-06-29,25.575,18.170833333333334,,14.854166666666666,,55.875,,,,63.416666666666664,36.75
2013-06-30,30.650000000000002,23.070833333333336,,20.533333333333335,,57.125,,,,67.70833333333333,43.125
2013-07-01,14.799999999999999,10.195833333333333,,13.129166666666668,,56.5,,,,59.0,34.708333333333336
2013-07-02,21.566666666666666,17.941666666666666,,19.341666666666665,,53.791666666666664,,,,54.833333333333336,29.125
2013-07-03,26.59166666666667,24.795833333333334,,24.770833333333332,,49.833333333333336,,,,71.5,49.25
2013-07-04,24.09166666666667,20.616666666666667,,22.099999999999998,,52.791666666666664,,,,72.33333333333333,50.041666666666664
2013-07-05,19.320833333333333,13.604166666666666,,18.091666666666665,,58.916666666666664,,,,60.75,34.333333333333336
2013-07-06,23.587500000000002,15.7875,,14.320833333333333,,71.75,,,,54.333333333333336,31.166666666666668
2013-07-07,21.479166666666668,15.549999999999999,,12.533333333333333,,72.45833333333333,,,,57.583333333333336,31.916666666666668
2013-07-08,23.983333333333334,18.429166666666667,,15.475,,68.33333333333333,,,,60.041666666666664,33.291666666666664
2013-07-09,26.775000000000002,16.75,,12.145833333333334,,76.20833333333333,,,,63.333333333333336,36.541666666666664
2013-07-10,24.829166666666666,12.866666666666667,,10.716666666666667,,74.0,,,,54.666666666666664,31.166666666666668
2013-07-11,22.974999999999998,15.916666666666666,,13.404166666666667,,70.04166666666667,,,,56.333333333333336,31.208333333333332
2013-07-12,21.90833333333333,18.179166666666667,,16.433333333333334,,61.0,,,,59.291666666666664,32.75
2013-07-13,23.641666666666666,22.304166666666664,,17.599999999999998,,57.666666666666664,,,,68.125,42.875
2013-07-14,26.954166666666666,23.058333333333334,,18.158333333333335,,62.208333333333336,,,,72.91666666666667,50.791666666666664
2013-07-15,23.662499999999998,17.616666666666667,,16.445833333333333,,61.0,,,,69.625,45.5
2013-07-16,20.241666666666667,13.4,,10.704166666666666,,64.41666666666667,,,,54.333333333333336,30.541666666666668
2013-07-17,20.8875,12.35,,9.041666666666666,,70.54166666666667,,,,52.375,29.041666666666668
2013-07-18,22.820833333333336,12.845833333333333,,10.137500000000001,,65.375,,,,51.625,28.0
2013-07-19,22.087500000000002,13.408333333333333,,12.4,,70.16666666666667,,,,52.5,28.875
2013-07-20,20.945833333333333,14.020833333333334,,14.129166666666668,,66.91666666666667,,,,53.625,29.083333333333332
2013-07-21,21.729166666666668,16.1875,,14.879166666666668,,60.875,,,,58.458333333333336,31.875
2013-07-22,16.341666666666665,8.508333333333333,,10.766666666666666,,65.25,,,,45.916666666666664,28.125
2013-07-23,18.329166666666666,11.770833333333334,,15.704166666666666,,61.0,,,,42.166666666666664,25.375
2013-07-24,27.275000000000002,22.45,,26.808333333333334,,60.583333333333336,,,,59.166666666666664,33.375
2013-07-25,45.25,37.291666666666664,,45.71666666666667,,49.916666666666664,,,,85.54166666666667,61.875
2013-07-26,27.974999999999998,23.724999999999998,,25.52916666666667,,56.375,,,,96.83333333333333,67.04166666666667
2013-07-27,23.733333333333334,18.904166666666665,,20.145833333333332,,64.41666666666667,,,,67.41666666666667,41.458333333333336
2013-07-28,24.425,20.575,,19.320833333333333,,56.125,,,,68.08333333333333,42.125
2013-07-29,26.566666666666666,20.275000000000002,,22.166666666666668,,61.083333333333336,,,,65.25,38.5
2013-07-30,33.475,30.045833333333334,,39.391666666666666,,58.0,,,,75.79166666666667,52.833333333333336
2013-07-31,21.40416666666667,19.95,,18.8125,,62.583333333333336,,,,83.0,59.708333333333336
2013-08-01,15.708333333333334,10.245833333333334,,13.883333333333333,,58.791666666666664,,,,51.25,28.958333333333332
2013-08-02,24.708333333333332,16.162499999999998,,14.933333333333332,,71.91666666666667,,,,54.208333333333336,30.625
2013-08-03,22.162499999999998,15.841666666666667,,17.333333333333332,,66.29166666666667,,,,58.833333333333336,33.166666666666664
2013-08-04,20.041666666666668,15.816666666666668,,16.745833333333334,,60.333333333333336,,,,58.25,32.208333333333336
2013-08-05,16.416666666666668,10.008333333333333,,10.395833333333334,,66.125,,,,48.333333333333336,29.458333333333332
2013-08-06,20.320833333333333,13.904166666666667,,11.275,,78.20833333333333,,,,48.75,31.583333333333332
2013-08-07,20.133333333333333,13.133333333333333,,13.1625,,75.5,,,,52.666666666666664,31.166666666666668
2013-08-08,23.59583333333333,17.195833333333333,,15.145833333333334,,68.25,,,,57.333333333333336,31.625
2013-08-09,27.866666666666664,20.2,,12.629166666666668,,75.66666666666667,,,,63.041666666666664,36.25
2013-08-10,27.5625,20.558333333333334,,11.704166666666666,,77.75,,,,69.33333333333333,44.375
2013-08-11,21.695833333333336,14.816666666666668,,11.516666666666666,,79.125,,,,62.666666666666664,36.833333333333336
2013-08-12,26.65833333333333,22.516666666666666,,18.083333333333332,,63.25,,,,61.125,35.041666666666664
2013-08-13,33.270833333333336,29.075,,19.5625,,73.33333333333333,,,,81.08333333333333,60.25
2013-08-14,41.770833333333336,36.40416666666667,,15.112499999999999,,79.41666666666667,,,,92.29166666666667,65.41666666666667
2013-08-15,33.05416666666667,27.491666666666664,,13.016666666666666,,71.41666666666667,,,,96.875,67.125
2013-08-16,41.204166666666666,32.46666666666667,,12.299999999999999,,76.29166666666667,,,,83.25,61.916666666666664
2013-08-17,32.92916666666667,20.916666666666668,,9.424999999999999,,78.79166666666667,,,,85.95833333333333,62.0
2013-08-18,30.150000000000002,17.995833333333334,,14.941666666666668,,68.41666666666667,,,,60.708333333333336,34.625
2013-08-19,41.17916666666667,26.8875,,16.383333333333333,,70.125,,,,75.33333333333333,53.208333333333336
2013-08-20,35.8,23.416666666666668,,13.370833333333332,,71.5,,,,77.16666666666667,57.333333333333336
2013-08-21,23.087500000000002,14.495833333333332,,10.733333333333334,,85.20833333333333,,,,67.16666666666667,43.708333333333336
2013-08-22,22.566666666666666,13.166666666666666,,10.783333333333333,,79.75,,,,51.708333333333336,31.958333333333332
2013-08-23,26.2375,17.5,,15.733333333333334,,70.08333333333333,,,,57.625,31.958333333333332
2013-08-24,27.05,20.466666666666665,,19.620833333333334,,68.58333333333333,,,,65.70833333333333,38.833333333333336
2013-08-25,26.849999999999998,20.804166666666667,,16.2,,67.79166666666667,,,,68.29166666666667,42.583333333333336
2013-08-26,25.712500000000002,20.170833333333334,,18.1125,,60.833333333333336,,,,65.20833333333333,38.666666666666664
2013-08-27,34.06666666666667,26.516666666666666,,24.245833333333334,,53.75,,,,78.95833333333333,57.166666666666664
2013-08-28,32.44583333333333,22.616666666666664,,23.587500000000002,,58.0,,,,71.45833333333333,48.0
2013-08-29,41.141666666666666,34.358333333333334,,29.34583333333333,,54.166666666666664,,,,90.04166666666667,63.958333333333336
2013-08-30,23.666666666666668,14.641666666666666,,14.554166666666667,,64.25,,,,75.20833333333333,49.625
2013-08-31,17.033333333333335,10.458333333333334,,11.316666666666668,,61.958333333333336,,,,48.458333333333336,27.416666666666668
2013-09-01,17.816666666666666,13.799999999999999,,14.924999999999999,,66.66666666666667,,,,48.875,27.333333333333332
2013-09-02,20.275000000000002,16.004166666666666,,20.425,,58.583333333333336,,,,57.625,31.125
2013-09-03,35.920833333333334,34.15416666666667,,37.7125,,48.75,,,,76.375,51.875
2013-09-04,17.866666666666667,13.604166666666666,,18.125,,44.666666666666664,,,,76.375,50.166666666666664
2013-09-05,21.366666666666664,16.541666666666668,,24.599999999999998,,42.291666666666664,,,,58.125,31.583333333333332
2013-09-06,28.133333333333336,22.504166666666666,,27.3125,,51.166666666666664,,,,63.041666666666664,36.916666666666664
2013-09-07,27.141666666666666,23.116666666666664,,21.954166666666666,,57.875,,,,74.70833333333333,54.208333333333336
2013-09-08,18.254166666666666,13.958333333333334,,15.862499999999999,,56.75,,,,64.25,39.166666666666664
2013-09-09,18.2,12.695833333333333,,17.204166666666666,,57.916666666666664,,,,52.916666666666664,27.625
2013-09-10,24.375,20.349999999999998,,29.204166666666666,,52.125,,,,56.166666666666664,29.958333333333332
2013-09-11,31.22083333333333,26.345833333333335,,36.329166666666666,,45.875,,,,74.625,53.708333333333336
2013-09-12,44.854166666666664,43.74166666666667,,45.050000000000004,,39.75,,,,99.625,67.95833333333333
2013-09-13,47.72083333333333,42.59583333333333,,40.06666666666667,,35.916666666666664,,,,125.375,76.41666666666667
2013-09-14,27.8125,28.083333333333332,,29.129166666666666,,43.041666666666664,,,,104.29166666666667,69.58333333333333
2013-09-15,22.125,22.575,,24.40833333333333,,57.791666666666664,,,,75.29166666666667,54.666666666666664
2013-09-16,26.59166666666667,24.0125,,35.295833333333334,,48.166666666666664,,,,66.70833333333333,41.333333333333336
2013-09-17,28.741666666666664,27.104166666666668,,28.09166666666667,,68.5,,,,82.29166666666667,61.25
2013-09-18,22.34166666666667,17.875,,25.983333333333334,,53.166666666666664,,,,69.41666666666667,45.541666666666664
2013-09-19,38.12083333333333,34.237500000000004,,49.06666666666666,,27.375,,,,79.625,54.125
2013-09-20,19.32916666666667,20.808333333333334,,24.554166666666664,,44.583333333333336,,,,92.45833333333333,64.70833333333333
2013-09-21,21.070833333333333,17.870833333333334,,23.09583333333333,,43.083333333333336,,,,60.0,33.416666666666664
2013-09-22,20.2,15.745833333333332,,22.05,,37.75,,,,62.75,36.041666666666664
2013-09-23,26.808333333333334,17.991666666666667,,23.633333333333336,,35.125,,,,55.083333333333336,28.75
2013-09-24,25.504166666666666,20.195833333333333,,18.841666666666665,,48.541666666666664,,,,68.58333333333333,43.583333333333336
2013-09-25,25.479166666666668,21.958333333333332,,27.145833333333332,,47.625,,,,67.125,40.666666666666664
2013-09-26,32.87916666666667,35.5,,38.34166666666667,,40.041666666666664,,,,89.125,62.958333333333336
2013-09-27,30.558333333333334,26.65833333333333,,20.033333333333335,,62.958333333333336,,,,89.0,64.16666666666667
2013-09-28,30.979166666666668,23.266666666666666,,26.46666666666667,,42.375,,,,72.66666666666667,50.166666666666664
2013-09-29,33.92916666666667,25.9875,,32.108333333333334,,40.541666666666664,,,,78.91666666666667,59.916666666666664
2013-09-30,37.18333333333333,32.449999999999996,,33.74166666666667,,42.666666666666664,,,,83.91666666666667,61.916666666666664
2013-10-01,20.595833333333335,17.158333333333335,,20.454166666666666,,60.458333333333336,,,,86.75,60.25
2013-10-02,12.920833333333334,6.983333333333333,,11.108333333333334,,44.583333333333336,,,,40.875,21.25
2013-10-03,14.204166666666666,8.829166666666667,,10.095833333333333,,47.375,,,,31.75,18.916666666666668
2013-10-04,16.829166666666666,9.770833333333334,,10.433333333333334,,40.958333333333336,,,,38.25,18.333333333333332
2013-10-05,16.795833333333334,10.745833333333332,,13.345833333333333,,42.458333333333336,,,,42.5,20.375
2013-10-06,22.9375,18.608333333333334,,24.212500000000002,,34.958333333333336,,,,57.0,30.791666666666668
2013-10-07,22.59166666666667,15.420833333333334,,18.254166666666666,,52.0,,,,61.208333333333336,34.625
2013-10-08,19.808333333333334,14.237499999999999,,16.254166666666666,,57.333333333333336,,,,54.583333333333336,28.541666666666668
2013-10-09,29.516666666666666,22.479166666666668,,25.775000000000002,,51.625,,,,59.541666666666664,33.291666666666664
2013-10-10,52.1625,49.89166666666667,,47.22083333333333,,37.291666666666664,,,,104.08333333333333,68.70833333333333
2013-10-11,48.99583333333334,64.94166666666666,,54.3125,,19.083333333333332,,,,152.0,88.95833333333333
2013-10-12,60.949999999999996,79.50416666666668,,57.6875,,25.166666666666668,,,,160.875,100.91666666666667
2013-10-13,33.479166666666664,29.295833333333334,,17.075,,60.625,,,,122.79166666666667,78.83333333333333
2013-10-14,33.887499999999996,29.666666666666668,,23.1875,,47.5,,,,87.41666666666667,63.625
2013-10-15,50.4625,43.833333333333336,,46.1,,35.916666666666664,,,,91.5,65.29166666666667
2013-10-16,48.44583333333333,52.041666666666664,,43.791666666666664,,31.458333333333332,,,,148.95833333333334,87.375
2013-10-17,18.329166666666666,11.079166666666666,,21.179166666666667,,43.875,,,,78.08333333333333,47.875
2013-10-18,16.745833333333334,12.174999999999999,,18.370833333333334,,36.875,,,,44.833333333333336,21.5
2013-10-19,29.758333333333336,27.479166666666668,,31.329166666666666,,29.75,,,,62.125,36.958333333333336
2013-10-20,30.587500000000002,23.3625,,27.1875,,27.041666666666668,,,,88.91666666666667,64.125
2013-10-21,47.90416666666667,49.020833333333336,,45.166666666666664,,19.708333333333332,,,,84.16666666666667,57.0
2013-10-22,51.775,44.23333333333333,,47.40833333333333,,27.791666666666668,,,,142.08333333333334,81.79166666666667
2013-10-23,36.237500000000004,30.78333333333333,,22.27916666666667,,42.333333333333336,,,,108.41666666666667,70.95833333333333
2013-10-24,27.870833333333334,18.724999999999998,,15.120833333333332,,49.25,,,,77.75,55.291666666666664
2013-10-25,22.545833333333334,15.454166666666666,,19.474999999999998,,40.416666666666664,,,,58.416666666666664,31.958333333333332
2013-10-26,24.59166666666667,17.629166666666666,,22.304166666666664,,39.958333333333336,,,,60.5,33.958333333333336
2013-10-27,31.90833333333333,24.620833333333334,,31.079166666666666,,32.458333333333336,,,,65.0,39.208333333333336
2013-10-28,57.89166666666667,51.38333333333333,,46.21666666666667,,20.25,,,,105.79166666666667,69.79166666666667
2013-10-29,58.21666666666667,55.5875,,57.675000000000004,,24.5,,,,146.75,83.45833333333333
2013-10-30,48.887499999999996,43.291666666666664,,39.4375,,23.958333333333332,,,,139.33333333333334,80.95833333333333
2013-10-31,37.300000000000004,30.808333333333334,,19.32916666666667,,54.958333333333336,,,,105.29166666666667,70.04166666666667
2013-11-01,32.0375,22.958333333333332,,17.204166666666666,,51.083333333333336,,,,79.0,56.708333333333336
2013-11-02,68.63333333333334,57.5,,44.425000000000004,,24.625,,,,96.70833333333333,65.08333333333333
2013-11-03,71.625,60.92083333333333,,38.94583333333333,,25.291666666666668,,,,157.625,96.04166666666667
2013-11-04,46.13333333333333,38.65,,29.816666666666666,,42.708333333333336,,,,122.70833333333333,76.0
2013-11-05,32.68333333333333,31.916666666666668,,22.016666666666666,,51.333333333333336,,,,111.08333333333333,71.95833333333333
2013-11-06,31.662499999999998,24.191666666666666,,28.054166666666664,,38.333333333333336,,,,73.75,49.708333333333336
2013-11-07,34.108333333333334,35.78333333333333,,41.925000000000004,,22.833333333333332,,,,86.625,63.291666666666664
2013-11-08,44.60833333333333,49.63333333333333,,42.62916666666667,,17.541666666666668,,,,134.66666666666666,80.25
2013-11-09,39.25,34.05833333333333,,35.520833333333336,,24.708333333333332,,,,101.41666666666667,68.58333333333333
2013-11-10,39.025,37.449999999999996,,43.07916666666667,,21.5,,,,104.08333333333333,69.58333333333333
2013-11-11,47.416666666666664,42.61666666666667,,53.18333333333334,,11.041666666666666,,,,101.20833333333333,68.70833333333333
2013-11-12,44.03333333333333,39.699999999999996,,44.0875,,20.208333333333332,,,,130.45833333333334,78.125
2013-11-13,33.737500000000004,23.004166666666666,,15.758333333333333,,43.916666666666664,,,,84.16666666666667,59.958333333333336
2013-11-14,30.141666666666666,19.233333333333334,,14.762500000000001,,46.0,,,,72.375,50.25
2013-11-15,20.925,11.695833333333333,,11.666666666666666,,55.125,,,,55.958333333333336,29.75
2013-11-16,17.783333333333335,9.545833333333333,,12.033333333333333,,55.291666666666664,,,,44.416666666666664,23.166666666666668
2013-11-17,19.875,13.5375,,18.283333333333335,,33.125,,,,41.583333333333336,20.5
2013-11-18,25.395833333333332,20.929166666666667,,20.375,,30.0,,,,63.25,36.916666666666664
2013-11-19,52.61666666666667,45.166666666666664,,40.612500000000004,,22.5,,,,79.95833333333333,52.75
2013-11-20,51.8125,46.84166666666667,,41.520833333333336,,10.375,,,,145.41666666666666,84.29166666666667
2013-11-21,40.61666666666667,29.875,,32.324999999999996,,18.416666666666668,,,,106.54166666666667,70.33333333333333
2013-11-22,33.449999999999996,26.6875,,37.204166666666666,,13.375,,,,82.5,61.833333333333336
2013-11-23,59.89166666666667,50.354166666666664,,57.1875,,10.916666666666666,,,,88.75,63.625
2013-11-24,51.604166666666664,43.083333333333336,,45.50833333333333,,16.083333333333332,,,,148.66666666666666,86.70833333333333
2013-11-25,17.912499999999998,13.783333333333333,,24.52916666666667,,50.5,,,,77.5,50.125
2013-11-26,30.766666666666666,24.037499999999998,,45.262499999999996,,17.625,,,,60.0,34.083333333333336
2013-11-27,42.145833333333336,35.5875,,39.34166666666666,,15.791666666666666,,,,99.41666666666667,67.70833333333333
2013-11-28,23.787499999999998,17.016666666666666,,22.320833333333336,,20.916666666666668,,,,69.66666666666667,43.958333333333336
2013-11-29,29.379166666666666,24.599999999999998,,27.454166666666666,,22.333333333333332,,,,73.70833333333333,51.958333333333336
2013-11-30,50.520833333333336,46.362500000000004,,40.53333333333333,,15.25,,,,92.04166666666667,64.0
2013-12-01,48.06666666666666,45.574999999999996,,42.545833333333334,,16.083333333333332,,,,133.08333333333334,78.95833333333333
2013-12-02,32.666666666666664,30.204166666666666,,28.416666666666668,,26.583333333333332,,,,114.33333333333333,72.875
2013-12-03,14.975,7.05,,10.200000000000001,,43.625,,,,57.708333333333336,35.458333333333336
2013-12-04,16.129166666666666,7.175,,11.304166666666667,,34.625,,,,27.166666666666668,16.666666666666668
2013-12-05,37.762499999999996,30.9875,,35.3375,,12.75,,,,56.166666666666664,35.0
2013-12-06,38.641666666666666,30.291666666666668,,29.391666666666666,,25.041666666666668,,,,96.16666666666667,66.91666666666667
2013-12-07,18.741666666666667,17.025000000000002,,25.670833333333334,,42.583333333333336,,,,76.75,52.125
2013-12-08,15.733333333333334,12.491666666666667,,19.45,,41.75,,,,52.416666666666664,26.333333333333332
2013-12-09,26.333333333333332,21.520833333333332,,23.133333333333336,,30.875,,,,63.791666666666664,39.041666666666664
2013-12-10,15.862499999999999,9.070833333333333,,12.841666666666667,,42.416666666666664,,,,55.125,30.708333333333332
2013-12-11,13.029166666666667,5.945833333333333,,10.799999999999999,,29.541666666666668,,,,28.125,14.291666666666666
2013-12-12,25.891666666666666,22.245833333333334,,26.724999999999998,,14.916666666666666,,,,41.083333333333336,21.791666666666668
2013-12-13,36.670833333333334,36.125,,33.3125,,8.916666666666666,,,,96.5,66.41666666666667
2013-12-14,34.233333333333334,29.545833333333334,,32.704166666666666,,10.958333333333334,,,,92.58333333333333,65.54166666666667
2013-12-15,56.0375,50.762499999999996,,43.77916666666667,,8.083333333333334,,,,97.375,67.20833333333333
2013-12-16,59.3375,47.85833333333333,,43.775,,7.375,,,,148.125,84.54166666666667
2013-12-17,15.620833333333335,11.920833333333334,,17.404166666666665,,27.625,,,,89.0,57.416666666666664
2013-12-18,20.870833333333334,13.604166666666666,,17.270833333333332,,28.083333333333332,,,,51.083333333333336,25.291666666666668
2013-12-19,42.708333333333336,36.88333333333333,,37.46666666666667,,17.833333333333332,,,,65.45833333333333,39.625
2013-12-20,60.979166666666664,57.487500000000004,,48.6625,,5.541666666666667,,,,141.33333333333334,83.0
2013-12-21,52.824999999999996,39.225,,44.26666666666667,,12.083333333333334,,,,121.5,75.41666666666667
2013-12-22,64.23333333333333,44.14166666666667,,41.858333333333334,,10.625,,,,126.54166666666667,76.91666666666667
2013-12-23,99.87916666666666,81.02916666666667,,62.65833333333333,,10.583333333333334,,,,135.45833333333334,82.41666666666667
2013-12-24,69.80416666666666,68.49583333333334,,63.2875,,4.083333333333333,,,,166.04166666666666,108.75
2013-12-25,50.791666666666664,49.70416666666667,,49.30833333333334,,10.0,,,,144.66666666666666,84.33333333333333
2013-12-26,40.608333333333334,36.479166666666664,,42.583333333333336,,7.416666666666667,,,,120.875,75.08333333333333
2013-12-27,48.55833333333334,36.045833333333334,,29.433333333333334,,25.125,,,,99.79166666666667,68.25
2013-12-28,57.67083333333333,42.5875,,38.166666666666664,,18.958333333333332,,,,110.95833333333333,71.95833333333333
2013-12-29,39.62916666666667,27.22083333333333,,22.40833333333333,,29.875,,,,102.41666666666667,68.875
2013-12-30,31.5625,20.3125,,20.079166666666666,,39.875,,,,74.08333333333333,52.25
2013-12-31,29.5,18.204166666666666,,17.616666666666667,,40.208333333333336,,,,64.125,37.166666666666664
2014-01-01,31.650000000000002,23.40416666666667,,23.675,,32.958333333333336,,,,66.125,40.291666666666664
2014-01-02,47.291666666666664,36.40833333333333,,27.474999999999998,,28.333333333333332,,,,87.41666666666667,63.375
2014-01-03,69.1875,52.80416666666667,,36.262499999999996,,17.666666666666668,,,,123.25,75.83333333333333
2014-01-04,63.55833333333334,44.68333333333334,,30.445833333333336,,21.0,,,,132.91666666666666,78.875
2014-01-05,93.65833333333335,68.90833333333333,,42.59166666666667,,10.166666666666666,,,,144.08333333333334,85.16666666666667
2014-01-06,58.833333333333336,41.170833333333334,,46.95416666666667,,10.666666666666666,,,,143.20833333333334,85.66666666666667
2014-01-07,73.68333333333334,45.762499999999996,,52.175000000000004,,13.416666666666666,,,,117.0,73.83333333333333
2014-01-08,45.87083333333334,34.4375,,26.079166666666666,,33.833333333333336,,,,114.29166666666667,72.95833333333333
2014-01-09,42.041666666666664,30.4875,,28.954166666666666,,33.041666666666664,,,,91.95833333333333,65.33333333333333
2014-01-10,57.63333333333333,38.362500000000004,,34.895833333333336,,24.333333333333332,,,,103.125,69.45833333333333
2014-01-11,65.54166666666667,44.28333333333333,,43.25833333333333,,18.958333333333332,,,,102.25,68.95833333333333
2014-01-12,60.35833333333333,42.4125,,34.1,,28.208333333333332,,,,132.125,78.75
2014-01-13,61.36666666666667,40.525,,40.170833333333334,,24.125,,,,105.375,70.125
2014-01-14,71.95833333333333,48.9625,,43.42083333333333,,16.083333333333332,,,,134.125,79.29166666666667
2014-01-15,62.987500000000004,39.80416666666667,,43.62916666666666,,12.25,,,,120.16666666666667,74.83333333333333
2014-01-16,34.34583333333333,20.8625,,30.21666666666667,,31.208333333333332,,,,89.83333333333333,63.375
2014-01-17,38.9625,28.391666666666666,,36.68333333333333,,21.416666666666668,,,,72.66666666666667,49.583333333333336
2014-01-18,25.962500000000002,17.645833333333332,,18.979166666666668,,46.458333333333336,,,,76.20833333333333,53.583333333333336
2014-01-19,25.541666666666668,16.608333333333334,,21.474999999999998,,47.875,,,,58.625,32.083333333333336
2014-01-20,31.870833333333334,22.079166666666666,,22.2625,,44.083333333333336,,,,65.45833333333333,39.375
2014-01-21,69.89166666666667,32.02916666666667,,19.554166666666667,,53.375,,,,81.70833333333333,59.541666666666664
2014-01-22,21.1,13.5,,19.7625,,56.833333333333336,,,,75.54166666666667,54.666666666666664
2014-01-23,21.816666666666666,17.895833333333332,,31.174999999999997,,39.791666666666664,,,,56.583333333333336,30.208333333333332
2014-01-24,39.166666666666664,31.516666666666666,,44.10833333333333,,32.625,,,,71.83333333333333,47.291666666666664
2014-01-25,22.724999999999998,20.091666666666665,,23.900000000000002,,44.333333333333336,,,,87.83333333333333,61.916666666666664
2014-01-26,35.112500000000004,28.041666666666668,,35.15833333333333,,27.458333333333332,,,,77.25,54.75
2014-01-27,15.6,9.520833333333334,,20.191666666666666,,46.958333333333336,,,,59.458333333333336,36.125
2014-01-28,22.2,18.408333333333335,,26.175,,37.083333333333336,,,,49.875,25.75
2014-01-29,18.7,13.700000000000001,,19.75,,49.791666666666664,,,,63.208333333333336,36.583333333333336
2014-01-30,15.3125,12.329166666666666,,21.141666666666666,,43.833333333333336,,,,50.666666666666664,24.875
2014-01-31,11.033333333333333,6.929166666666667,,14.941666666666668,,50.166666666666664,,,,39.375,20.791666666666668
2014-02-01,13.7875,7.416666666666667,,13.725,,47.333333333333336,,,,29.0,18.916666666666668
2014-02-02,17.983333333333334,12.295833333333334,,14.195833333333333,,56.0,,,,39.5,22.458333333333332
2014-02-03,15.595833333333333,11.170833333333334,,14.320833333333333,,57.583333333333336,,,,47.791666666666664,24.291666666666668
2014-02-04,18.520833333333332,12.483333333333334,,18.854166666666668,,57.875,,,,50.958333333333336,25.208333333333332
2014-02-05,31.879166666666666,26.916666666666668,,30.675,,42.166666666666664,,,,62.541666666666664,38.291666666666664
2014-02-06,43.25833333333333,37.487500000000004,,41.99166666666667,,31.125,,,,87.16666666666667,63.541666666666664
2014-02-07,82.40416666666667,71.12916666666666,,60.26666666666667,,15.083333333333334,,,,137.33333333333334,82.83333333333333
2014-02-08,38.4625,32.333333333333336,,30.625,,50.041666666666664,,,,145.0,88.83333333333333
2014-02-09,15.299999999999999,12.179166666666667,,13.7875,,68.04166666666667,,,,64.45833333333333,39.375
2014-02-10,18.154166666666665,12.570833333333333,,21.724999999999998,,65.66666666666667,,,,44.625,26.833333333333332
2014-02-11,37.49583333333333,28.516666666666666,,41.854166666666664,,40.041666666666664,,,,64.29166666666667,39.75
2014-02-12,49.73333333333333,38.55833333333333,,45.94583333333333,,27.0,,,,97.95833333333333,67.625
2014-02-13,50.09583333333333,39.62083333333333,,47.42083333333333,,26.833333333333332,,,,107.5,70.83333333333333
2014-02-14,40.641666666666666,32.78333333333333,,46.574999999999996,,35.916666666666664,,,,103.54166666666667,69.5
2014-02-15,27.84166666666667,21.204166666666666,,24.816666666666666,,43.0,,,,87.625,62.458333333333336
2014-02-16,39.729166666666664,34.22083333333333,,37.6875,,39.333333333333336,,,,78.83333333333333,54.25
2014-02-17,28.087500000000002,22.8625,,27.879166666666666,,51.75,,,,86.95833333333333,63.0
2014-02-18,38.5,30.537499999999998,,38.62916666666667,,46.125,,,,76.54166666666667,55.958333333333336
2014-02-19,55.67083333333333,46.11666666666667,,42.1625,,33.208333333333336,,,,115.125,73.16666666666667
2014-02-20,30.587500000000002,24.0125,,24.8875,,52.25,,,,98.75,67.45833333333333
2014-02-21,49.550000000000004,36.916666666666664,,47.612500000000004,,27.25,,,,87.875,63.166666666666664
2014-02-22,36.84166666666667,28.8625,,25.179166666666664,,48.458333333333336,,,,94.625,66.375
2014-02-23,39.262499999999996,29.4375,,29.1125,,47.291666666666664,,,,89.58333333333333,64.41666666666667
2014-02-24,21.78333333333333,15.762500000000001,,19.016666666666666,,50.208333333333336,,,,74.08333333333333,51.208333333333336
2014-02-25,19.020833333333332,13.383333333333333,,15.691666666666668,,45.458333333333336,,,,52.125,26.041666666666668
2014-02-26,39.05833333333333,28.55,,30.145833333333332,,28.666666666666668,,,,64.83333333333333,40.291666666666664
2014-02-27,61.71666666666667,45.46666666666667,,41.6625,,27.625,,,,105.58333333333333,70.04166666666667
2014-02-28,69.82083333333334,52.8375,,44.80416666666667,,24.25,,,,137.625,80.45833333333333
2014-03-01,62.32916666666667,49.458333333333336,,45.479166666666664,,26.416666666666668,,,,141.33333333333334,81.5
2014-03-02,48.97083333333333,41.454166666666666,,37.06666666666667,,36.916666666666664,,,,122.75,75.75
2014-03-03,34.704166666666666,22.662499999999998,,30.625,,55.5,,,,90.54166666666667,63.583333333333336
2014-03-04,25.045833333333334,16.404166666666665,,26.15833333333333,,55.666666666666664,,,,68.91666666666667,45.916666666666664
2014-03-05,28.466666666666665,20.900000000000002,,37.520833333333336,,43.041666666666664,,,,65.58333333333333,39.791666666666664
2014-03-06,27.754166666666666,20.5625,,33.22083333333333,,52.666666666666664,,,,62.125,35.791666666666664
2014-03-07,26.425,19.8125,,22.145833333333332,,64.08333333333333,,,,75.58333333333333,54.916666666666664
2014-03-08,15.458333333333334,12.1,,15.908333333333333,,59.666666666666664,,,,56.291666666666664,29.791666666666668
2014-03-09,14.979166666666666,9.520833333333334,,12.645833333333334,,62.916666666666664,,,,44.375,25.083333333333332
2014-03-10,12.395833333333334,8.316666666666666,,14.204166666666666,,56.166666666666664,,,,37.541666666666664,22.708333333333332
2014-03-11,26.47083333333333,19.283333333333335,,19.229166666666668,,56.875,,,,41.333333333333336,26.041666666666668
2014-03-12,35.32083333333333,27.545833333333334,,21.354166666666668,,53.416666666666664,,,,86.875,61.666666666666664
2014-03-13,22.2625,15.525,,23.7375,,56.958333333333336,,,,63.291666666666664,38.416666666666664
2014-03-14,52.24583333333334,41.012499999999996,,55.520833333333336,,33.125,,,,82.08333333333333,55.625
2014-03-15,51.208333333333336,39.875,,44.65833333333333,,45.083333333333336,,,,124.125,76.20833333333333
2014-03-16,24.52916666666667,17.625,,24.154166666666665,,65.5,,,,79.08333333333333,52.833333333333336
2014-03-17,37.99583333333333,28.458333333333332,,34.420833333333334,,49.333333333333336,,,,67.625,43.166666666666664
2014-03-18,39.229166666666664,29.520833333333332,,39.483333333333334,,40.791666666666664,,,,88.79166666666667,64.25
2014-03-19,41.579166666666666,31.254166666666666,,35.666666666666664,,55.625,,,,95.58333333333333,66.79166666666667
2014-03-20,33.637499999999996,25.037499999999998,,37.420833333333334,,49.583333333333336,,,,77.125,55.541666666666664
2014-03-21,38.99166666666667,29.05,,40.737500000000004,,51.291666666666664,,,,93.75,66.08333333333333
2014-03-22,42.479166666666664,36.237500000000004,,44.24166666666667,,43.708333333333336,,,,79.83333333333333,56.291666666666664
2014-03-23,54.31666666666666,47.737500000000004,,58.37083333333334,,34.416666666666664,,,,124.0,76.125
2014-03-24,52.81666666666666,46.4625,,48.333333333333336,,47.666666666666664,,,,125.91666666666667,76.625
2014-03-25,25.0125,19.474999999999998,,22.625,,62.291666666666664,,,,102.41666666666667,68.0
2014-03-26,27.47083333333333,19.841666666666665,,29.020833333333332,,60.708333333333336,,,,60.958333333333336,34.333333333333336
2014-03-27,37.5375,27.554166666666664,,37.65416666666667,,52.208333333333336,,,,75.25,54.916666666666664
2014-03-28,50.19166666666666,29.770833333333332,,31.945833333333336,,54.125,,,,84.625,62.583333333333336
2014-03-29,28.5125,20.045833333333334,,18.375,,66.0,,,,82.95833333333333,61.375
2014-03-30,16.404166666666665,11.291666666666666,,16.170833333333334,,78.875,,,,53.666666666666664,32.458333333333336
2014-03-31,45.57916666666667,35.21666666666667,,54.27916666666667,,45.583333333333336,,,,66.16666666666667,41.833333333333336
2014-04-01,39.854166666666664,28.983333333333334,,42.77916666666667,,47.5,,,,104.20833333333333,69.75
2014-04-02,39.6875,29.833333333333332,,33.8375,,51.458333333333336,,,,83.125,61.875
2014-04-03,24.458333333333332,17.195833333333333,,21.083333333333332,,69.5,,,,74.45833333333333,51.791666666666664
2014-04-04,51.0625,39.354166666666664,,37.920833333333334,,51.875,,,,82.08333333333333,55.875
2014-04-05,48.9375,37.387499999999996,,39.237500000000004,,49.708333333333336,,,,107.875,71.0
2014-04-06,42.725,23.795833333333334,,13.620833333333332,,73.79166666666667,,,,96.25,66.70833333333333
2014-04-07,26.5,14.641666666666666,,16.05,,75.875,,,,61.708333333333336,37.458333333333336
2014-04-08,35.475,23.925,,39.15833333333333,,48.75,,,,61.958333333333336,36.25
2014-04-09,47.699999999999996,35.78333333333333,,48.166666666666664,,43.833333333333336,,,,92.79166666666667,65.45833333333333
2014-04-10,38.84583333333333,29.59166666666667,,36.108333333333334,,48.625,,,,93.875,66.125
2014-04-11,25.083333333333332,17.5,,28.625,,49.083333333333336,,,,73.125,49.333333333333336
2014-04-12,30.337500000000002,22.8625,,37.583333333333336,,51.416666666666664,,,,70.0,46.833333333333336
2014-04-13,26.59166666666667,22.224999999999998,,30.845833333333335,,58.375,,,,67.20833333333333,41.791666666666664
2014-04-14,50.36666666666667,36.50833333333333,,56.12916666666666,,37.583333333333336,,,,88.16666666666667,63.208333333333336
2014-04-15,47.5875,39.81666666666667,,54.225,,43.958333333333336,,,,113.5,72.66666666666667
2014-04-16,47.737500000000004,39.237500000000004,,38.083333333333336,,66.625,,,,104.29166666666667,69.75
2014-04-17,53.76666666666667,39.90416666666667,,43.67083333333333,,49.791666666666664,,,,120.0,74.70833333333333
2014-04-18,24.695833333333336,19.895833333333332,,24.429166666666664,,63.5,,,,84.70833333333333,58.5
2014-04-19,18.287499999999998,13.020833333333334,,18.179166666666667,,73.625,,,,55.958333333333336,33.708333333333336
2014-04-20,18.629166666666666,15.158333333333333,,19.170833333333334,,72.125,,,,53.708333333333336,30.833333333333332
2014-04-21,33.68333333333333,26.266666666666666,,33.35,,62.75,,,,65.70833333333333,41.041666666666664
2014-04-22,63.05416666666667,37.2125,,43.800000000000004,,50.541666666666664,,,,94.16666666666667,66.20833333333333
2014-04-23,95.02499999999999,49.8125,,59.85,,33.875,,,,111.875,72.91666666666667
2014-04-24,71.21666666666667,37.9,,24.258333333333336,,68.5,,,,134.41666666666666,79.45833333333333
2014-04-25,46.604166666666664,28.333333333333332,,28.558333333333334,,57.541666666666664,,,,94.75,66.33333333333333
2014-04-26,28.070833333333336,18.558333333333334,,22.791666666666668,,61.208333333333336,,,,71.83333333333333,48.375
2014-04-27,29.0,22.058333333333334,,24.491666666666664,,62.916666666666664,,,,67.125,41.166666666666664
2014-04-28,29.454166666666666,21.55,,31.962500000000002,,55.375,,,,69.45833333333333,44.583333333333336
2014-04-29,20.508333333333333,14.475,,21.179166666666667,,77.04166666666667,,,,63.208333333333336,39.875
2014-04-30,23.129166666666666,16.866666666666667,,21.083333333333332,,67.79166666666667,,,,60.541666666666664,33.916666666666664
2014-05-01,19.8,15.125,,18.920833333333334,,78.5,,,,56.5,32.958333333333336
2014-05-02,25.037499999999998,18.495833333333334,,23.070833333333336,,73.91666666666667,,,,58.916666666666664,33.458333333333336
2014-05-03,32.06666666666667,23.962500000000002,,31.3125,,66.16666666666667,,,,69.33333333333333,45.208333333333336
2014-05-04,46.020833333333336,19.875,,27.15416666666667,,56.708333333333336,,,,76.0,56.75
2014-05-05,32.2875,18.908333333333335,,18.650000000000002,,63.833333333333336,,,,65.04166666666667,53.375
2014-05-06,13.808333333333332,9.495833333333334,,12.041666666666666,,76.125,,,,49.625,31.875
2014-05-07,14.85,11.825000000000001,,12.433333333333332,,80.33333333333333,,,,45.541666666666664,32.0
2014-05-08,17.0625,13.166666666666666,,13.366666666666667,,81.5,,,,52.375,32.583333333333336
2014-05-09,12.549999999999999,9.179166666666667,,22.295833333333334,,63.041666666666664,,,,42.75,27.583333333333332
2014-05-10,18.829166666666666,11.875,,31.016666666666666,,42.75,,,,44.0,21.416666666666668
2014-05-11,24.96666666666667,17.120833333333334,,35.0875,,55.125,,,,52.958333333333336,27.75
2014-05-12,28.075,22.05,,31.329166666666666,,58.125,,,,69.20833333333333,44.833333333333336
2014-05-13,22.329166666666666,17.533333333333335,,28.175,,61.875,,,,67.70833333333333,42.25
2014-05-14,35.916666666666664,22.958333333333332,,23.40833333333333,,61.708333333333336,,,,68.66666666666667,44.5
2014-05-15,22.6125,11.579166666666666,,15.654166666666667,,79.04166666666667,,,,59.875,38.625
2014-05-16,23.3625,17.05,,31.054166666666664,,73.04166666666667,,,,50.916666666666664,31.75
2014-05-17,20.404166666666665,15.933333333333332,,23.03333333333333,,76.91666666666667,,,,62.916666666666664,36.875
2014-05-18,20.337500000000002,15.933333333333332,,25.916666666666668,,73.875,,,,56.75,33.583333333333336
2014-05-19,29.150000000000002,21.383333333333336,,37.82083333333333,,55.583333333333336,,,,63.25,37.083333333333336
2014-05-20,20.141666666666666,16.070833333333333,,21.2375,,81.375,,,,67.79166666666667,43.166666666666664
2014-05-21,22.34583333333333,17.795833333333334,,20.804166666666667,,82.20833333333333,,,,58.25,34.791666666666664
2014-05-22,48.28333333333333,22.558333333333334,,20.933333333333334,,61.833333333333336,,,,65.83333333333333,39.916666666666664
2014-05-23,55.86666666666667,37.324999999999996,,27.170833333333334,,53.708333333333336,,,,84.125,63.375
2014-05-24,48.50416666666666,29.912499999999998,,36.6625,,44.416666666666664,,,,100.45833333333333,68.33333333333333
2014-05-25,73.05,56.208333333333336,,53.73333333333333,,44.708333333333336,,,,122.5,75.5
2014-05-26,70.59166666666667,54.12083333333334,,51.34166666666667,,45.291666666666664,,,,150.875,85.79166666666667
2014-05-27,69.05,51.6,,54.3375,,47.833333333333336,,,,142.83333333333334,82.16666666666667
2014-05-28,59.64166666666667,35.93333333333333,,43.39166666666667,,53.541666666666664,,,,115.5,73.33333333333333
2014-05-29,62.56666666666666,39.05416666666667,,35.512499999999996,,55.166666666666664,,,,107.58333333333333,70.75
2014-05-30,32.199999999999996,11.958333333333334,,13.225,,71.04166666666667,,,,77.20833333333333,55.208333333333336
2014-05-31,16.233333333333334,10.387500000000001,,15.741666666666667,,72.16666666666667,,,,42.541666666666664,28.958333333333332
2014-06-01,26.695833333333336,17.925,,36.420833333333334,,43.541666666666664,,,,52.5,26.958333333333332
2014-06-02,32.57083333333333,22.645833333333332,,41.43333333333333,,47.291666666666664,,,,71.5,48.791666666666664
2014-06-03,34.77916666666667,23.516666666666666,,32.958333333333336,,67.125,,,,70.33333333333333,46.291666666666664
2014-06-04,28.837500000000002,18.158333333333335,,22.329166666666666,,61.666666666666664,,,,70.08333333333333,46.791666666666664
2014-06-05,27.245833333333334,17.604166666666668,,22.079166666666666,,61.208333333333336,,,,64.0,37.083333333333336
2014-06-06,26.0625,15.525,,19.716666666666665,,57.916666666666664,,,,57.208333333333336,30.833333333333332
2014-06-07,67.88333333333334,30.608333333333334,,19.454166666666666,,61.333333333333336,,,,70.375,47.041666666666664
2014-06-08,85.60416666666667,45.137499999999996,,23.650000000000002,,63.5,,,,117.70833333333333,75.54166666666667
2014-06-09,56.87083333333334,37.15416666666667,,19.150000000000002,,65.75,,,,106.79166666666667,70.5
2014-06-10,28.650000000000002,19.912499999999998,,18.470833333333335,,73.125,,,,89.08333333333333,62.375
2014-06-11,37.46666666666667,24.258333333333336,,28.2,,69.29166666666667,,,,69.08333333333333,45.25
2014-06-12,20.670833333333334,13.920833333333334,,21.508333333333336,,67.66666666666667,,,,67.25,44.125
2014-06-13,40.770833333333336,30.145833333333332,,41.92916666666667,,47.916666666666664,,,,66.5,42.333333333333336
2014-06-14,49.916666666666664,38.5375,,45.449999999999996,,60.083333333333336,,,,100.95833333333333,68.625
2014-06-15,27.195833333333336,19.195833333333333,,21.279166666666665,,83.66666666666667,,,,91.625,63.75
2014-06-16,30.8125,24.8875,,23.745833333333334,,72.41666666666667,,,,63.833333333333336,38.625
2014-06-17,42.449999999999996,35.9,,32.34583333333333,,60.291666666666664,,,,88.91666666666667,64.08333333333333
2014-06-18,44.52916666666667,28.9875,,26.645833333333332,,69.29166666666667,,,,94.20833333333333,66.29166666666667
2014-06-19,45.4125,31.866666666666664,,23.745833333333334,,74.58333333333333,,,,89.95833333333333,64.625
2014-06-20,16.266666666666666,12.637500000000001,,18.904166666666665,,60.75,,,,73.75,48.791666666666664
2014-06-21,19.945833333333333,16.029166666666665,,21.916666666666668,,70.41666666666667,,,,52.416666666666664,31.333333333333332
2014-06-22,20.808333333333334,16.533333333333335,,29.412499999999998,,55.958333333333336,,,,59.875,33.25
2014-06-23,41.145833333333336,29.995833333333334,,42.94166666666666,,48.208333333333336,,,,75.66666666666667,51.666666666666664
2014-06-24,29.625,24.037499999999998,,35.0375,,61.25,,,,80.91666666666667,59.375
2014-06-25,35.38333333333333,28.441666666666666,,36.21666666666667,,65.20833333333333,,,,81.58333333333333,61.291666666666664
2014-06-26,42.52916666666667,23.116666666666664,,22.416666666666668,,72.25,,,,75.95833333333333,54.916666666666664
2014-06-27,42.354166666666664,21.620833333333334,,17.316666666666666,,80.0,,,,76.33333333333333,57.625
2014-06-28,15.954166666666666,8.370833333333334,,9.775,,83.29166666666667,,,,54.166666666666664,35.833333333333336
2014-06-29,14.066666666666668,8.141666666666667,,10.079166666666667,,79.16666666666667,,,,36.75,31.708333333333332
2014-06-30,20.3375,13.225,,14.954166666666666,,79.04166666666667,,,,40.833333333333336,31.708333333333332
2014-07-01,30.254166666666666,23.02916666666667,,25.15416666666667,,66.54166666666667,,,,65.45833333333333,41.25
2014-07-02,16.016666666666666,11.637500000000001,,15.5375,,73.16666666666667,,,,62.041666666666664,39.0
2014-07-03,11.804166666666667,7.829166666666667,,13.095833333333333,,74.95833333333333,,,,40.458333333333336,30.083333333333332
2014-07-04,15.424999999999999,9.558333333333334,,13.004166666666668,,74.66666666666667,,,,37.458333333333336,29.916666666666668
2014-07-05,20.245833333333334,12.6625,,13.15,,79.58333333333333,,,,46.541666666666664,32.083333333333336
2014-07-06,17.729166666666668,13.012500000000001,,16.366666666666667,,75.83333333333333,,,,51.708333333333336,30.916666666666668
2014-07-07,18.229166666666668,12.8125,,14.833333333333334,,78.54166666666667,,,,51.375,31.458333333333332
2014-07-08,22.183333333333334,15.758333333333333,,16.70416666666667,,73.08333333333333,,,,54.625,30.625
2014-07-09,21.075,15.629166666666668,,16.645833333333332,,74.0,,,,58.75,32.666666666666664
2014-07-10,29.974999999999998,21.604166666666668,,28.258333333333336,,59.5,,,,61.0,34.583333333333336
2014-07-11,35.9,20.983333333333334,,24.483333333333334,,64.79166666666667,,,,74.45833333333333,53.375
2014-07-12,39.975,21.141666666666666,,26.075,,61.916666666666664,,,,66.5,40.0
2014-07-13,35.8125,25.375,,33.90833333333333,,61.791666666666664,,,,77.08333333333333,56.416666666666664
2014-07-14,19.212500000000002,14.866666666666667,,18.716666666666665,,78.45833333333333,,,,65.58333333333333,43.625
2014-07-15,16.0625,12.4375,,14.604166666666666,,74.375,,,,53.458333333333336,31.75
2014-07-16,18.954166666666666,13.125,,13.620833333333332,,78.25,,,,50.875,31.5
2014-07-17,30.391666666666666,20.016666666666666,,21.691666666666666,,61.541666666666664,,,,59.25,32.625
2014-07-18,37.275,23.616666666666664,,34.40833333333333,,48.791666666666664,,,,71.08333333333333,47.583333333333336
2014-07-19,16.916666666666668,13.275,,19.8,,60.625,,,,65.54166666666667,40.958333333333336
2014-07-20,23.741666666666664,16.25,,16.908333333333335,,63.25,,,,56.125,30.375
2014-07-21,25.391666666666666,15.920833333333334,,23.724999999999998,,60.875,,,,56.583333333333336,30.333333333333332
2014-07-22,36.199999999999996,24.541666666666668,,23.349999999999998,,59.666666666666664,,,,67.20833333333333,42.958333333333336
2014-07-23,39.43333333333333,29.441666666666666,,25.104166666666668,,66.125,,,,80.625,60.666666666666664
2014-07-24,43.43333333333334,30.520833333333332,,30.200000000000003,,50.541666666666664,,,,90.66666666666667,64.95833333333333
2014-07-25,19.008333333333333,14.666666666666666,,17.8,,66.29166666666667,,,,72.08333333333333,48.166666666666664
2014-07-26,31.0,20.708333333333332,,17.283333333333335,,72.20833333333333,,,,60.541666666666664,34.083333333333336
2014-07-27,38.62916666666667,25.829166666666666,,22.133333333333336,,61.5,,,,75.16666666666667,54.458333333333336
2014-07-28,33.1,20.016666666666666,,18.904166666666665,,65.66666666666667,,,,73.54166666666667,52.125
2014-07-29,27.429166666666664,17.516666666666666,,16.1125,,70.16666666666667,,,,64.83333333333333,37.916666666666664
2014-07-30,26.875,17.254166666666666,,15.4125,,66.83333333333333,,,,62.416666666666664,35.708333333333336
2014-07-31,20.179166666666667,13.916666666666666,,16.808333333333334,,66.5,,,,57.375,32.041666666666664
2014-08-01,20.816666666666666,13.304166666666667,,14.141666666666666,,72.875,,,,51.791666666666664,29.416666666666668
2014-08-02,25.795833333333334,18.304166666666667,,19.650000000000002,,59.625,,,,57.958333333333336,31.541666666666668
2014-08-03,31.974999999999998,25.566666666666666,,29.55,,54.291666666666664,,,,69.29166666666667,44.916666666666664
2014-08-04,55.65,38.454166666666666,,29.3875,,56.0,,,,94.0,65.95833333333333
2014-08-05,35.079166666666666,23.0625,,20.45,,78.41666666666667,,,,92.16666666666667,65.125
2014-08-06,22.895833333333332,16.216666666666665,,14.887500000000001,,83.45833333333333,,,,67.5,43.041666666666664
2014-08-07,21.212500000000002,15.8375,,17.912499999999998,,79.29166666666667,,,,55.333333333333336,32.666666666666664
2014-08-08,22.683333333333334,16.704166666666666,,24.429166666666664,,62.666666666666664,,,,60.0,33.333333333333336
2014-08-09,27.825,22.016666666666666,,21.870833333333334,,64.79166666666667,,,,66.0,40.0
2014-08-10,28.695833333333336,22.825,,25.6875,,64.45833333333333,,,,74.08333333333333,53.25
2014-08-11,21.429166666666664,18.354166666666668,,17.533333333333335,,81.875,,,,67.20833333333333,43.375
2014-08-12,20.075,16.25,,17.666666666666668,,79.75,,,,60.875,35.375
2014-08-13,16.366666666666667,13.408333333333333,,15.079166666666666,,89.66666666666667,,,,55.625,37.041666666666664
2014-08-14,23.504166666666666,17.454166666666666,,16.795833333333334,,79.25,,,,56.666666666666664,32.75
2014-08-15,43.520833333333336,34.94583333333333,,36.65,,60.666666666666664,,,,75.33333333333333,50.5
2014-08-16,28.52916666666667,20.212500000000002,,27.291666666666668,,63.75,,,,90.04166666666667,63.166666666666664
2014-08-17,17.1875,12.991666666666667,,12.008333333333333,,73.20833333333333,,,,59.416666666666664,34.958333333333336
2014-08-18,14.491666666666667,8.366666666666667,,10.2875,,80.91666666666667,,,,41.791666666666664,32.416666666666664
2014-08-19,17.2625,10.491666666666667,,13.379166666666668,,82.375,,,,41.708333333333336,32.958333333333336
2014-08-20,17.141666666666666,12.083333333333334,,17.808333333333334,,76.5,,,,46.333333333333336,30.666666666666668
2014-08-21,24.145833333333332,17.683333333333334,,26.3875,,63.625,,,,53.5,28.75
2014-08-22,31.804166666666664,23.491666666666664,,30.045833333333334,,61.375,,,,71.70833333333333,49.666666666666664
2014-08-23,21.645833333333332,16.054166666666667,,13.945833333333333,,77.83333333333333,,,,65.75,41.541666666666664
2014-08-24,28.72083333333333,22.15833333333333,,23.858333333333334,,66.95833333333333,,,,63.416666666666664,37.208333333333336
2014-08-25,20.254166666666666,13.233333333333334,,13.025,,73.04166666666667,,,,64.79166666666667,39.625
2014-08-26,15.9,10.4625,,13.504166666666668,,80.66666666666667,,,,46.208333333333336,32.333333333333336
2014-08-27,24.55,16.854166666666668,,22.59166666666667,,64.20833333333333,,,,52.875,29.0
2014-08-28,27.27916666666667,18.208333333333332,,20.079166666666666,,67.70833333333333,,,,64.79166666666667,38.083333333333336
2014-08-29,16.0125,8.0375,,9.708333333333334,,81.54166666666667,,,,48.25,33.125
2014-08-30,15.6625,8.245833333333334,,9.958333333333334,,79.95833333333333,,,,36.25,32.0
2014-08-31,23.9375,11.220833333333333,,11.408333333333333,,85.16666666666667,,,,40.041666666666664,34.083333333333336
2014-09-01,27.224999999999998,15.058333333333332,,16.712500000000002,,82.125,,,,53.041666666666664,33.25
2014-09-02,34.5875,21.962500000000002,,27.675,,61.375,,,,64.5,38.666666666666664
2014-09-03,31.991666666666664,23.354166666666668,,29.916666666666668,,64.58333333333333,,,,70.33333333333333,46.083333333333336
2014-09-04,40.9625,28.454166666666666,,23.020833333333332,,63.833333333333336,,,,77.91666666666667,57.833333333333336
2014-09-05,64.5625,31.391666666666666,,17.741666666666667,,62.75,,,,91.33333333333333,65.25
2014-09-06,66.53333333333333,34.38333333333333,,20.587500000000002,,61.541666666666664,,,,93.25,68.33333333333333
2014-09-07,53.24166666666667,37.27916666666667,,28.025000000000002,,47.416666666666664,,,,100.45833333333333,68.58333333333333
2014-09-08,23.1875,18.020833333333332,,27.025000000000002,,45.666666666666664,,,,87.08333333333333,60.875
2014-09-09,44.416666666666664,32.579166666666666,,29.016666666666666,,46.458333333333336,,,,75.33333333333333,50.958333333333336
2014-09-10,33.233333333333334,24.833333333333332,,22.604166666666668,,67.04166666666667,,,,88.08333333333333,63.833333333333336
2014-09-11,28.65833333333333,21.108333333333334,,20.8125,,73.04166666666667,,,,73.5,52.166666666666664
2014-09-12,24.587500000000002,19.425,,20.641666666666666,,69.29166666666667,,,,65.5,38.75
2014-09-13,22.995833333333334,17.849999999999998,,16.783333333333335,,70.66666666666667,,,,64.58333333333333,37.875
2014-09-14,59.03333333333333,33.18333333333333,,15.845833333333333,,71.29166666666667,,,,69.45833333333333,44.291666666666664
2014-09-15,84.97083333333333,42.00833333333333,,14.816666666666668,,61.958333333333336,,,,116.25,73.625
2014-09-16,85.16666666666667,44.42083333333333,,15.679166666666667,,64.45833333333333,,,,120.5,75.16666666666667
2014-09-17,35.05,19.241666666666667,,12.674999999999999,,76.95833333333333,,,,92.83333333333333,63.041666666666664
2014-09-18,24.691666666666666,16.445833333333333,,16.875,,58.833333333333336,,,,61.208333333333336,34.5
2014-09-19,26.90416666666667,17.954166666666666,,19.170833333333334,,57.0,,,,61.958333333333336,35.25
2014-09-20,27.837500000000002,18.891666666666666,,28.116666666666664,,54.333333333333336,,,,63.208333333333336,36.333333333333336
2014-09-21,32.00416666666667,22.516666666666666,,36.862500000000004,,38.875,,,,66.45833333333333,40.416666666666664
2014-09-22,33.52916666666667,24.400000000000002,,31.77916666666667,,43.125,,,,76.375,56.833333333333336
2014-09-23,27.758333333333336,16.3125,,16.645833333333332,,60.625,,,,70.625,47.208333333333336
2014-09-24,24.229166666666668,18.083333333333332,,28.825,,44.0,,,,55.166666666666664,28.833333333333332
2014-09-25,38.275,26.770833333333332,,39.704166666666666,,36.958333333333336,,,,72.16666666666667,49.416666666666664
2014-09-26,24.662499999999998,20.504166666666666,,23.358333333333334,,58.083333333333336,,,,81.95833333333333,60.333333333333336
2014-09-27,8.700000000000001,6.254166666666666,,13.466666666666667,,75.75,,,,47.333333333333336,32.291666666666664
2014-09-28,16.783333333333335,10.137500000000001,,10.158333333333333,,71.33333333333333,,,,35.5,28.541666666666668
2014-09-29,22.379166666666666,11.895833333333334,,15.916666666666666,,57.791666666666664,,,,49.291666666666664,25.041666666666668
2014-09-30,17.916666666666668,12.720833333333333,,22.22083333333333,,59.291666666666664,,,,49.875,25.625
2014-10-01,22.508333333333336,18.045833333333334,,25.849999999999998,,54.958333333333336,,,,57.458333333333336,31.041666666666668
2014-10-02,26.129166666666666,18.391666666666666,,15.420833333333334,,66.125,,,,63.958333333333336,37.0
2014-10-03,22.304166666666664,12.387500000000001,,12.808333333333332,,68.875,,,,57.0,31.375
2014-10-04,21.870833333333334,12.525,,14.525,,68.95833333333333,,,,50.666666666666664,27.583333333333332
2014-10-05,21.483333333333334,13.633333333333333,,16.054166666666667,,70.83333333333333,,,,51.875,28.75
2014-10-06,27.870833333333334,19.45,,25.766666666666666,,61.333333333333336,,,,59.833333333333336,33.25
2014-10-07,49.725,36.516666666666666,,39.72083333333333,,41.0,,,,76.83333333333333,51.5
2014-10-08,30.191666666666666,21.220833333333335,,18.724999999999998,,56.375,,,,97.0,66.20833333333333
2014-10-09,24.829166666666666,16.120833333333334,,15.070833333333333,,64.08333333333333,,,,61.333333333333336,34.708333333333336
2014-10-10,20.545833333333334,14.0,,15.683333333333332,,62.0,,,,56.666666666666664,30.333333333333332
2014-10-11,18.837500000000002,12.504166666666668,,16.279166666666665,,61.833333333333336,,,,51.875,26.5
2014-10-12,20.279166666666665,15.225,,22.4375,,56.25,,,,54.125,28.166666666666668
2014-10-13,25.09583333333333,19.770833333333332,,36.28333333333333,,41.25,,,,61.083333333333336,34.375
2014-10-14,27.849999999999998,23.366666666666664,,34.520833333333336,,43.5,,,,69.79166666666667,45.208333333333336
2014-10-15,45.75416666666666,35.125,,38.233333333333334,,36.25,,,,85.54166666666667,62.416666666666664
2014-10-16,41.791666666666664,27.7375,,19.825,,59.0,,,,93.45833333333333,66.04166666666667
2014-10-17,50.35,31.241666666666664,,29.349999999999998,,36.291666666666664,,,,86.25,63.375
2014-10-18,28.2375,18.658333333333335,,15.674999999999999,,53.416666666666664,,,,84.375,59.958333333333336
2014-10-19,17.229166666666668,9.845833333333333,,14.808333333333332,,52.541666666666664,,,,47.041666666666664,24.875
2014-10-20,33.06666666666667,22.429166666666664,,40.35,,43.083333333333336,,,,49.791666666666664,26.5
2014-10-21,36.25416666666667,25.054166666666664,,43.52916666666667,,40.458333333333336,,,,81.04166666666667,60.583333333333336
2014-10-22,27.625,18.900000000000002,,20.5125,,64.41666666666667,,,,72.79166666666667,50.541666666666664
2014-10-23,20.979166666666668,13.891666666666666,,22.337500000000002,,53.0,,,,59.458333333333336,32.958333333333336
2014-10-24,20.3125,15.570833333333333,,24.195833333333336,,48.208333333333336,,,,53.625,27.458333333333332
2014-10-25,20.520833333333332,15.858333333333334,,28.429166666666664,,40.625,,,,55.875,29.416666666666668
2014-10-26,21.429166666666664,18.154166666666665,,32.78333333333333,,28.333333333333332,,,,64.5,37.916666666666664
2014-10-27,9.979166666666666,6.808333333333334,,15.512500000000001,,57.791666666666664,,,,47.375,27.75
2014-10-28,14.291666666666666,9.533333333333333,,17.866666666666667,,50.5,,,,31.375,21.166666666666668
2014-10-29,22.3125,17.241666666666667,,22.412499999999998,,46.166666666666664,,,,54.25,28.625
2014-10-30,14.704166666666666,9.370833333333334,,15.433333333333335,,49.041666666666664,,,,51.791666666666664,26.833333333333332
2014-10-31,20.404166666666665,12.258333333333333,,15.8375,,45.583333333333336,,,,37.208333333333336,19.625
2014-11-01,35.90416666666667,23.849999999999998,,17.662499999999998,,48.166666666666664,,,,64.20833333333333,39.25
2014-11-02,24.52916666666667,18.608333333333334,,20.270833333333332,,46.583333333333336,,,,74.45833333333333,53.833333333333336
2014-11-03,13.204166666666666,9.741666666666665,,19.908333333333335,,56.0,,,,49.291666666666664,26.125
2014-11-04,26.916666666666668,21.858333333333334,,29.0,,43.416666666666664,,,,53.416666666666664,28.833333333333332
2014-11-05,43.262499999999996,34.079166666666666,,45.37083333333334,,23.833333333333332,,,,83.58333333333333,61.125
2014-11-06,42.262499999999996,33.2875,,40.237500000000004,,25.291666666666668,,,,100.0,68.29166666666667
2014-11-07,63.71666666666667,41.112500000000004,,52.84166666666667,,18.583333333333332,,,,95.625,66.75
2014-11-08,51.19166666666666,34.9125,,44.30833333333334,,15.291666666666666,,,,116.375,73.66666666666667
2014-11-09,55.90833333333333,33.59166666666667,,53.54583333333333,,16.291666666666668,,,,91.41666666666667,65.16666666666667
2014-11-10,63.88333333333333,41.84583333333333,,54.43333333333334,,19.083333333333332,,,,107.91666666666667,70.83333333333333
2014-11-11,51.40833333333333,38.5625,,33.641666666666666,,42.0,,,,114.79166666666667,73.08333333333333
2014-11-12,52.512499999999996,39.7875,,33.775,,43.791666666666664,,,,105.29166666666667,70.125
2014-11-13,55.25,43.925000000000004,,41.391666666666666,,26.083333333333332,,,,117.91666666666667,74.08333333333333
2014-11-14,43.15416666666667,32.47083333333333,,27.037499999999998,,38.5,,,,112.625,72.33333333333333
2014-11-15,24.695833333333336,17.504166666666666,,17.1875,,51.0,,,,74.375,50.041666666666664
2014-11-16,33.145833333333336,23.22083333333333,,23.075,,38.916666666666664,,,,67.83333333333333,42.916666666666664
2014-11-17,57.01666666666666,46.57083333333333,,37.608333333333334,,21.041666666666668,,,,91.20833333333333,64.16666666666667
2014-11-18,49.92916666666667,35.87083333333333,,36.895833333333336,,25.25,,,,128.29166666666666,77.375
2014-11-19,36.012499999999996,22.729166666666668,,28.09166666666667,,28.0,,,,83.04166666666667,60.75
2014-11-20,18.041666666666668,13.9625,,22.179166666666664,,34.916666666666664,,,,64.95833333333333,39.625
2014-11-21,24.133333333333336,18.745833333333334,,26.279166666666665,,17.083333333333332,,,,60.125,33.625
2014-11-22,15.887500000000001,11.566666666666668,,17.370833333333334,,33.541666666666664,,,,52.0,26.916666666666668
2014-11-23,24.1125,17.566666666666666,,17.316666666666666,,41.416666666666664,,,,58.166666666666664,31.958333333333332
2014-11-24,24.941666666666666,18.854166666666668,,22.795833333333334,,48.0,,,,60.416666666666664,33.833333333333336
2014-11-25,16.758333333333333,12.137500000000001,,15.329166666666666,,52.5,,,,59.291666666666664,32.875
2014-11-26,16.099999999999998,9.591666666666667,,14.612499999999999,,38.083333333333336,,,,44.958333333333336,21.625
2014-11-27,17.045833333333334,13.583333333333334,,22.133333333333336,,32.791666666666664,,,,46.458333333333336,22.625
2014-11-28,42.00416666666667,29.070833333333336,,35.63333333333333,,24.25,,,,62.041666666666664,36.791666666666664
2014-11-29,43.354166666666664,32.87083333333333,,39.59583333333333,,22.791666666666668,,,,98.875,67.83333333333333
2014-11-30,31.929166666666664,15.733333333333334,,29.566666666666666,,27.0,,,,82.125,57.833333333333336
2014-12-01,20.983333333333334,10.491666666666665,,20.525000000000002,,38.0,,,,42.25,22.416666666666668
2014-12-02,25.900000000000002,18.433333333333334,,28.212500000000002,,29.583333333333332,,,,50.583333333333336,25.541666666666668
2014-12-03,41.862500000000004,33.074999999999996,,34.583333333333336,,17.75,,,,77.08333333333333,54.083333333333336
2014-12-04,59.81666666666666,41.62916666666667,,41.00416666666667,,19.0,,,,103.33333333333333,69.41666666666667
2014-12-05,48.03333333333333,33.079166666666666,,37.625,,10.375,,,,116.66666666666667,73.75
2014-12-06,47.2125,33.145833333333336,,31.645833333333332,,21.833333333333332,,,,87.25,63.583333333333336
2014-12-07,58.0,46.775,,42.84166666666667,,13.458333333333334,,,,108.54166666666667,71.08333333333333
2014-12-08,55.90833333333333,46.862500000000004,,44.74166666666667,,13.708333333333334,,,,141.33333333333334,81.66666666666667
2014-12-09,42.69166666666666,30.849999999999998,,40.25416666666667,,12.125,,,,101.875,68.75
2014-12-10,30.233333333333334,20.1875,,23.22083333333333,,20.083333333333332,,,,79.33333333333333,56.708333333333336
2014-12-11,47.791666666666664,41.025,,48.87083333333334,,10.041666666666666,,,,81.5,55.208333333333336
2014-12-12,29.825,23.741666666666664,,30.3125,,27.0,,,,112.91666666666667,72.45833333333333
2014-12-13,25.266666666666666,14.208333333333334,,18.474999999999998,,46.333333333333336,,,,56.583333333333336,30.708333333333332
2014-12-14,36.333333333333336,30.241666666666664,,41.4125,,23.875,,,,67.375,42.875
2014-12-15,90.89583333333333,75.24583333333334,,59.104166666666664,,7.208333333333333,,,,119.75,75.875
2014-12-16,71.02083333333333,59.72083333333333,,50.15833333333333,,10.166666666666666,,,,163.29166666666666,104.66666666666667
2014-12-17,33.11666666666667,24.833333333333332,,31.962500000000002,,30.5,,,,110.125,71.54166666666667
2014-12-18,29.05,22.479166666666668,,32.016666666666666,,37.0,,,,67.58333333333333,42.708333333333336
2014-12-19,63.07916666666667,54.42916666666667,,49.61666666666667,,9.5,,,,105.79166666666667,69.33333333333333
2014-12-20,37.96666666666667,29.425,,28.441666666666666,,40.458333333333336,,,,130.25,78.08333333333333
2014-12-21,23.6875,18.408333333333335,,21.587500000000002,,51.75,,,,74.41666666666667,52.458333333333336
2014-12-22,16.354166666666668,13.454166666666666,,24.275000000000002,,39.0,,,,55.541666666666664,29.333333333333332
2014-12-23,16.145833333333332,11.679166666666667,,17.925,,59.333333333333336,,,,49.583333333333336,25.125
2014-12-24,22.770833333333332,16.708333333333332,,22.40833333333333,,51.791666666666664,,,,54.791666666666664,28.458333333333332
2014-12-25,23.479166666666668,18.254166666666666,,24.066666666666666,,53.75,,,,61.958333333333336,35.041666666666664
2014-12-26,26.25,19.370833333333334,,29.691666666666666,,40.0,,,,66.33333333333333,40.125
2014-12-27,18.358333333333334,13.283333333333333,,26.958333333333332,,34.083333333333336,,,,58.916666666666664,32.25
2014-12-28,25.508333333333336,20.066666666666666,,30.3625,,25.041666666666668,,,,56.541666666666664,30.208333333333332
2014-12-29,13.275,8.795833333333333,,15.295833333333334,,51.5,,,,58.291666666666664,32.875
2014-12-30,12.991666666666667,6.7875000000000005,,13.291666666666666,,52.333333333333336,,,,32.916666666666664,20.875
2014-12-31,12.012500000000001,4.354166666666667,,9.4625,,55.708333333333336,,,,26.458333333333332,22.208333333333332
2015-01-01,11.9375,7.133333333333333,,11.458333333333334,,50.25,,,,24.5,20.083333333333332
2015-01-02,17.7,14.758333333333333,,24.679166666666664,,42.833333333333336,,,,39.041666666666664,21.375
2015-01-03,27.525000000000002,23.88333333333333,,39.416666666666664,,25.875,,,,69.91666666666667,46.708333333333336
2015-01-04,17.479166666666668,14.933333333333332,,19.808333333333334,,44.208333333333336,,,,66.95833333333333,41.333333333333336
2015-01-05,14.658333333333333,11.758333333333333,,20.979166666666668,,35.291666666666664,,,,50.833333333333336,25.0
2015-01-06,11.645833333333334,7.229166666666667,,13.6625,,48.541666666666664,,,,40.833333333333336,20.916666666666668
2015-01-07,12.054166666666667,7.45,,10.079166666666667,,43.541666666666664,,,,30.125,17.333333333333332
2015-01-08,11.645833333333334,8.458333333333334,,18.804166666666667,,49.833333333333336,,,,32.125,20.625
2015-01-09,15.637500000000001,12.208333333333334,,23.758333333333336,,44.416666666666664,,,,44.416666666666664,21.791666666666668
2015-01-10,15.895833333333334,11.450000000000001,,16.375,,53.416666666666664,,,,47.25,22.916666666666668
2015-01-11,16.8625,12.879166666666668,,17.604166666666668,,46.125,,,,50.958333333333336,25.041666666666668
2015-01-12,10.85,7.991666666666667,,15.520833333333334,,51.75,,,,44.625,22.333333333333332
2015-01-13,15.891666666666666,9.862499999999999,,18.333333333333332,,48.125,,,,34.5,19.541666666666668
2015-01-14,31.5125,27.71666666666667,,40.34583333333333,,32.75,,,,54.583333333333336,31.0
2015-01-15,40.733333333333334,35.74583333333333,,40.5875,,26.041666666666668,,,,102.375,68.95833333333333
2015-01-16,35.85,31.204166666666666,,37.37083333333333,,20.125,,,,90.91666666666667,64.91666666666667
2015-01-17,61.27916666666667,55.17083333333333,,46.23333333333333,,17.791666666666668,,,,114.125,72.79166666666667
2015-01-18,42.47083333333333,37.37083333333333,,40.25,,25.916666666666668,,,,136.70833333333334,80.58333333333333
2015-01-19,30.316666666666666,26.724999999999998,,40.0,,28.041666666666668,,,,92.66666666666667,65.625
2015-01-20,32.141666666666666,27.65416666666667,,40.920833333333334,,30.583333333333332,,,,77.08333333333333,57.958333333333336
2015-01-21,52.59166666666667,45.979166666666664,,52.512499999999996,,15.958333333333334,,,,104.04166666666667,69.54166666666667
2015-01-22,47.03333333333333,40.46666666666667,,49.49166666666667,,23.458333333333332,,,,121.625,75.375
2015-01-23,50.95416666666667,40.05833333333333,,37.09166666666667,,36.583333333333336,,,,109.16666666666667,71.41666666666667
2015-01-24,44.88333333333333,33.916666666666664,,34.49166666666667,,36.708333333333336,,,,106.625,70.5
2015-01-25,48.2125,35.125,,41.7875,,32.125,,,,98.25,67.70833333333333
2015-01-26,54.083333333333336,41.47083333333333,,43.1875,,26.666666666666668,,,,113.25,72.625
2015-01-27,35.06666666666667,30.254166666666666,,34.637499999999996,,33.458333333333336,,,,93.83333333333333,65.875
2015-01-28,25.099999999999998,23.333333333333332,,32.94583333333333,,30.625,,,,85.125,61.875
2015-01-29,34.295833333333334,30.558333333333334,,42.324999999999996,,20.666666666666668,,,,76.16666666666667,54.916666666666664
2015-01-30,27.370833333333334,23.229166666666668,,34.229166666666664,,37.375,,,,95.91666666666667,66.58333333333333
2015-01-31,32.275,14.808333333333332,,11.200000000000001,,69.54166666666667,,,,49.0,30.416666666666668
2015-02-01,262.48333333333335,96.15833333333335,,9.691666666666666,,60.625,,,,122.125,86.20833333333333
2015-02-02,144.0375,69.625,,22.170833333333334,,48.25,,,,174.75,148.58333333333334
2015-02-03,22.1125,15.725,,28.637500000000003,,47.916666666666664,,,,84.33333333333333,50.416666666666664
2015-02-04,30.67916666666667,26.40833333333333,,45.10833333333333,,29.291666666666668,,,,77.875,55.291666666666664
2015-02-05,39.15,29.320833333333336,,38.15,,43.541666666666664,,,,69.08333333333333,45.0
2015-02-06,58.3125,47.512499999999996,,46.666666666666664,,18.5,,,,121.25,75.16666666666667
2015-02-07,24.537499999999998,17.483333333333334,,20.1875,,47.083333333333336,,,,97.70833333333333,64.20833333333333
2015-02-08,33.645833333333336,28.8875,,35.24583333333333,,31.5,,,,59.5,34.0
2015-02-09,19.216666666666665,15.65,,21.258333333333333,,48.208333333333336,,,,84.58333333333333,60.541666666666664
2015-02-10,14.7125,7.254166666666666,,9.883333333333333,,62.0,,,,42.0,25.291666666666668
2015-02-11,17.779166666666665,9.325000000000001,,11.0625,,58.375,,,,34.0,23.416666666666668
2015-02-12,16.491666666666667,10.383333333333333,,14.920833333333334,,51.416666666666664,,,,40.125,21.166666666666668
2015-02-13,23.47083333333333,17.908333333333335,,25.633333333333336,,52.458333333333336,,,,51.875,26.625
2015-02-14,20.983333333333334,17.266666666666666,,26.900000000000002,,48.875,,,,65.04166666666667,38.041666666666664
2015-02-15,20.591666666666665,16.9375,,24.462500000000002,,47.583333333333336,,,,60.5,34.041666666666664
2015-02-16,18.583333333333332,13.829166666666666,,17.041666666666668,,58.666666666666664,,,,56.916666666666664,30.583333333333332
2015-02-17,14.1625,8.020833333333334,,13.025,,48.083333333333336,,,,47.125,23.541666666666668
2015-02-18,8.879166666666666,6.204166666666667,,12.791666666666666,,51.708333333333336,,,,27.083333333333332,20.708333333333332
2015-02-19,18.2375,12.333333333333334,,16.3,,55.166666666666664,,,,33.541666666666664,22.5
2015-02-20,22.575,19.2,,25.933333333333334,,38.875,,,,62.041666666666664,35.416666666666664
2015-02-21,23.52916666666667,19.5125,,28.795833333333334,,53.833333333333336,,,,62.791666666666664,35.958333333333336
2015-02-22,35.324999999999996,31.120833333333334,,50.40833333333333,,41.375,,,,79.70833333333333,57.791666666666664
2015-02-23,25.245833333333334,22.858333333333334,,38.59166666666667,,46.958333333333336,,,,82.95833333333333,61.833333333333336
2015-02-24,34.25833333333333,30.129166666666666,,47.80833333333334,,36.916666666666664,,,,67.54166666666667,42.833333333333336
2015-02-25,52.17083333333333,46.71666666666667,,55.69166666666666,,21.708333333333332,,,,130.29166666666666,78.04166666666667
2015-02-26,32.083333333333336,26.795833333333334,,44.708333333333336,,32.416666666666664,,,,90.5,64.58333333333333
2015-02-27,38.300000000000004,34.5875,,48.17916666666667,,28.708333333333332,,,,95.79166666666667,66.83333333333333
2015-02-28,34.75416666666667,27.483333333333334,,37.5625,,32.166666666666664,,,,90.29166666666667,64.66666666666667
2015-03-01,31.308333333333334,23.954166666666666,,27.3125,,38.5,,,,78.41666666666667,58.291666666666664
2015-03-02,52.73333333333333,46.65416666666667,,38.69583333333333,,31.5,,,,94.75,65.54166666666667
2015-03-03,29.1875,25.425,,32.512499999999996,,43.0,,,,111.95833333333333,72.0
2015-03-04,29.037499999999998,26.008333333333336,,35.05833333333333,,26.708333333333332,,,,76.79166666666667,57.625
2015-03-05,29.75,26.5,,41.19583333333333,,44.166666666666664,,,,79.95833333333333,60.041666666666664
2015-03-06,42.40833333333333,36.81666666666667,,50.9,,30.75,,,,90.375,64.75
2015-03-07,24.84166666666667,16.079166666666666,,16.533333333333335,,67.5,,,,83.875,58.541666666666664
2015-03-08,26.400000000000002,14.333333333333334,,11.870833333333332,,80.29166666666667,,,,55.583333333333336,32.166666666666664
2015-03-09,29.566666666666666,18.104166666666668,,16.783333333333335,,74.33333333333333,,,,57.833333333333336,32.958333333333336
2015-03-10,38.25416666666667,27.4375,,38.30833333333333,,45.916666666666664,,,,71.54166666666667,48.166666666666664
2015-03-11,37.7375,33.449999999999996,,43.92083333333333,,37.458333333333336,,,,85.04166666666667,62.666666666666664
2015-03-12,35.145833333333336,31.8,,33.454166666666666,,48.5,,,,104.875,69.91666666666667
2015-03-13,43.79583333333333,40.1875,,41.137499999999996,,41.083333333333336,,,,95.29166666666667,66.58333333333333
2015-03-14,26.462500000000002,22.458333333333332,,23.587500000000002,,63.416666666666664,,,,97.125,66.58333333333333
2015-03-15,30.566666666666666,24.09166666666667,,30.708333333333332,,50.125,,,,68.0,42.333333333333336
2015-03-16,49.73333333333333,37.09166666666667,,19.787499999999998,,46.25,,,,97.0,66.91666666666667
2015-03-17,32.083333333333336,24.420833333333334,,20.045833333333334,,59.541666666666664,,,,93.25,65.875
2015-03-18,18.625,14.108333333333334,,19.883333333333333,,56.25,,,,56.875,31.875
2015-03-19,22.241666666666664,19.266666666666666,,27.691666666666666,,51.333333333333336,,,,63.333333333333336,36.583333333333336
2015-03-20,17.070833333333333,14.704166666666666,,22.349999999999998,,56.958333333333336,,,,59.375,32.833333333333336
2015-03-21,23.4875,19.470833333333335,,26.879166666666666,,47.041666666666664,,,,54.083333333333336,27.916666666666668
2015-03-22,34.025,29.97083333333333,,30.633333333333336,,51.375,,,,80.41666666666667,57.541666666666664
2015-03-23,46.416666666666664,40.387499999999996,,45.92916666666667,,35.083333333333336,,,,106.20833333333333,70.41666666666667
2015-03-24,24.795833333333334,20.2375,,22.7,,60.833333333333336,,,,85.54166666666667,60.291666666666664
2015-03-25,37.920833333333334,34.074999999999996,,39.1875,,45.541666666666664,,,,79.16666666666667,55.666666666666664
2015-03-26,59.199999999999996,53.29583333333333,,70.9875,,24.416666666666668,,,,125.5,76.45833333333333
2015-03-27,82.14999999999999,63.59166666666667,,56.025,,29.666666666666668,,,,140.0,81.54166666666667
2015-03-28,43.35833333333333,37.862500000000004,,42.949999999999996,,37.541666666666664,,,,148.25,88.95833333333333
2015-03-29,49.1,42.57083333333333,,44.49166666666667,,36.75,,,,102.25,68.875
2015-03-30,43.0375,37.833333333333336,,36.475,,44.708333333333336,,,,111.0,71.95833333333333
2015-03-31,33.237500000000004,28.879166666666666,,40.59166666666667,,42.291666666666664,,,,97.0,67.04166666666667
2015-04-01,26.4375,23.6125,,28.22083333333333,,61.625,,,,77.625,57.166666666666664
2015-04-02,15.666666666666666,13.120833333333332,,21.204166666666666,,62.25,,,,65.29166666666667,39.625
2015-04-03,19.254166666666666,16.545833333333334,,27.2625,,60.708333333333336,,,,57.708333333333336,31.208333333333332
2015-04-04,17.904166666666665,15.120833333333332,,23.1125,,59.25,,,,56.875,30.708333333333332
2015-04-05,41.762499999999996,37.00416666666667,,50.9,,43.333333333333336,,,,76.83333333333333,52.208333333333336
2015-04-06,29.695833333333336,25.575,,32.18333333333333,,52.041666666666664,,,,101.20833333333333,68.5
2015-04-07,14.125,11.766666666666666,,21.920833333333334,,57.0,,,,58.166666666666664,32.708333333333336
2015-04-08,15.920833333333334,12.674999999999999,,17.483333333333334,,61.708333333333336,,,,49.708333333333336,26.458333333333332
2015-04-09,17.258333333333333,12.529166666666667,,11.258333333333333,,78.33333333333333,,,,53.208333333333336,31.833333333333332
2015-04-10,14.408333333333333,9.208333333333334,,16.279166666666665,,71.66666666666667,,,,41.25,28.791666666666668
2015-04-11,30.983333333333334,25.308333333333334,,40.05833333333333,,45.708333333333336,,,,60.25,36.208333333333336
2015-04-12,50.025,41.708333333333336,,57.23333333333333,,32.333333333333336,,,,92.41666666666667,65.41666666666667
2015-04-13,49.199999999999996,43.604166666666664,,58.01666666666667,,40.666666666666664,,,,122.0,75.45833333333333
2015-04-14,39.800000000000004,34.545833333333334,,39.449999999999996,,50.333333333333336,,,,114.5,73.04166666666667
2015-04-15,30.308333333333334,26.09166666666667,,44.479166666666664,,50.583333333333336,,,,83.29166666666667,62.083333333333336
2015-04-16,48.4625,41.71666666666667,,54.229166666666664,,37.458333333333336,,,,101.33333333333333,68.45833333333333
2015-04-17,26.59583333333333,22.9375,,23.733333333333334,,73.41666666666667,,,,92.125,64.625
2015-04-18,33.020833333333336,23.554166666666664,,16.6875,,86.20833333333333,,,,71.08333333333333,47.541666666666664
2015-04-19,21.162499999999998,14.9,,17.516666666666666,,68.45833333333333,,,,73.16666666666667,51.75
2015-04-20,19.616666666666667,16.962500000000002,,26.266666666666666,,69.625,,,,50.75,28.916666666666668
2015-04-21,18.091666666666665,14.75,,20.75,,66.125,,,,60.708333333333336,34.125
2015-04-22,20.462500000000002,16.504166666666666,,26.254166666666666,,59.458333333333336,,,,59.916666666666664,33.166666666666664
2015-04-23,17.191666666666666,14.983333333333334,,26.754166666666666,,67.95833333333333,,,,51.916666666666664,30.416666666666668
2015-04-24,24.995833333333334,22.683333333333334,,34.77916666666667,,61.583333333333336,,,,66.625,41.458333333333336
2015-04-25,48.63333333333333,43.74583333333334,,48.65416666666667,,42.583333333333336,,,,96.54166666666667,66.125
2015-04-26,41.27916666666667,34.97083333333333,,40.333333333333336,,59.916666666666664,,,,106.625,70.5
2015-04-27,43.729166666666664,36.25,,45.55833333333334,,44.791666666666664,,,,99.33333333333333,68.125
2015-04-28,63.88333333333333,55.52916666666667,,54.708333333333336,,36.375,,,,131.25,78.41666666666667
2015-04-29,53.475,31.837500000000002,,29.90416666666667,,57.083333333333336,,,,119.04166666666667,74.45833333333333
2015-04-30,30.712500000000002,27.258333333333336,,30.8625,,34.833333333333336,,,,87.33333333333333,63.666666666666664
2015-05-01,51.2875,42.199999999999996,,45.27916666666667,,41.916666666666664,,,,89.625,64.5
2015-05-02,54.475,46.51666666666667,,52.11666666666667,,30.791666666666668,,,,135.04166666666666,79.58333333333333
2015-05-03,33.354166666666664,28.791666666666668,,40.32083333333333,,40.5,,,,103.875,69.375
2015-05-04,34.612500000000004,31.141666666666666,,43.2875,,41.708333333333336,,,,90.54166666666667,64.75
2015-05-05,29.291666666666668,26.125,,40.24166666666667,,50.958333333333336,,,,81.33333333333333,61.333333333333336
2015-05-06,30.170833333333334,25.825,,38.09583333333333,,47.5,,,,83.375,62.041666666666664
2015-05-07,40.916666666666664,34.208333333333336,,53.29583333333333,,39.0,,,,79.83333333333333,59.791666666666664
2015-05-08,27.983333333333334,23.695833333333336,,33.4125,,55.166666666666664,,,,97.58333333333333,67.41666666666667
2015-05-09,18.879166666666666,15.916666666666666,,20.5625,,70.58333333333333,,,,63.833333333333336,38.583333333333336
2015-05-10,13.808333333333332,11.666666666666666,,17.9125,,73.75,,,,52.5,30.583333333333332
2015-05-11,18.525000000000002,15.512500000000001,,19.6375,,68.29166666666667,,,,54.5,29.333333333333332
2015-05-12,18.099999999999998,15.154166666666667,,19.841666666666665,,72.125,,,,54.958333333333336,31.25
2015-05-13,25.491666666666664,22.429166666666664,,36.0,,63.166666666666664,,,,64.75,39.208333333333336
2015-05-14,38.03333333333333,33.199999999999996,,48.487500000000004,,51.333333333333336,,,,84.875,60.875
2015-05-15,26.762500000000003,23.78333333333333,,38.9,,61.833333333333336,,,,79.79166666666667,56.0
2015-05-16,31.766666666666666,22.8625,,33.012499999999996,,65.91666666666667,,,,76.08333333333333,57.041666666666664
2015-05-17,50.85833333333333,33.920833333333334,,44.25416666666666,,44.541666666666664,,,,87.45833333333333,62.875
2015-05-18,39.704166666666666,29.304166666666664,,22.804166666666664,,66.16666666666667,,,,93.375,65.91666666666667
2015-05-19,36.079166666666666,27.09583333333333,,23.087500000000002,,62.833333333333336,,,,80.0,60.458333333333336
2015-05-20,44.69166666666666,31.7625,,28.9875,,63.041666666666664,,,,88.04166666666667,63.958333333333336
2015-05-21,34.69583333333333,24.291666666666668,,31.666666666666668,,61.791666666666664,,,,83.83333333333333,61.416666666666664
2015-05-22,43.97083333333333,32.74166666666667,,36.59166666666667,,51.916666666666664,,,,85.70833333333333,62.5
2015-05-23,37.925000000000004,30.77916666666667,,43.49583333333334,,52.5,,,,92.375,65.58333333333333
2015-05-24,35.675000000000004,30.599999999999998,,32.40416666666667,,55.0,,,,90.29166666666667,64.66666666666667
2015-05-25,51.112500000000004,41.5875,,48.69583333333333,,50.875,,,,96.54166666666667,66.95833333333333
2015-05-26,31.166666666666668,23.825,,35.65416666666667,,72.875,,,,99.33333333333333,67.75
2015-05-27,45.80416666666667,39.30833333333333,,48.52916666666667,,48.375,,,,88.66666666666667,63.666666666666664
2015-05-28,25.870833333333334,21.175,,24.704166666666666,,54.791666666666664,,,,98.5,67.375
2015-05-29,15.354166666666666,11.466666666666667,,20.412499999999998,,62.125,,,,53.625,30.75
2015-05-30,21.929166666666664,18.666666666666668,,31.1875,,52.0,,,,55.916666666666664,29.625
2015-05-31,42.11666666666667,34.475,,46.15,,51.25,,,,83.95833333333333,57.25
2015-06-01,16.770833333333332,14.508333333333333,,20.2375,,72.20833333333333,,,,75.33333333333333,50.166666666666664
2015-06-02,17.733333333333334,12.216666666666667,,17.241666666666667,,80.45833333333333,,,,52.333333333333336,32.458333333333336
2015-06-03,18.808333333333334,13.549999999999999,,19.829166666666666,,80.79166666666667,,,,50.041666666666664,32.416666666666664
2015-06-04,25.170833333333334,21.212500000000002,,29.787499999999998,,70.5,,,,60.666666666666664,35.0
2015-06-05,24.116666666666664,20.704166666666666,,26.258333333333336,,66.75,,,,71.29166666666667,48.083333333333336
2015-06-06,16.083333333333332,12.179166666666667,,15.008333333333333,,79.04166666666667,,,,58.25,35.5
2015-06-07,18.554166666666667,10.325000000000001,,13.8125,,81.125,,,,48.625,32.416666666666664
2015-06-08,22.070833333333336,12.366666666666667,,24.754166666666666,,68.08333333333333,,,,46.666666666666664,28.083333333333332
2015-06-09,34.69583333333333,27.21666666666667,,40.71666666666667,,51.375,,,,63.958333333333336,39.125
2015-06-10,37.44583333333333,31.016666666666666,,45.46666666666667,,43.0,,,,87.875,63.875
2015-06-11,27.375,22.045833333333334,,35.4375,,53.75,,,,82.0,60.125
2015-06-12,28.495833333333334,21.275,,28.729166666666668,,58.666666666666664,,,,72.20833333333333,49.75
2015-06-13,19.208333333333332,16.466666666666665,,23.162499999999998,,70.375,,,,63.75,37.375
2015-06-14,33.583333333333336,28.541666666666668,,41.170833333333334,,59.958333333333336,,,,66.0,41.541666666666664
2015-06-15,42.30416666666667,35.02916666666667,,53.76666666666667,,46.166666666666664,,,,98.08333333333333,67.5
2015-06-16,35.25833333333333,30.204166666666666,,36.483333333333334,,62.708333333333336,,,,92.95833333333333,65.70833333333333
2015-06-17,34.0875,29.229166666666668,,34.28333333333333,,55.083333333333336,,,,89.29166666666667,64.41666666666667
2015-06-18,16.466666666666665,12.804166666666667,,16.708333333333332,,70.16666666666667,,,,70.45833333333333,47.458333333333336
2015-06-19,13.3125,9.620833333333334,,14.145833333333334,,79.16666666666667,,,,39.375,31.625
2015-06-20,33.762499999999996,27.991666666666664,,39.112500000000004,,68.75,,,,62.458333333333336,40.791666666666664
2015-06-21,34.12916666666667,28.700000000000003,,43.80833333333334,,56.958333333333336,,,,94.16666666666667,66.20833333333333
2015-06-22,16.349999999999998,12.991666666666667,,18.945833333333333,,61.791666666666664,,,,64.5,40.458333333333336
2015-06-23,13.066666666666668,10.725,,21.104166666666668,,72.91666666666667,,,,46.625,29.666666666666668
2015-06-24,29.45,26.066666666666666,,41.87083333333333,,49.375,,,,57.958333333333336,33.75
2015-06-25,36.329166666666666,30.162499999999998,,43.895833333333336,,47.416666666666664,,,,92.33333333333333,65.54166666666667
2015-06-26,23.7,19.895833333333332,,33.725,,67.45833333333333,,,,73.70833333333333,49.0
2015-06-27,17.204166666666666,14.033333333333333,,24.325,,65.5,,,,64.375,38.125
2015-06-28,20.695833333333333,15.804166666666667,,25.291666666666668,,65.125,,,,49.916666666666664,28.25
2015-06-29,29.28333333333333,24.729166666666668,,34.983333333333334,,54.333333333333336,,,,71.95833333333333,48.916666666666664
2015-06-30,21.3625,17.858333333333334,,29.429166666666664,,50.958333333333336,,,,67.70833333333333,43.666666666666664
2015-07-01,15.225,13.320833333333333,,23.295833333333334,,64.08333333333333,,,,60.0,34.208333333333336
2015-07-02,11.387500000000001,9.825000000000001,,20.658333333333335,,66.79166666666667,,,,44.166666666666664,27.708333333333332
2015-07-03,13.258333333333333,10.5875,,20.425,,62.916666666666664,,,,44.791666666666664,26.791666666666668
2015-07-04,9.262500000000001,7.241666666666667,,18.55,,68.79166666666667,,,,37.625,28.041666666666668
2015-07-05,12.579166666666666,9.458333333333334,,20.641666666666666,,65.45833333333333,,,,35.291666666666664,26.291666666666668
2015-07-06,25.84166666666667,22.2375,,30.7625,,49.416666666666664,,,,54.541666666666664,31.125
2015-07-07,16.329166666666666,14.408333333333333,,23.1125,,61.25,,,,66.91666666666667,42.833333333333336
2015-07-08,17.704166666666666,16.283333333333335,,18.358333333333334,,71.04166666666667,,,,55.791666666666664,30.75
2015-07-09,26.95,22.495833333333334,,27.900000000000002,,66.58333333333333,,,,62.916666666666664,36.833333333333336
2015-07-10,27.912499999999998,23.650000000000002,,28.079166666666666,,69.83333333333333,,,,76.0,56.708333333333336
2015-07-11,13.754166666666668,10.8375,,15.741666666666667,,77.16666666666667,,,,61.958333333333336,40.791666666666664
2015-07-12,14.491666666666667,10.345833333333333,,15.729166666666666,,81.04166666666667,,,,43.416666666666664,32.708333333333336
2015-07-13,14.016666666666666,11.174999999999999,,18.724999999999998,,74.08333333333333,,,,46.125,29.75
2015-07-14,20.216666666666665,16.075,,26.912499999999998,,63.958333333333336,,,,50.291666666666664,27.541666666666668
2015-07-15,14.362499999999999,12.1625,,23.679166666666664,,67.58333333333333,,,,56.166666666666664,33.291666666666664
2015-07-16,13.9375,12.1625,,20.441666666666666,,75.875,,,,50.708333333333336,31.75
2015-07-17,11.2875,9.245833333333334,,16.691666666666666,,79.375,,,,45.291666666666664,31.666666666666668
2015-07-18,11.283333333333333,7.766666666666667,,16.170833333333334,,79.875,,,,37.333333333333336,31.958333333333332
2015-07-19,12.795833333333334,9.358333333333333,,15.3125,,83.54166666666667,,,,39.416666666666664,33.5
2015-07-20,15.308333333333332,9.270833333333334,,17.087500000000002,,78.20833333333333,,,,39.791666666666664,31.291666666666668
2015-07-21,14.379166666666668,10.233333333333333,,18.566666666666666,,79.41666666666667,,,,40.708333333333336,31.708333333333332
2015-07-22,14.424999999999999,10.308333333333334,,16.4375,,83.29166666666667,,,,40.625,33.208333333333336
2015-07-23,18.962500000000002,11.508333333333333,,15.395833333333334,,80.04166666666667,,,,46.291666666666664,32.083333333333336
2015-07-24,27.77916666666667,15.4375,,21.45,,70.75,,,,52.916666666666664,30.041666666666668
2015-07-25,30.145833333333332,22.008333333333336,,35.175000000000004,,63.416666666666664,,,,63.5,37.125
2015-07-26,34.13333333333333,28.179166666666664,,44.55833333333334,,54.541666666666664,,,,77.20833333333333,57.916666666666664
2015-07-27,38.44583333333333,32.550000000000004,,49.40833333333333,,60.0,,,,94.20833333333333,66.25
2015-07-28,35.666666666666664,30.104166666666668,,41.266666666666666,,66.875,,,,87.95833333333333,63.833333333333336
2015-07-29,24.741666666666664,21.224999999999998,,20.529166666666665,,79.625,,,,79.58333333333333,57.041666666666664
2015-07-30,21.854166666666668,16.5,,19.354166666666668,,74.04166666666667,,,,63.958333333333336,38.541666666666664
2015-07-31,20.55,15.237499999999999,,17.620833333333334,,72.79166666666667,,,,58.333333333333336,33.291666666666664
2015-08-01,20.520833333333332,15.304166666666667,,15.5625,,71.91666666666667,,,,56.583333333333336,31.166666666666668
2015-08-02,20.724999999999998,14.6,,14.108333333333334,,74.08333333333333,,,,55.625,31.291666666666668
2015-08-03,18.641666666666666,13.4375,,14.85,,74.41666666666667,,,,56.208333333333336,31.166666666666668
2015-08-04,21.3625,14.445833333333333,,21.929166666666664,,64.625,,,,52.791666666666664,28.083333333333332
2015-08-05,24.84583333333333,19.266666666666666,,27.625,,64.29166666666667,,,,59.75,33.041666666666664
2015-08-06,20.662499999999998,16.270833333333332,,24.004166666666666,,62.541666666666664,,,,62.333333333333336,35.541666666666664
2015-08-07,25.316666666666666,13.770833333333334,,17.845833333333335,,76.29166666666667,,,,58.0,33.583333333333336
2015-08-08,30.883333333333336,13.404166666666667,,12.954166666666666,,75.875,,,,52.666666666666664,31.208333333333332
2015-08-09,31.75,16.766666666666666,,22.016666666666666,,69.375,,,,56.208333333333336,32.208333333333336
2015-08-10,27.412499999999998,19.920833333333334,,29.379166666666666,,64.08333333333333,,,,62.333333333333336,35.5
2015-08-11,37.69583333333333,30.34583333333333,,37.9625,,59.916666666666664,,,,77.41666666666667,55.083333333333336
2015-08-12,41.46666666666667,35.333333333333336,,49.92083333333333,,53.25,,,,95.75,66.875
2015-08-13,25.433333333333334,22.604166666666668,,29.47083333333333,,61.625,,,,87.79166666666667,62.875
2015-08-14,30.583333333333332,25.5625,,32.354166666666664,,57.541666666666664,,,,73.04166666666667,51.25
2015-08-15,23.704166666666666,21.650000000000002,,24.120833333333334,,67.25,,,,77.25,57.416666666666664
2015-08-16,28.53333333333333,24.620833333333334,,28.829166666666666,,64.04166666666667,,,,70.875,47.125
2015-08-17,34.420833333333334,30.004166666666666,,31.308333333333334,,59.541666666666664,,,,83.33333333333333,61.916666666666664
2015-08-18,34.24583333333333,29.045833333333334,,32.06666666666667,,49.833333333333336,,,,88.45833333333333,64.125
2015-08-19,18.545833333333334,16.654166666666665,,18.754166666666666,,61.5,,,,73.66666666666667,49.666666666666664
2015-08-20,15.754166666666668,12.145833333333334,,15.5,,67.58333333333333,,,,54.958333333333336,30.666666666666668
2015-08-21,20.795833333333334,11.424999999999999,,14.208333333333334,,64.83333333333333,,,,48.666666666666664,26.625
2015-08-22,19.17083333333333,9.129166666666666,,10.745833333333332,,68.75,,,,42.791666666666664,27.541666666666668
2015-08-23,19.25,10.470833333333333,,11.495833333333332,,68.75,,,,39.125,27.583333333333332
2015-08-24,17.691666666666666,11.604166666666666,,15.625,,67.04166666666667,,,,46.875,27.0
2015-08-25,14.920833333333334,11.520833333333334,,19.904166666666665,,66.0,,,,48.625,26.791666666666668
2015-08-26,13.770833333333334,9.783333333333333,,17.695833333333333,,71.75,,,,46.291666666666664,29.375
2015-08-27,15.954166666666666,9.054166666666667,,18.279166666666665,,72.41666666666667,,,,37.25,29.0
2015-08-28,14.366666666666667,9.0625,,20.25,,71.16666666666667,,,,38.083333333333336,28.458333333333332
2015-08-29,16.5125,14.645833333333334,,22.383333333333336,,72.0,,,,47.166666666666664,29.583333333333332
2015-08-30,20.0,18.587500000000002,,25.208333333333332,,65.29166666666667,,,,60.666666666666664,34.583333333333336
2015-08-31,17.720833333333335,12.070833333333333,,19.641666666666666,,75.54166666666667,,,,57.666666666666664,34.791666666666664
2015-09-01,17.520833333333332,11.729166666666666,,22.400000000000002,,71.83333333333333,,,,46.833333333333336,28.916666666666668
2015-09-02,36.12083333333333,28.733333333333334,,43.9125,,52.708333333333336,,,,62.083333333333336,37.666666666666664
2015-09-03,49.10833333333333,41.791666666666664,,53.82916666666667,,39.916666666666664,,,,106.91666666666667,70.5
2015-09-04,30.400000000000002,25.241666666666664,,32.8375,,49.541666666666664,,,,96.79166666666667,66.875
2015-09-05,37.80416666666667,32.233333333333334,,45.8375,,43.791666666666664,,,,81.625,61.166666666666664
2015-09-06,31.675,26.633333333333336,,42.35,,52.166666666666664,,,,91.875,65.33333333333333
2015-09-07,17.462500000000002,12.604166666666666,,18.695833333333333,,73.91666666666667,,,,65.95833333333333,41.375
2015-09-08,12.879166666666668,9.9625,,15.795833333333334,,73.79166666666667,,,,47.083333333333336,30.0
2015-09-09,12.291666666666666,8.779166666666667,,15.970833333333333,,73.33333333333333,,,,37.166666666666664,29.375
2015-09-10,21.462500000000002,15.629166666666668,,19.545833333333334,,67.54166666666667,,,,44.5,28.291666666666668
2015-09-11,37.449999999999996,30.770833333333332,,26.670833333333334,,55.708333333333336,,,,74.54166666666667,50.0
2015-09-12,20.912499999999998,15.758333333333333,,18.591666666666665,,59.583333333333336,,,,78.91666666666667,54.625
2015-09-13,18.025000000000002,10.700000000000001,,11.645833333333334,,67.29166666666667,,,,47.041666666666664,27.541666666666668
2015-09-14,17.720833333333335,11.291666666666666,,16.349999999999998,,61.5,,,,46.541666666666664,24.958333333333332
2015-09-15,16.870833333333334,11.716666666666667,,18.162499999999998,,59.375,,,,48.625,25.125
2015-09-16,18.2125,13.2125,,18.083333333333332,,61.166666666666664,,,,50.375,26.166666666666668
2015-09-17,19.675,14.516666666666666,,20.058333333333334,,59.833333333333336,,,,54.25,28.291666666666668
2015-09-18,17.683333333333334,14.554166666666667,,19.266666666666666,,64.54166666666667,,,,56.041666666666664,29.958333333333332
2015-09-19,16.25,11.566666666666668,,18.070833333333333,,68.75,,,,51.75,28.625
2015-09-20,26.045833333333334,21.537499999999998,,31.0625,,54.25,,,,55.75,30.416666666666668
2015-09-21,32.1,27.78333333333333,,39.36666666666667,,47.291666666666664,,,,80.25,58.833333333333336
2015-09-22,18.912499999999998,17.220833333333335,,26.27916666666667,,61.791666666666664,,,,72.45833333333333,49.458333333333336
2015-09-23,34.19166666666667,29.958333333333332,,37.56666666666667,,51.083333333333336,,,,68.66666666666667,44.0
2015-09-24,21.145833333333332,17.787499999999998,,29.558333333333334,,51.791666666666664,,,,78.375,55.083333333333336
2015-09-25,35.2875,29.929166666666664,,48.46666666666667,,38.416666666666664,,,,76.5,53.541666666666664
2015-09-26,38.18333333333333,32.87083333333333,,34.88333333333333,,39.583333333333336,,,,93.70833333333333,66.08333333333333
2015-09-27,30.650000000000002,26.02916666666667,,22.045833333333334,,52.208333333333336,,,,86.20833333333333,63.333333333333336
2015-09-28,27.820833333333336,23.479166666666668,,23.295833333333334,,58.875,,,,77.25,58.541666666666664
2015-09-29,22.474999999999998,17.958333333333332,,17.858333333333334,,49.833333333333336,,,,71.33333333333333,48.291666666666664
2015-09-30,15.670833333333334,8.700000000000001,,11.029166666666667,,44.458333333333336,,,,45.583333333333336,24.041666666666668
2015-10-01,16.662499999999998,11.612499999999999,,14.170833333333334,,38.125,,,,40.833333333333336,19.625
2015-10-02,22.916666666666668,17.416666666666668,,19.4125,,40.75,,,,51.5,25.583333333333332
2015-10-03,43.81666666666666,33.233333333333334,,19.433333333333334,,51.75,,,,82.45833333333333,57.291666666666664
2015-10-04,39.025,30.608333333333334,,23.7625,,48.375,,,,92.04166666666667,65.45833333333333
2015-10-05,50.583333333333336,41.204166666666666,,35.69583333333333,,36.25,,,,100.66666666666667,68.29166666666667
2015-10-06,30.333333333333332,25.116666666666664,,31.479166666666668,,39.666666666666664,,,,100.83333333333333,68.25
2015-10-07,29.304166666666664,25.525000000000002,,34.84166666666667,,26.583333333333332,,,,74.45833333333333,53.75
2015-10-08,16.1375,10.758333333333333,,17.058333333333334,,51.0,,,,64.5,40.75
2015-10-09,15.1625,9.495833333333334,,17.658333333333335,,63.708333333333336,,,,43.083333333333336,25.833333333333332
2015-10-10,13.204166666666666,10.766666666666666,,20.983333333333334,,56.166666666666664,,,,40.208333333333336,22.583333333333332
2015-10-11,36.137499999999996,28.587500000000002,,36.225,,32.708333333333336,,,,61.833333333333336,37.791666666666664
2015-10-12,37.6625,25.5125,,29.320833333333336,,35.25,,,,89.625,64.45833333333333
2015-10-13,17.429166666666667,10.683333333333332,,17.954166666666666,,33.666666666666664,,,,59.791666666666664,35.208333333333336
2015-10-14,17.320833333333333,10.325000000000001,,17.620833333333334,,47.416666666666664,,,,40.833333333333336,20.541666666666668
2015-10-15,13.987499999999999,10.183333333333334,,16.170833333333334,,56.958333333333336,,,,45.083333333333336,23.958333333333332
2015-10-16,17.145833333333332,10.741666666666667,,17.275000000000002,,55.0,,,,43.458333333333336,22.625
2015-10-17,29.575,20.008333333333333,,30.037499999999998,,35.458333333333336,,,,52.666666666666664,27.625
2015-10-18,28.837500000000002,18.895833333333332,,30.2,,41.041666666666664,,,,69.5,44.791666666666664
2015-10-19,46.22083333333333,38.125,,41.42916666666667,,31.166666666666668,,,,75.08333333333333,49.083333333333336
2015-10-20,73.22500000000001,59.36666666666667,,49.75416666666666,,14.833333333333334,,,,141.58333333333334,82.91666666666667
2015-10-21,36.645833333333336,31.354166666666668,,33.8125,,22.333333333333332,,,,135.79166666666666,80.91666666666667
2015-10-22,13.766666666666666,11.854166666666666,,24.445833333333336,,31.958333333333332,,,,52.5,30.416666666666668
2015-10-23,18.058333333333334,15.299999999999999,,28.254166666666666,,35.666666666666664,,,,58.208333333333336,31.75
2015-10-24,12.783333333333333,7.416666666666667,,15.345833333333333,,57.458333333333336,,,,39.458333333333336,23.458333333333332
2015-10-25,16.020833333333332,10.395833333333334,,19.404166666666665,,35.75,,,,38.833333333333336,18.666666666666668
2015-10-26,13.125,10.083333333333334,,22.954166666666666,,41.083333333333336,,,,42.208333333333336,20.708333333333332
2015-10-27,15.804166666666667,12.645833333333334,,18.870833333333334,,45.708333333333336,,,,46.75,22.625
2015-10-28,9.633333333333333,6.504166666666666,,14.775,,57.875,,,,40.875,23.791666666666668
2015-10-29,9.4125,6.570833333333333,,17.075,,63.083333333333336,,,,28.791666666666668,25.208333333333332
2015-10-30,13.933333333333332,8.141666666666667,,15.633333333333333,,60.708333333333336,,,,31.916666666666668,24.208333333333332
2015-10-31,13.545833333333334,6.6875,,11.012500000000001,,65.70833333333333,,,,31.583333333333332,26.416666666666668
2015-11-01,15.9125,6.8374999999999995,,12.595833333333333,,64.0,,,,30.458333333333332,25.666666666666668
2015-11-02,11.975,7.116666666666667,,20.208333333333332,,54.791666666666664,,,,28.208333333333332,22.75
2015-11-03,17.266666666666666,14.549999999999999,,35.333333333333336,,36.208333333333336,,,,40.166666666666664,22.375
2015-11-04,25.229166666666668,21.708333333333332,,34.88333333333333,,34.541666666666664,,,,64.08333333333333,38.0
2015-11-05,26.129166666666666,23.620833333333334,,33.2875,,41.458333333333336,,,,73.08333333333333,51.333333333333336
2015-11-06,19.470833333333335,16.354166666666668,,25.7,,57.083333333333336,,,,69.66666666666667,45.916666666666664
2015-11-07,20.316666666666666,18.333333333333332,,21.745833333333334,,58.166666666666664,,,,58.0,31.375
2015-11-08,44.583333333333336,39.38333333333333,,32.3125,,32.583333333333336,,,,81.375,55.875
2015-11-09,45.020833333333336,40.391666666666666,,37.1,,23.375,,,,117.83333333333333,74.04166666666667
2015-11-10,51.44583333333333,44.3125,,48.69166666666666,,10.166666666666666,,,,115.54166666666667,73.375
2015-11-11,28.8,26.241666666666664,,33.62083333333333,,20.083333333333332,,,,99.91666666666667,68.0
2015-11-12,52.225,45.6625,,48.824999999999996,,10.541666666666666,,,,92.66666666666667,65.5
2015-11-13,47.22083333333333,40.641666666666666,,49.262499999999996,,13.083333333333334,,,,141.375,81.75
2015-11-14,41.65833333333333,37.87083333333333,,38.43333333333333,,20.875,,,,93.625,65.875
2015-11-15,27.854166666666668,23.433333333333334,,37.262499999999996,,23.875,,,,99.95833333333333,67.95833333333333
2015-11-16,36.31666666666667,30.683333333333334,,39.69166666666667,,22.791666666666668,,,,79.08333333333333,58.375
2015-11-17,18.375,12.533333333333333,,29.370833333333334,,34.333333333333336,,,,69.625,45.041666666666664
2015-11-18,30.625,25.666666666666668,,39.17916666666667,,28.208333333333332,,,,66.66666666666667,43.541666666666664
2015-11-19,30.724999999999998,26.4375,,31.358333333333334,,27.875,,,,75.20833333333333,54.791666666666664
2015-11-20,27.445833333333336,23.891666666666666,,31.170833333333334,,30.375,,,,84.125,62.208333333333336
2015-11-21,19.695833333333333,13.875,,14.933333333333332,,59.041666666666664,,,,62.916666666666664,37.375
2015-11-22,14.304166666666667,10.9625,,11.6,,62.583333333333336,,,,50.5,25.708333333333332
2015-11-23,19.6125,13.158333333333333,,22.075,,55.833333333333336,,,,45.916666666666664,24.833333333333332
2015-11-24,30.179166666666664,24.820833333333336,,36.19583333333333,,29.916666666666668,,,,67.45833333333333,44.375
2015-11-25,22.145833333333332,18.599999999999998,,31.6375,,34.791666666666664,,,,68.70833333333333,44.916666666666664
2015-11-26,22.741666666666664,19.825,,34.59583333333333,,37.583333333333336,,,,70.91666666666667,47.375
2015-11-27,34.425000000000004,29.90833333333333,,45.145833333333336,,13.166666666666666,,,,70.41666666666667,47.0
2015-11-28,16.966666666666665,14.004166666666668,,26.712500000000002,,43.375,,,,76.5,52.083333333333336
2015-11-29,19.070833333333333,16.433333333333334,,28.1875,,28.208333333333332,,,,50.75,25.25
2015-11-30,17.666666666666668,15.079166666666666,,25.0,,33.416666666666664,,,,61.083333333333336,34.375
2015-12-01,15.445833333333333,11.5625,,17.279166666666665,,44.583333333333336,,,,50.958333333333336,25.375
2015-12-02,15.8125,12.070833333333333,,26.445833333333336,,43.041666666666664,,,,50.458333333333336,24.833333333333332
2015-12-03,18.041666666666668,14.333333333333334,,31.258333333333336,,30.166666666666668,,,,51.875,25.75
2015-12-04,23.46666666666667,19.629166666666666,,32.65416666666667,,20.375,,,,62.208333333333336,35.833333333333336
2015-12-05,31.375,27.366666666666664,,38.425000000000004,,20.291666666666668,,,,64.16666666666667,38.333333333333336
2015-12-06,55.59166666666667,48.75,,52.458333333333336,,7.041666666666667,,,,115.04166666666667,73.08333333333333
2015-12-07,52.73333333333333,44.97083333333333,,52.275,,8.25,,,,122.125,75.5
2015-12-08,32.545833333333334,27.758333333333336,,30.412499999999998,,25.791666666666668,,,,112.70833333333333,72.375
2015-12-09,18.400000000000002,13.762500000000001,,19.3625,,44.416666666666664,,,,67.54166666666667,43.333333333333336
2015-12-10,15.745833333333332,9.495833333333334,,18.229166666666668,,47.458333333333336,,,,48.125,23.625
2015-12-11,13.825000000000001,9.612499999999999,,19.2375,,41.25,,,,38.541666666666664,19.208333333333332
2015-12-12,17.091666666666665,14.145833333333334,,23.787499999999998,,38.583333333333336,,,,46.666666666666664,22.5
2015-12-13,38.833333333333336,35.25416666666667,,39.97083333333333,,17.833333333333332,,,,74.04166666666667,48.791666666666664
2015-12-14,42.98333333333333,38.141666666666666,,40.0375,,17.583333333333332,,,,109.41666666666667,71.45833333333333
2015-12-15,17.129166666666666,13.775,,24.15416666666667,,36.708333333333336,,,,80.83333333333333,54.875
2015-12-16,11.404166666666667,8.095833333333333,,17.804166666666667,,44.5,,,,42.0,21.291666666666668
2015-12-17,13.924999999999999,8.362499999999999,,15.179166666666667,,46.083333333333336,,,,33.25,18.666666666666668
2015-12-18,13.804166666666667,10.4125,,22.900000000000002,,46.541666666666664,,,,38.0,20.5
2015-12-19,22.162499999999998,19.474999999999998,,28.066666666666666,,37.375,,,,54.375,28.916666666666668
2015-12-20,23.316666666666666,20.995833333333334,,32.0625,,33.708333333333336,,,,67.20833333333333,40.666666666666664
2015-12-21,52.42916666666667,47.25,,47.15416666666667,,14.541666666666666,,,,94.25,63.958333333333336
2015-12-22,46.25416666666666,40.425000000000004,,40.9625,,18.833333333333332,,,,126.0,76.79166666666667
2015-12-23,53.81666666666666,46.20416666666667,,45.80416666666667,,10.916666666666666,,,,114.20833333333333,72.91666666666667
2015-12-24,55.208333333333336,48.42916666666667,,55.24583333333334,,11.916666666666666,,,,130.875,78.33333333333333
2015-12-25,56.354166666666664,51.012499999999996,,47.625,,10.416666666666666,,,,146.08333333333334,84.29166666666667
2015-12-26,37.891666666666666,34.145833333333336,,37.2875,,18.416666666666668,,,,108.41666666666667,70.95833333333333
2015-12-27,67.825,59.833333333333336,,55.82083333333333,,8.25,,,,120.5,75.0
2015-12-28,52.76666666666667,47.75833333333333,,50.3125,,12.875,,,,151.0,87.58333333333333
2015-12-29,34.395833333333336,29.025000000000002,,31.670833333333334,,21.25,,,,109.41666666666667,71.29166666666667
2015-12-30,13.145833333333334,7.620833333333334,,12.35,,45.958333333333336,,,,56.5,35.416666666666664
2015-12-31,7.183333333333334,5.55,,13.125,,47.291666666666664,,,,25.375,18.875
2016-01-01,14.541666666666666,12.5,269.7142857142857,27.287499999999998,9.204761904761906,46.208333333333336,,,,30.25,21.333333333333332
2016-01-02,17.5125,14.520833333333334,282.4166666666667,46.324999999999996,9.991666666666665,30.208333333333332,,,,56.125,29.833333333333332
2016-01-03,22.041666666666668,18.224999999999998,287.9166666666667,41.699999999999996,8.295833333333333,28.5,,,,58.625,32.0
2016-01-04,25.325,21.53333333333333,323.2083333333333,50.40833333333333,11.916666666666666,24.291666666666668,,,,64.70833333333333,38.166666666666664
2016-01-05,20.970833333333335,17.837500000000002,306.2083333333333,47.95416666666667,12.654166666666667,18.791666666666668,,,,69.0,44.375
2016-01-06,30.041666666666668,22.608333333333334,265.0,52.1,13.241666666666667,16.5,,,,67.375,42.875
2016-01-07,24.004166666666666,14.633333333333333,196.66666666666666,29.275000000000002,10.241666666666667,38.083333333333336,,,,66.16666666666667,40.958333333333336
2016-01-08,21.641666666666666,19.125,335.7083333333333,40.104166666666664,14.995833333333332,26.083333333333332,,,,59.791666666666664,33.208333333333336
2016-01-09,18.9625,15.841666666666667,252.125,41.833333333333336,11.316666666666668,28.083333333333332,,,,61.166666666666664,34.541666666666664
2016-01-10,18.7375,14.762500000000001,221.29166666666666,38.645833333333336,15.225,31.958333333333332,,,,58.25,31.75
2016-01-11,16.470833333333335,13.041666666666666,197.58333333333334,32.8125,8.620833333333334,36.0,,,,51.25,25.416666666666668
2016-01-12,23.7,15.25,172.83333333333334,23.3125,6.829166666666667,55.083333333333336,,,,55.0,28.583333333333332
2016-01-13,20.1875,16.529166666666665,276.625,45.291666666666664,8.920833333333333,37.375,,,,56.625,30.375
2016-01-14,29.625,25.15416666666667,345.125,49.02916666666667,12.695833333333333,23.75,,,,72.54166666666667,51.125
2016-01-15,23.537499999999998,19.783333333333335,283.25,44.05833333333334,13.070833333333333,27.208333333333332,,,,71.08333333333333,47.666666666666664
2016-01-16,15.983333333333334,8.8625,190.33333333333334,38.94583333333333,8.8375,47.333333333333336,,,,54.125,30.083333333333332
2016-01-17,11.229166666666666,8.237499999999999,206.33333333333334,28.145833333333332,6.1875,48.875,,,,37.125,20.791666666666668
2016-01-18,8.541666666666666,6.2124999999999995,201.58333333333334,21.77916666666667,5.558333333333334,42.625,,,,27.25,17.125
2016-01-19,16.391666666666666,12.108333333333334,256.375,28.337500000000002,7.345833333333334,39.541666666666664,,,,32.333333333333336,19.5
2016-01-20,30.90833333333333,25.5625,322.4166666666667,62.15,15.875,21.916666666666668,,,,65.5,41.416666666666664
2016-01-21,39.541666666666664,34.4,408.0416666666667,72.85000000000001,18.133333333333333,18.083333333333332,,,,88.75,64.125
2016-01-22,22.333333333333332,17.266666666666666,333.7916666666667,43.895833333333336,11.15,37.625,,,,83.70833333333333,58.208333333333336
2016-01-23,13.029166666666667,9.508333333333333,270.9166666666667,24.295833333333334,7.354166666666667,48.75,,,,50.25,25.541666666666668
2016-01-24,14.191666666666668,11.15,229.70833333333334,29.224999999999998,8.970833333333333,48.416666666666664,,,,39.958333333333336,21.625
2016-01-25,20.091666666666665,16.316666666666666,279.125,36.104166666666664,9.654166666666667,44.0,,,,51.875,26.125
2016-01-26,22.270833333333332,18.033333333333335,305.2083333333333,50.23333333333333,11.808333333333332,29.333333333333332,,,,64.08333333333333,37.208333333333336
2016-01-27,20.470833333333335,16.3,335.625,39.82083333333333,11.291666666666666,30.958333333333332,,,,60.791666666666664,34.041666666666664
2016-01-28,19.345833333333335,15.85,274.0,39.7,12.737499999999999,37.166666666666664,,,,56.25,29.958333333333332
2016-01-29,41.2125,32.99166666666667,347.2083333333333,61.775,16.604166666666668,16.916666666666668,,,,71.5,47.375
2016-01-30,45.03333333333333,36.28333333333333,358.4583333333333,57.35,14.204166666666666,12.458333333333334,,,,108.95833333333333,71.29166666666667
2016-01-31,43.32916666666667,32.85,300.6666666666667,44.70416666666667,10.091666666666667,19.75,,,,98.79166666666667,67.95833333333333
2016-02-01,32.59166666666666,24.441666666666666,260.5833333333333,44.637499999999996,11.345833333333333,34.041666666666664,,,,81.70833333333333,61.291666666666664
2016-02-02,42.5,34.85,410.5416666666667,57.57083333333333,15.120833333333332,14.916666666666666,,,,85.70833333333333,62.5
2016-02-03,23.974999999999998,20.683333333333334,247.33333333333334,51.525,13.262500000000001,23.625,,,,86.125,60.5
2016-02-04,19.058333333333334,14.491666666666667,207.125,36.833333333333336,10.470833333333333,50.166666666666664,,,,61.625,35.041666666666664
2016-02-05,14.0,9.9625,234.79166666666666,29.65833333333333,6.308333333333334,39.541666666666664,,,,53.541666666666664,27.541666666666668
2016-02-06,12.645833333333334,8.0375,236.625,18.958333333333332,4.329166666666667,42.0,,,,29.541666666666668,17.208333333333332
2016-02-07,14.799999999999999,10.754166666666668,249.20833333333334,28.96666666666667,6.466666666666666,40.041666666666664,,,,40.416666666666664,19.583333333333332
2016-02-08,33.72083333333333,29.1375,386.8333333333333,56.775,12.691666666666668,21.5,,,,59.625,35.416666666666664
2016-02-09,40.47083333333333,34.829166666666666,357.375,52.07083333333333,15.879166666666668,25.833333333333332,,,,103.83333333333333,69.5
2016-02-10,25.0125,20.8875,240.95833333333334,49.67083333333333,15.200000000000001,32.541666666666664,,,,84.45833333333333,61.541666666666664
2016-02-11,21.1875,16.029166666666665,304.0833333333333,49.75416666666666,9.5125,42.25,,,,53.416666666666664,33.791666666666664
2016-02-12,24.254166666666666,18.537499999999998,243.95833333333334,54.62083333333334,9.220833333333333,28.125,,,,68.20833333333333,43.416666666666664
2016-02-13,21.520833333333332,14.845833333333333,195.20833333333334,41.545833333333334,6.920833333333333,36.75,,,,58.75,32.291666666666664
2016-02-14,16.1375,11.895833333333334,184.45833333333334,26.52916666666667,7.3625,55.5,,,,52.791666666666664,26.666666666666668
2016-02-15,29.429166666666664,21.375,212.45833333333334,49.69166666666666,10.895833333333334,38.0,,,,56.041666666666664,29.708333333333332
2016-02-16,45.93333333333334,32.05833333333333,266.9583333333333,54.949999999999996,14.991666666666667,26.958333333333332,,,,80.20833333333333,58.583333333333336
2016-02-17,59.09583333333333,48.512499999999996,417.125,68.28750000000001,21.120833333333334,18.125,,,,119.83333333333333,74.625
2016-02-18,37.99583333333333,30.179166666666664,288.3333333333333,31.1125,7.195833333333333,31.416666666666668,,,,105.79166666666667,70.04166666666667
2016-02-19,35.67916666666667,21.604166666666668,281.5416666666667,33.87083333333333,9.950000000000001,41.041666666666664,,,,82.16666666666667,59.833333333333336
2016-02-20,34.90833333333333,21.90416666666667,339.125,39.90416666666667,8.254166666666666,34.291666666666664,,,,69.125,44.083333333333336
2016-02-21,18.525000000000002,14.379166666666665,276.9583333333333,28.212500000000002,6.6375,44.166666666666664,,,,61.0,35.291666666666664
2016-02-22,30.395833333333332,25.412499999999998,339.5,50.050000000000004,13.058333333333332,26.041666666666668,,,,67.70833333333333,43.5
2016-02-23,44.59583333333333,38.2875,384.125,72.09583333333333,19.108333333333334,21.625,,,,92.75,65.625
2016-02-24,27.183333333333334,22.78333333333333,252.33333333333334,59.9375,14.970833333333333,24.291666666666668,,,,93.70833333333333,65.70833333333333
2016-02-25,21.283333333333335,16.229166666666668,265.2083333333333,34.112500000000004,6.004166666666666,32.416666666666664,,,,63.041666666666664,37.041666666666664
2016-02-26,58.69583333333333,51.27916666666667,435.875,63.35,15.049999999999999,11.208333333333334,,,,92.25,59.333333333333336
2016-02-27,50.27916666666667,44.69583333333333,389.1666666666667,62.270833333333336,12.070833333333333,19.5,,,,145.70833333333334,83.70833333333333
2016-02-28,38.737500000000004,33.800000000000004,314.6666666666667,35.608333333333334,7.791666666666667,37.041666666666664,,,,97.79166666666667,67.5
2016-02-29,77.25833333333334,62.025,440.7083333333333,81.19166666666666,20.041666666666668,13.375,,,,123.04166666666667,76.29166666666667
2016-03-01,74.47916666666667,62.416666666666664,466.625,87.42916666666667,25.34583333333333,16.125,,,,153.66666666666666,90.04166666666667
2016-03-02,79.0,61.62083333333334,428.1666666666667,63.40416666666667,11.366666666666667,30.458333333333332,,,,154.95833333333334,91.95833333333333
2016-03-03,37.829166666666666,33.208333333333336,315.1666666666667,55.574999999999996,12.4625,29.25,,,,129.5,78.54166666666667
2016-03-04,19.7125,16.083333333333332,222.5,40.94583333333333,8.5375,38.166666666666664,,,,80.04166666666667,56.0
2016-03-05,26.191666666666666,21.175,297.0833333333333,52.5625,12.816666666666668,28.75,,,,56.958333333333336,30.583333333333332
2016-03-06,30.641666666666666,25.495833333333334,280.2083333333333,60.724999999999994,13.220833333333333,26.583333333333332,,,,79.29166666666667,59.541666666666664
2016-03-07,45.55833333333334,37.65833333333334,408.9166666666667,73.14166666666667,17.6125,19.666666666666668,,,,83.91666666666667,61.25
2016-03-08,63.11666666666667,54.40416666666667,502.625,76.57916666666667,14.6,29.0,,,,134.54166666666666,79.41666666666667
2016-03-09,48.1875,40.4,363.5416666666667,49.4,7.6625000000000005,37.25,,,,132.875,79.0
2016-03-10,29.516666666666666,24.491666666666664,286.0416666666667,48.199999999999996,10.004166666666666,51.166666666666664,,,,92.20833333333333,65.33333333333333
2016-03-11,22.304166666666664,17.3,250.83333333333334,50.449999999999996,9.174999999999999,35.0,,,,63.0,38.166666666666664
2016-03-12,49.85,40.1875,369.9166666666667,38.170833333333334,9.4,54.0,,,,95.75,62.875
2016-03-13,24.75,21.7625,245.91666666666666,20.150000000000002,8.191666666666666,64.375,,,,84.79166666666667,58.125
2016-03-14,16.570833333333333,11.525,235.375,28.004166666666666,5.0375000000000005,55.5,,,,60.708333333333336,34.583333333333336
2016-03-15,16.683333333333334,12.383333333333333,258.8333333333333,29.379166666666666,5.533333333333334,50.083333333333336,,,,50.083333333333336,24.541666666666668
2016-03-16,14.708333333333334,11.141666666666666,243.0,37.65,6.608333333333333,44.708333333333336,,,,49.125,24.625
2016-03-17,19.333333333333332,16.058333333333334,285.5416666666667,59.15833333333333,12.070833333333333,28.041666666666668,,,,48.333333333333336,29.541666666666668
2016-03-18,30.8625,25.554166666666664,329.2083333333333,50.362500000000004,11.404166666666667,29.083333333333332,,,,75.08333333333333,54.416666666666664
2016-03-19,32.387499999999996,27.212500000000002,303.5,38.416666666666664,8.875,34.833333333333336,,,,74.54166666666667,53.041666666666664
2016-03-20,25.495833333333334,20.954166666666666,286.875,53.53333333333333,10.904166666666667,29.666666666666668,,,,74.83333333333333,52.875
2016-03-21,34.5625,28.995833333333334,282.9166666666667,51.84166666666667,11.9375,37.0,,,,77.95833333333333,56.291666666666664
2016-03-22,38.67916666666667,29.0125,254.33333333333334,53.1625,9.791666666666666,29.083333333333332,,,,91.20833333333333,65.125
2016-03-23,52.175000000000004,38.387499999999996,324.4583333333333,47.729166666666664,9.479166666666666,40.458333333333336,,,,89.66666666666667,64.45833333333333
2016-03-24,43.3375,26.71666666666667,207.95833333333334,28.925,5.7625,40.25,,,,103.33333333333333,69.29166666666667
2016-03-25,13.029166666666667,10.549999999999999,272.25,28.170833333333334,5.591666666666666,44.625,,,,60.958333333333336,37.208333333333336
2016-03-26,13.329166666666666,10.958333333333334,234.5,33.4125,4.804166666666666,47.625,,,,40.333333333333336,23.125
2016-03-27,15.666666666666666,13.708333333333334,237.20833333333334,40.425000000000004,5.541666666666667,44.416666666666664,,,,54.125,28.375
2016-03-28,25.229166666666668,21.849999999999998,303.125,63.324999999999996,9.1625,25.708333333333332,,,,56.75,33.541666666666664
2016-03-29,26.974999999999998,24.5,277.9583333333333,55.699999999999996,10.645833333333334,38.416666666666664,,,,76.91666666666667,57.708333333333336
2016-03-30,41.108333333333334,34.30833333333333,318.2083333333333,82.27499999999999,12.979166666666666,24.791666666666668,,,,82.41666666666667,61.5
2016-03-31,53.6,46.958333333333336,336.7916666666667,76.66666666666667,12.799999999999999,23.5,,,,116.375,73.58333333333333
2016-04-01,40.4,33.574999999999996,269.6666666666667,43.862500000000004,8.6,36.583333333333336,,,,116.70833333333333,73.75
2016-04-02,28.570833333333336,21.479166666666668,227.66666666666666,29.383333333333336,6.6375,46.333333333333336,,,,83.83333333333333,61.416666666666664
2016-04-03,12.633333333333333,10.004166666666666,216.125,46.50416666666666,4.708333333333333,36.208333333333336,,,,54.625,31.208333333333332
2016-04-04,17.629166666666666,14.395833333333334,278.8333333333333,73.44583333333334,7.883333333333333,24.291666666666668,,,,47.75,33.458333333333336
2016-04-05,31.400000000000002,25.770833333333332,353.2083333333333,94.16666666666667,11.025,21.166666666666668,,,,68.25,50.166666666666664
2016-04-06,58.00416666666666,45.375,404.7083333333333,113.80833333333334,16.283333333333335,16.958333333333332,,,,95.20833333333333,66.33333333333333
2016-04-07,76.8,66.21666666666667,463.2916666666667,96.87916666666666,15.424999999999999,10.583333333333334,,,,146.20833333333334,85.75
2016-04-08,74.32083333333334,61.37083333333334,428.375,88.62916666666666,14.204166666666666,19.5,,,,153.79166666666666,90.16666666666667
2016-04-09,128.0875,82.9875,374.9583333333333,67.31666666666666,7.425,33.666666666666664,,,,160.08333333333334,99.75
2016-04-10,53.29583333333333,35.454166666666666,216.41666666666666,38.52916666666667,6.079166666666667,36.833333333333336,,,,144.95833333333334,88.29166666666667
2016-04-11,40.354166666666664,30.641666666666666,262.875,58.2125,9.012500000000001,22.416666666666668,,,,88.33333333333333,64.04166666666667
2016-04-12,61.05833333333334,49.85,428.0833333333333,74.89583333333333,10.595833333333333,14.291666666666666,,,,113.25,72.54166666666667
2016-04-13,59.0625,49.175000000000004,433.375,74.58749999999999,9.516666666666667,21.916666666666668,,,,144.0,82.58333333333333
2016-04-14,44.60833333333333,35.11666666666667,240.04166666666666,59.583333333333336,8.487499999999999,32.875,,,,106.04166666666667,70.375
2016-04-15,59.68333333333334,45.291666666666664,295.0416666666667,68.6875,11.4,24.458333333333332,,,,113.75,72.79166666666667
2016-04-16,53.90833333333333,46.70416666666667,401.0416666666667,76.19583333333334,10.816666666666668,27.541666666666668,,,,129.29166666666666,77.75
2016-04-17,45.18333333333334,36.84583333333333,281.625,78.65416666666667,11.716666666666667,22.291666666666668,,,,113.875,72.79166666666667
2016-04-18,53.574999999999996,41.5625,295.125,85.46249999999999,13.158333333333333,19.791666666666668,,,,104.5,69.83333333333333
2016-04-19,64.40416666666667,50.854166666666664,346.5416666666667,70.02083333333333,8.491666666666667,22.583333333333332,,,,126.79166666666667,76.91666666666667
2016-04-20,35.68333333333333,27.766666666666666,223.70833333333334,27.925,4.5,50.875,,,,123.58333333333333,75.91666666666667
2016-04-21,15.325000000000001,12.079166666666666,206.29166666666666,51.5625,7.758333333333333,36.0,,,,57.875,34.875
2016-04-22,34.62916666666667,28.604166666666668,291.25,75.2625,11.475,23.666666666666668,,,,63.583333333333336,40.458333333333336
2016-04-23,51.9,45.44583333333333,333.9583333333333,67.0,11.666666666666666,29.083333333333332,,,,111.125,71.875
2016-04-24,37.61666666666667,29.366666666666664,239.5,35.387499999999996,6.7124999999999995,43.958333333333336,,,,113.58333333333333,72.70833333333333
2016-04-25,18.554166666666667,13.929166666666667,194.20833333333334,35.90833333333333,6.229166666666667,44.375,,,,59.666666666666664,34.333333333333336
2016-04-26,16.145833333333332,12.608333333333334,212.33333333333334,36.17916666666667,5.258333333333334,33.416666666666664,,,,55.25,29.375
2016-04-27,22.599999999999998,20.945833333333333,301.125,52.0375,10.170833333333333,29.916666666666668,,,,57.458333333333336,31.291666666666668
2016-04-28,44.025,37.858333333333334,353.4166666666667,67.675,7.5375000000000005,23.333333333333332,,,,90.66666666666667,63.666666666666664
2016-04-29,38.050000000000004,31.933333333333334,335.4583333333333,42.916666666666664,7.066666666666666,38.25,,,,100.79166666666667,68.54166666666667
2016-04-30,18.566666666666666,15.470833333333333,212.45833333333334,26.204166666666666,4.479166666666667,54.416666666666664,,,,72.58333333333333,48.625
2016-05-01,14.795833333333333,12.3125,186.16666666666666,28.974999999999998,4.616666666666666,55.791666666666664,,,,53.416666666666664,27.25
2016-05-02,26.1125,22.675,241.5,42.73333333333333,5.004166666666666,36.0,,,,59.041666666666664,33.0
2016-05-03,33.86666666666667,27.254166666666666,247.54166666666666,40.949999999999996,5.345833333333334,44.541666666666664,,,,81.25,60.5
2016-05-04,17.579166666666666,13.816666666666668,221.04166666666666,35.34166666666667,5.5625,50.041666666666664,,,,66.0,41.875
2016-05-05,22.9375,20.266666666666666,284.1666666666667,37.012499999999996,5.9750000000000005,53.083333333333336,,,,61.208333333333336,34.5
2016-05-06,21.90416666666667,17.404166666666665,267.625,53.824999999999996,5.2250000000000005,29.291666666666668,,,,64.83333333333333,37.958333333333336
2016-05-07,37.63333333333333,31.520833333333332,328.75,61.208333333333336,6.670833333333333,31.333333333333332,,,,78.25,53.958333333333336
2016-05-08,33.46666666666667,28.8625,302.5416666666667,38.262499999999996,4.708333333333333,45.875,,,,86.83333333333333,63.416666666666664
2016-05-09,22.099999999999998,18.683333333333334,244.58333333333334,32.34166666666667,4.4625,54.541666666666664,,,,76.375,52.791666666666664
2016-05-10,22.141666666666666,18.099999999999998,232.33333333333334,51.8375,5.583333333333333,27.875,,,,63.0,36.125
2016-05-11,38.729166666666664,32.24166666666667,330.1666666666667,75.2,9.529166666666667,18.833333333333332,,,,72.41666666666667,48.041666666666664
2016-05-12,53.65416666666667,42.420833333333334,314.4166666666667,54.975,7.575,24.291666666666668,,,,106.79166666666667,70.625
2016-05-13,101.69166666666666,60.61666666666667,211.16666666666666,37.825,6.316666666666666,36.666666666666664,,,,141.04166666666666,83.45833333333333
2016-05-14,52.76666666666667,25.337500000000002,195.125,28.34166666666667,5.479166666666667,50.583333333333336,,,,120.04166666666667,75.5
2016-05-15,53.88333333333333,33.00833333333333,185.41666666666666,37.675000000000004,5.204166666666667,40.875,,,,86.79166666666667,63.541666666666664
2016-05-16,32.24583333333333,21.741666666666664,211.08333333333334,31.950000000000003,5.783333333333334,44.208333333333336,,,,76.125,51.625
2016-05-17,20.604166666666668,17.1,219.625,30.90833333333333,5.104166666666667,47.583333333333336,,,,71.91666666666667,49.5
2016-05-18,16.462500000000002,14.483333333333334,207.70833333333334,48.2125,6.229166666666667,43.333333333333336,,,,53.875,28.75
2016-05-19,29.558333333333334,23.395833333333332,249.95833333333334,57.145833333333336,7.845833333333334,41.708333333333336,,,,65.75,40.875
2016-05-20,40.05416666666667,34.40416666666667,275.0,50.854166666666664,6.325,33.375,,,,88.79166666666667,63.833333333333336
2016-05-21,23.879166666666666,19.745833333333334,230.66666666666666,26.724999999999998,4.670833333333333,49.125,,,,80.625,58.125
2016-05-22,16.408333333333335,12.733333333333334,178.54166666666666,38.362500000000004,4.858333333333333,59.5,,,,58.291666666666664,32.958333333333336
2016-05-23,33.012499999999996,24.349999999999998,261.5416666666667,58.012499999999996,6.520833333333333,41.041666666666664,,,,60.125,36.416666666666664
2016-05-24,29.77916666666667,24.745833333333334,224.16666666666666,38.233333333333334,6.308333333333334,57.958333333333336,,,,81.5,61.375
2016-05-25,25.083333333333332,17.379166666666666,193.20833333333334,30.366666666666664,6.0874999999999995,52.083333333333336,,,,68.66666666666667,44.375
2016-05-26,19.158333333333335,16.029166666666665,231.20833333333334,38.05833333333333,5.7375,41.666666666666664,,,,56.458333333333336,30.125
2016-05-27,17.654166666666665,13.883333333333333,204.58333333333334,38.32083333333333,5.55,47.75,,,,60.208333333333336,33.625
2016-05-28,24.275000000000002,19.466666666666665,241.625,54.416666666666664,5.133333333333334,26.333333333333332,,,,55.0,30.916666666666668
2016-05-29,25.708333333333332,22.320833333333336,220.5,54.3125,8.358333333333333,38.166666666666664,,,,71.70833333333333,48.875
2016-05-30,37.19166666666667,27.59166666666667,228.70833333333334,62.88333333333333,8.845833333333333,39.833333333333336,,,,74.66666666666667,53.5
2016-05-31,57.25416666666666,36.7875,244.0,58.64166666666667,10.529166666666667,34.291666666666664,,,,90.45833333333333,64.83333333333333
2016-06-01,66.30416666666666,47.9125,356.3333333333333,66.26666666666667,10.233333333333333,26.291666666666668,,,,122.79166666666667,75.70833333333333
2016-06-02,58.208333333333336,44.57083333333333,256.3333333333333,52.98333333333333,7.079166666666667,41.125,,,,126.66666666666667,76.83333333333333
2016-06-03,45.07916666666666,34.28333333333333,266.625,57.65833333333333,6.866666666666667,24.291666666666668,,,,115.0,73.125
2016-06-04,39.987500000000004,33.12083333333333,269.1666666666667,41.05833333333333,6.904166666666666,33.0,,,,95.625,66.625
2016-06-05,22.974999999999998,18.395833333333332,243.54166666666666,50.97083333333333,5.2375,27.541666666666668,,,,77.33333333333333,53.291666666666664
2016-06-06,33.71666666666667,25.766666666666666,285.625,43.800000000000004,5.979166666666667,31.583333333333332,,,,67.83333333333333,43.25
2016-06-07,19.058333333333334,14.316666666666668,212.875,25.775000000000002,5.041666666666667,54.541666666666664,,,,74.625,52.541666666666664
2016-06-08,11.691666666666668,7.3,179.41666666666666,27.59583333333333,4.895833333333333,48.125,,,,36.583333333333336,22.166666666666668
2016-06-09,12.775,9.279166666666667,195.25,30.916666666666668,7.079166666666667,42.208333333333336,,,,35.916666666666664,21.541666666666668
2016-06-10,15.829166666666667,11.395833333333334,202.25,41.0875,7.041666666666667,40.708333333333336,,,,41.0,22.041666666666668
2016-06-11,26.400000000000002,19.125,243.375,54.362500000000004,9.65,39.208333333333336,,,,55.458333333333336,31.541666666666668
2016-06-12,33.94166666666667,25.65833333333333,229.83333333333334,60.97083333333333,10.0625,39.666666666666664,,,,73.45833333333333,52.416666666666664
2016-06-13,29.5,23.15833333333333,199.16666666666666,38.112500000000004,7.8,44.333333333333336,,,,75.29166666666667,54.916666666666664
2016-06-14,31.84166666666667,22.058333333333334,165.70833333333334,36.329166666666666,7.779166666666666,42.166666666666664,,,,71.58333333333333,48.666666666666664
2016-06-15,26.724999999999998,20.066666666666666,180.33333333333334,43.99583333333334,6.908333333333334,48.291666666666664,,,,70.66666666666667,46.875
2016-06-16,34.05833333333333,25.441666666666666,255.33333333333334,63.520833333333336,9.533333333333333,30.291666666666668,,,,70.33333333333333,45.958333333333336
2016-06-17,42.637499999999996,34.22083333333333,266.0416666666667,66.46666666666667,9.1,30.75,,,,94.29166666666667,66.125
2016-06-18,25.979166666666668,20.658333333333335,222.45833333333334,45.824999999999996,7.054166666666667,36.791666666666664,,,,82.45833333333333,59.625
2016-06-19,25.162499999999998,20.033333333333335,205.29166666666666,29.59166666666667,6.5249999999999995,35.958333333333336,,,,64.875,38.083333333333336
2016-06-20,35.983333333333334,25.6125,208.83333333333334,31.441666666666666,7.258333333333333,38.208333333333336,,,,73.04166666666667,50.958333333333336
2016-06-21,40.975,27.833333333333332,195.41666666666666,30.191666666666666,6.254166666666666,48.5,,,,81.125,61.208333333333336
2016-06-22,38.166666666666664,27.879166666666666,194.20833333333334,28.054166666666664,5.6375,48.041666666666664,,,,84.04166666666667,62.333333333333336
2016-06-23,41.737500000000004,28.425,196.54166666666666,26.69583333333333,5.8625,48.75,,,,86.125,63.166666666666664
2016-06-24,32.454166666666666,21.766666666666666,189.625,20.241666666666667,5.545833333333333,54.708333333333336,,,,77.625,56.75
2016-06-25,25.045833333333334,17.383333333333333,169.5,19.504166666666666,5.870833333333334,57.083333333333336,,,,67.75,42.083333333333336
2016-06-26,32.6875,21.091666666666665,178.25,29.162499999999998,6.104166666666667,48.75,,,,61.041666666666664,34.458333333333336
2016-06-27,33.475,21.541666666666668,223.0,46.5,8.266666666666667,34.208333333333336,,,,69.95833333333333,45.666666666666664
2016-06-28,41.579166666666666,28.920833333333334,247.66666666666666,41.28333333333333,6.679166666666667,34.916666666666664,,,,82.54166666666667,60.041666666666664
2016-06-29,20.629166666666666,17.383333333333333,223.58333333333334,41.137499999999996,7.6000000000000005,35.5,,,,72.08333333333333,47.75
2016-06-30,17.587500000000002,14.458333333333334,188.125,46.416666666666664,7.066666666666666,27.75,,,,54.208333333333336,27.875
2016-07-01,39.016666666666666,33.59583333333333,283.375,42.895833333333336,7.5874999999999995,35.791666666666664,,,,84.08333333333333,57.5
2016-07-02,22.079166666666666,18.095833333333335,201.0,25.245833333333334,6.204166666666667,51.625,,,,75.20833333333333,50.458333333333336
2016-07-03,13.945833333333333,11.354166666666666,179.66666666666666,19.599999999999998,6.008333333333333,54.875,,,,56.625,30.75
2016-07-04,21.820833333333336,16.9875,175.04166666666666,18.675,6.466666666666666,51.5,,,,51.916666666666664,26.625
2016-07-05,13.329166666666666,9.549999999999999,157.875,17.658333333333335,5.745833333333334,61.125,,,,53.083333333333336,30.833333333333332
2016-07-06,14.795833333333334,9.4125,150.91666666666666,18.545833333333334,5.908333333333334,62.083333333333336,,,,37.708333333333336,24.958333333333332
2016-07-07,14.854166666666666,10.758333333333333,158.41666666666666,16.962500000000002,6.120833333333334,61.583333333333336,,,,42.541666666666664,24.916666666666668
2016-07-08,14.058333333333335,8.991666666666667,151.79166666666666,21.45,6.279166666666666,53.333333333333336,,,,41.875,22.791666666666668
2016-07-09,13.233333333333334,8.016666666666667,147.58333333333334,28.96666666666667,5.191666666666666,45.583333333333336,,,,35.041666666666664,22.5
2016-07-10,23.275000000000002,17.9875,211.20833333333334,28.40416666666667,7.466666666666666,45.708333333333336,,,,50.416666666666664,27.458333333333332
2016-07-11,15.0,10.674999999999999,169.58333333333334,24.520833333333332,7.483333333333333,52.75,,,,54.083333333333336,29.833333333333332
2016-07-12,14.445833333333333,9.741666666666667,160.16666666666666,25.3125,5.866666666666667,51.333333333333336,,,,40.708333333333336,21.958333333333332
2016-07-13,24.016666666666666,13.2125,163.08333333333334,32.65833333333333,7.220833333333334,44.291666666666664,,,,46.333333333333336,23.458333333333332
2016-07-14,29.770833333333332,20.320833333333333,206.75,38.324999999999996,8.904166666666667,42.25,,,,59.625,33.041666666666664
2016-07-15,20.7625,15.816666666666668,185.29166666666666,26.066666666666666,8.7875,50.666666666666664,,,,65.20833333333333,38.666666666666664
2016-07-16,21.616666666666664,17.974999999999998,189.16666666666666,23.900000000000002,7.3875,50.208333333333336,,,,57.75,31.25
2016-07-17,24.145833333333332,18.695833333333333,188.95833333333334,30.745833333333334,8.620833333333334,38.083333333333336,,,,64.375,37.541666666666664
2016-07-18,18.745833333333334,14.079166666666666,182.75,32.362500000000004,7.183333333333334,39.583333333333336,,,,59.875,33.333333333333336
2016-07-19,15.666666666666666,10.658333333333333,163.91666666666666,29.358333333333334,7.504166666666666,37.333333333333336,,,,52.708333333333336,26.625
2016-07-20,15.429166666666667,9.1,161.08333333333334,28.483333333333334,7.2375,40.541666666666664,,,,37.625,20.208333333333332
2016-07-21,13.008333333333333,9.283333333333333,163.20833333333334,38.34166666666667,7.1375,42.583333333333336,,,,38.0,22.416666666666668
2016-07-22,17.7375,13.545833333333334,190.875,48.604166666666664,8.775,41.375,,,,45.791666666666664,26.833333333333332
2016-07-23,19.158333333333335,15.2125,202.95833333333334,38.041666666666664,6.333333333333333,51.5,,,,56.083333333333336,30.166666666666668
2016-07-24,16.858333333333334,13.679166666666667,172.5,28.495833333333334,7.591666666666666,52.0,,,,54.583333333333336,29.0
2016-07-25,15.908333333333333,11.679166666666667,192.0,23.433333333333334,6.395833333333333,58.25,,,,51.958333333333336,27.166666666666668
2016-07-26,15.512500000000001,11.008333333333333,187.66666666666666,24.508333333333336,6.641666666666667,59.5,,,,46.458333333333336,25.0
2016-07-27,17.791666666666668,12.195833333333333,194.58333333333334,24.729166666666668,6.541666666666667,63.166666666666664,,,,46.375,26.291666666666668
2016-07-28,24.745833333333334,18.125,301.5833333333333,25.03333333333333,5.175,66.41666666666667,,,,57.291666666666664,31.291666666666668
2016-07-29,22.791666666666668,18.716666666666665,331.4166666666667,30.820833333333336,6.3999999999999995,58.208333333333336,,,,62.708333333333336,35.875
2016-07-30,21.441666666666666,19.75,323.25,30.90416666666667,6.458333333333333,62.833333333333336,,,,65.79166666666667,38.833333333333336
2016-07-31,23.979166666666668,22.6875,309.375,28.116666666666664,6.229166666666667,61.083333333333336,,,,69.83333333333333,45.25
2016-08-01,24.770833333333332,18.370833333333334,272.5,31.925,6.558333333333334,57.708333333333336,,,,69.5,44.791666666666664
2016-08-02,35.487500000000004,23.441666666666666,271.9166666666667,36.887499999999996,8.0375,47.833333333333336,,,,69.20833333333333,45.208333333333336
2016-08-03,29.379166666666666,22.204166666666666,217.45833333333334,27.8,7.316666666666666,66.66666666666667,,,,70.20833333333333,46.125
2016-08-04,24.2625,17.691666666666666,200.95833333333334,24.175,6.729166666666667,71.5,,,,68.08333333333333,43.0
2016-08-05,34.829166666666666,27.22083333333333,222.79166666666666,26.116666666666664,5.983333333333333,73.08333333333333,,,,71.16666666666667,47.541666666666664
2016-08-06,29.40416666666667,22.129166666666666,234.125,28.875,7.641666666666667,58.125,,,,79.25,58.916666666666664
2016-08-07,35.324999999999996,25.962500000000002,231.125,26.758333333333336,7.9624999999999995,50.666666666666664,,,,72.45833333333333,50.041666666666664
2016-08-08,40.00416666666667,22.379166666666666,200.04166666666666,21.5625,6.683333333333334,58.916666666666664,,,,80.54166666666667,60.375
2016-08-09,37.395833333333336,23.837500000000002,183.875,22.629166666666666,5.95,63.75,,,,69.66666666666667,45.25
2016-08-10,33.55833333333333,21.587500000000002,184.45833333333334,31.604166666666668,5.966666666666666,50.5,,,,74.29166666666667,53.708333333333336
2016-08-11,36.775,27.95,216.16666666666666,30.3875,4.329166666666667,45.0,,,,76.04166666666667,55.125
2016-08-12,21.666666666666668,15.0375,174.91666666666666,21.895833333333332,3.875,43.875,,,,73.58333333333333,50.375
2016-08-13,14.979166666666666,7.6000000000000005,146.33333333333334,16.962500000000002,3.725,59.166666666666664,,,,42.208333333333336,25.416666666666668
2016-08-14,10.729166666666666,6.395833333333333,161.45833333333334,26.266666666666666,3.3083333333333336,50.083333333333336,,,,30.083333333333332,21.375
2016-08-15,12.729166666666666,7.720833333333334,173.25,28.400000000000002,4.258333333333334,48.625,,,,28.666666666666668,20.083333333333332
2016-08-16,16.108333333333334,11.008333333333333,166.75,34.375,4.0874999999999995,45.958333333333336,,,,37.625,22.333333333333332
2016-08-17,19.858333333333334,14.5375,192.33333333333334,38.4625,4.091666666666667,42.541666666666664,,,,52.291666666666664,26.625
2016-08-18,18.650000000000002,13.9125,196.58333333333334,29.53333333333333,4.166666666666667,50.5,,,,55.125,28.875
2016-08-19,19.604166666666668,14.0875,176.625,24.445833333333336,3.954166666666666,47.291666666666664,,,,53.125,27.0
2016-08-20,18.695833333333333,13.008333333333333,183.70833333333334,24.929166666666664,3.8708333333333336,51.208333333333336,,,,55.458333333333336,29.25
2016-08-21,29.320833333333336,19.741666666666667,213.58333333333334,37.15833333333333,4.166666666666667,49.416666666666664,,,,55.25,29.166666666666668
2016-08-22,47.645833333333336,34.15416666666667,262.8333333333333,38.59166666666667,5.091666666666667,47.208333333333336,,,,84.5,59.541666666666664
2016-08-23,37.762499999999996,28.366666666666664,206.45833333333334,39.86666666666667,4.058333333333334,40.875,,,,89.54166666666667,64.33333333333333
2016-08-24,25.84583333333333,19.104166666666668,197.95833333333334,26.620833333333334,4.154166666666667,44.291666666666664,,,,77.5,55.75
2016-08-25,20.070833333333333,13.858333333333334,192.25,25.616666666666664,3.6333333333333333,49.208333333333336,,,,60.375,33.75
2016-08-26,15.612499999999999,9.3125,191.83333333333334,29.145833333333332,3.85,50.916666666666664,,,,43.875,24.333333333333332
2016-08-27,22.104166666666668,15.887500000000001,194.5,34.19583333333333,4.345833333333333,47.291666666666664,,,,48.666666666666664,26.125
2016-08-28,24.895833333333332,20.287499999999998,206.5,40.729166666666664,3.8874999999999997,39.625,,,,62.208333333333336,35.5
2016-08-29,32.19166666666667,25.833333333333332,244.66666666666666,45.94166666666666,4.2250000000000005,36.083333333333336,,,,75.58333333333333,55.125
2016-08-30,23.662499999999998,19.041666666666668,233.75,49.84166666666667,4.954166666666667,35.291666666666664,,,,73.75,52.208333333333336
2016-08-31,29.15416666666667,22.0125,218.16666666666666,33.0375,5.916666666666667,46.5,,,,69.91666666666667,45.666666666666664
2016-09-01,13.316666666666668,7.766666666666667,176.75,27.383333333333336,4.6375,46.5,,,,50.666666666666664,28.625
2016-09-02,13.354166666666666,8.450000000000001,179.75,26.8625,3.3666666666666667,50.666666666666664,,,,34.0,20.916666666666668
2016-09-03,14.320833333333333,9.733333333333333,178.5,30.166666666666668,3.3125,54.083333333333336,,,,36.166666666666664,23.333333333333332
2016-09-04,17.908333333333335,12.308333333333332,193.79166666666666,36.77916666666667,4.4375,47.083333333333336,,,,45.416666666666664,23.541666666666668
2016-09-05,26.420833333333334,19.25,227.41666666666666,54.7875,5.191666666666666,37.125,,,,56.5,30.791666666666668
2016-09-06,42.88333333333333,31.200000000000003,270.2916666666667,31.241666666666664,5.420833333333333,51.333333333333336,,,,82.29166666666667,57.625
2016-09-07,21.866666666666664,14.275,175.5,28.05,5.420833333333333,64.83333333333333,,,,71.875,47.166666666666664
2016-09-08,27.329166666666666,15.191666666666668,190.25,31.962500000000002,4.908333333333333,55.875,,,,53.041666666666664,27.458333333333332
2016-09-09,28.516666666666666,18.195833333333333,205.125,24.579166666666666,4.308333333333334,65.5,,,,62.916666666666664,36.166666666666664
2016-09-10,18.545833333333334,12.066666666666668,184.08333333333334,19.720833333333335,4.1375,65.25,,,,54.583333333333336,30.125
2016-09-11,23.05,12.395833333333334,184.75,16.916666666666668,3.25,68.54166666666667,,,,51.75,27.75
2016-09-12,20.975,10.629166666666666,176.45833333333334,16.954166666666666,3.975,66.79166666666667,,,,45.833333333333336,26.708333333333332
2016-09-13,18.716666666666665,11.5625,186.25,33.65416666666667,4.729166666666667,44.958333333333336,,,,45.0,23.75
2016-09-14,28.070833333333336,22.483333333333334,277.2916666666667,43.64166666666667,4.795833333333333,40.083333333333336,,,,59.5,34.166666666666664
2016-09-15,26.833333333333332,20.604166666666668,261.7083333333333,36.824999999999996,4.3374999999999995,38.791666666666664,,,,72.08333333333333,49.541666666666664
2016-09-16,17.0125,11.458333333333334,216.0,50.75,5.770833333333333,31.458333333333332,,,,58.75,33.75
2016-09-17,26.070833333333336,20.466666666666665,227.0,65.06666666666666,5.966666666666666,38.541666666666664,,,,57.541666666666664,36.375
2016-09-18,38.545833333333334,31.379166666666666,268.25,63.87083333333334,5.945833333333333,28.416666666666668,,,,77.875,56.916666666666664
2016-09-19,50.625,31.916666666666668,222.16666666666666,31.1875,5.929166666666667,39.791666666666664,,,,94.41666666666667,66.41666666666667
2016-09-20,20.770833333333332,14.041666666666666,169.08333333333334,27.849999999999998,4.716666666666667,28.708333333333332,,,,76.08333333333333,51.791666666666664
2016-09-21,12.758333333333333,9.554166666666667,178.58333333333334,37.92916666666667,4.354166666666667,22.958333333333332,,,,42.458333333333336,21.541666666666668
2016-09-22,15.329166666666666,12.245833333333332,206.16666666666666,36.583333333333336,3.7541666666666664,29.916666666666668,,,,45.916666666666664,23.083333333333332
2016-09-23,12.095833333333333,10.375,196.79166666666666,37.03333333333333,5.408333333333334,26.041666666666668,,,,46.125,23.0
2016-09-24,16.666666666666668,13.5875,200.83333333333334,37.583333333333336,5.945833333333333,35.583333333333336,,,,51.083333333333336,26.208333333333332
2016-09-25,13.945833333333333,11.154166666666667,194.0,31.625,5.3374999999999995,41.708333333333336,,,,49.791666666666664,24.25
2016-09-26,9.85,8.35,192.45833333333334,35.8125,5.695833333333333,36.25,,,,38.25,20.708333333333332
2016-09-27,10.775,9.066666666666666,195.5,33.516666666666666,5.2749999999999995,34.416666666666664,,,,37.625,20.708333333333332
2016-09-28,19.087500000000002,14.508333333333333,211.83333333333334,39.13333333333333,5.891666666666667,30.083333333333332,,,,47.625,24.666666666666668
2016-09-29,38.362500000000004,32.44166666666667,328.875,63.112500000000004,6.8999999999999995,30.333333333333332,,,,66.0,41.833333333333336
2016-09-30,59.4125,50.09583333333333,404.0833333333333,61.62916666666666,6.2875000000000005,46.375,,,,132.5,78.75
2016-10-01,30.40833333333333,25.462500000000002,242.95833333333334,40.920833333333334,4.7,37.416666666666664,,,,100.75,68.25
2016-10-02,29.22083333333333,21.395833333333332,254.375,55.97083333333333,5.6625000000000005,27.875,,,,73.625,52.375
2016-10-03,42.56666666666667,31.554166666666664,331.125,50.291666666666664,7.504166666666666,26.5,,,,77.70833333333333,53.708333333333336
2016-10-04,24.53333333333333,20.462500000000002,234.625,41.7375,4.345833333333333,39.208333333333336,,,,81.75,57.083333333333336
2016-10-05,15.520833333333334,13.045833333333334,227.33333333333334,33.395833333333336,4.454166666666667,37.208333333333336,,,,59.833333333333336,33.5
2016-10-06,15.370833333333332,11.975,225.75,48.666666666666664,4.304166666666666,29.416666666666668,,,,51.041666666666664,26.541666666666668
2016-10-07,43.833333333333336,37.4,339.1666666666667,46.5375,6.95,34.25,,,,70.95833333333333,47.833333333333336
2016-10-08,25.320833333333336,20.820833333333333,208.58333333333334,27.224999999999998,4.616666666666666,40.916666666666664,,,,99.20833333333333,67.45833333333333
2016-10-09,13.995833333333332,9.9,219.70833333333334,31.633333333333336,4.254166666666666,36.333333333333336,,,,49.583333333333336,26.083333333333332
2016-10-10,18.849999999999998,13.820833333333333,220.29166666666666,43.69583333333333,5.079166666666667,38.625,,,,49.0,25.125
2016-10-11,43.74166666666667,35.24583333333333,324.1666666666667,51.362500000000004,8.791666666666666,26.708333333333332,,,,72.04166666666667,48.083333333333336
2016-10-12,50.550000000000004,35.09166666666667,197.5,34.708333333333336,6.054166666666667,37.416666666666664,,,,108.70833333333333,71.16666666666667
2016-10-13,25.570833333333336,21.495833333333334,317.1666666666667,43.262499999999996,6.308333333333334,24.875,,,,74.5,49.083333333333336
2016-10-14,19.304166666666667,15.604166666666666,276.0,32.145833333333336,5.25,29.0,,,,75.16666666666667,54.75
2016-10-15,11.174999999999999,8.7875,190.375,32.84166666666667,4.420833333333333,32.0,,,,40.333333333333336,20.875
2016-10-16,14.708333333333334,12.479166666666666,204.70833333333334,24.633333333333336,3.716666666666667,39.166666666666664,,,,46.166666666666664,22.583333333333332
2016-10-17,13.070833333333333,7.216666666666666,175.625,24.066666666666666,3.1750000000000003,42.25,,,,39.208333333333336,20.25
2016-10-18,11.658333333333333,6.045833333333333,172.625,35.204166666666666,4.216666666666667,29.833333333333332,,,,27.208333333333332,18.833333333333332
2016-10-19,17.795833333333334,12.483333333333334,232.54166666666666,49.4,6.2625,23.791666666666668,,,,35.208333333333336,24.333333333333332
2016-10-20,28.5625,24.037499999999998,311.9166666666667,35.57083333333333,6.833333333333333,35.666666666666664,,,,71.04166666666667,49.541666666666664
2016-10-21,16.395833333333332,11.987499999999999,212.04166666666666,45.74583333333334,4.195833333333334,27.583333333333332,,,,54.583333333333336,31.583333333333332
2016-10-22,48.199999999999996,39.59583333333333,328.625,46.92083333333333,6.179166666666667,28.916666666666668,,,,74.125,48.083333333333336
2016-10-23,35.15416666666667,28.537499999999998,286.7083333333333,30.670833333333334,3.6875,36.541666666666664,,,,110.375,71.54166666666667
2016-10-24,16.170833333333334,12.754166666666668,187.33333333333334,23.704166666666666,4.416666666666667,37.041666666666664,,,,64.04166666666667,39.125
2016-10-25,18.829166666666666,13.741666666666667,188.16666666666666,31.754166666666666,4.3999999999999995,30.583333333333332,,,,51.166666666666664,25.125
2016-10-26,16.45416666666667,10.975,206.625,39.57083333333333,4.375,23.875,,,,51.083333333333336,25.375
2016-10-27,15.316666666666668,11.183333333333332,215.16666666666666,24.929166666666664,4.5125,33.375,,,,49.25,23.833333333333332
2016-10-28,10.704166666666666,7.716666666666666,198.75,24.02916666666667,4.3125,36.625,,,,36.041666666666664,18.625
2016-10-29,19.900000000000002,15.295833333333334,234.16666666666666,45.57083333333333,7.308333333333334,21.708333333333332,,,,39.291666666666664,22.958333333333332
2016-10-30,31.191666666666666,25.170833333333334,310.2083333333333,42.854166666666664,9.058333333333334,26.625,,,,73.08333333333333,51.458333333333336
2016-10-31,20.683333333333334,16.408333333333335,270.1666666666667,48.78333333333333,7.679166666666667,27.5,,,,71.0,48.125
2016-11-01,18.9375,15.533333333333333,250.95833333333334,55.07916666666667,8.450000000000001,25.0,,,,56.25,30.916666666666668
2016-11-02,21.59166666666667,16.008333333333333,246.41666666666666,46.87916666666666,11.620833333333332,41.25,,,,58.916666666666664,33.666666666666664
2016-11-03,20.6875,15.166666666666666,211.5,41.69166666666667,6.833333333333333,27.916666666666668,,,,54.416666666666664,29.625
2016-11-04,16.970833333333335,13.191666666666668,239.25,46.67083333333333,5.795833333333333,13.333333333333334,,,,57.666666666666664,31.333333333333332
2016-11-05,43.6875,38.666666666666664,427.7916666666667,56.61666666666667,10.779166666666667,16.708333333333332,,,,70.20833333333333,45.166666666666664
2016-11-06,39.854166666666664,31.6125,271.5833333333333,32.57083333333333,6.829166666666667,45.083333333333336,,,,119.70833333333333,74.79166666666667
2016-11-07,22.375,15.275,165.08333333333334,31.604166666666668,6.075,41.125,,,,62.875,37.166666666666664
2016-11-08,39.94166666666667,21.558333333333334,157.08333333333334,39.28333333333333,6.3,33.541666666666664,,,,62.041666666666664,35.541666666666664
2016-11-09,67.3,39.06666666666667,175.75,30.21666666666667,4.866666666666666,45.583333333333336,,,,90.0,62.666666666666664
2016-11-10,18.404166666666665,12.904166666666667,198.70833333333334,41.641666666666666,6.191666666666666,31.375,,,,80.5,53.291666666666664
2016-11-11,25.679166666666664,18.654166666666665,269.75,53.75833333333333,7.55,19.708333333333332,,,,55.791666666666664,31.458333333333332
2016-11-12,43.87083333333334,31.1875,304.6666666666667,37.891666666666666,8.0,42.875,,,,86.83333333333333,61.375
2016-11-13,12.645833333333334,8.695833333333333,217.375,31.320833333333336,6.616666666666667,35.708333333333336,,,,59.833333333333336,36.208333333333336
2016-11-14,13.145833333333334,10.487499999999999,257.1666666666667,25.52916666666667,6.5375000000000005,35.708333333333336,,,,43.125,20.875
2016-11-15,10.816666666666668,8.1875,198.08333333333334,30.400000000000002,6.370833333333334,34.125,,,,36.666666666666664,19.791666666666668
2016-11-16,14.783333333333333,12.5,233.125,52.68333333333334,7.3125,18.041666666666668,,,,37.625,25.083333333333332
2016-11-17,34.800000000000004,28.666666666666668,317.0,66.56666666666666,9.65,15.875,,,,71.375,48.833333333333336
2016-11-18,35.237500000000004,29.004166666666666,323.1666666666667,57.8125,10.033333333333333,19.5,,,,84.25,62.541666666666664
2016-11-19,36.204166666666666,29.7375,344.6666666666667,47.69583333333333,7.641666666666667,21.291666666666668,,,,87.45833333333333,63.666666666666664
2016-11-20,38.97083333333333,29.675,357.6666666666667,51.12916666666666,6.6125,19.666666666666668,,,,88.54166666666667,64.20833333333333
2016-11-21,33.9625,25.40416666666667,287.5833333333333,39.545833333333334,4.470833333333333,31.791666666666668,,,,85.91666666666667,63.125
2016-11-22,19.520833333333332,15.058333333333332,245.33333333333334,43.37916666666666,5.25,25.583333333333332,,,,63.625,38.875
2016-11-23,22.483333333333334,18.216666666666665,251.75,35.32083333333333,5.7250000000000005,35.916666666666664,,,,60.708333333333336,34.083333333333336
2016-11-24,30.933333333333334,26.183333333333334,263.7916666666667,55.12916666666666,6.620833333333334,17.0,,,,70.91666666666667,48.0
2016-11-25,55.10833333333333,48.199999999999996,357.25,62.791666666666664,9.320833333333333,13.416666666666666,,,,98.04166666666667,67.25
2016-11-26,71.32083333333334,59.425000000000004,462.625,66.99166666666666,11.583333333333334,9.916666666666666,,,,149.41666666666666,86.375
2016-11-27,54.1875,42.479166666666664,298.0416666666667,38.479166666666664,7.5249999999999995,33.583333333333336,,,,142.79166666666666,83.29166666666667
2016-11-28,17.020833333333332,15.333333333333334,221.79166666666666,23.391666666666666,5.054166666666666,36.833333333333336,,,,80.25,52.791666666666664
2016-11-29,8.1875,5.5874999999999995,204.45833333333334,17.404166666666665,3.9875000000000003,43.083333333333336,,,,39.458333333333336,21.0
2016-11-30,10.141666666666667,6.6375,194.54166666666666,27.266666666666666,3.8333333333333335,41.208333333333336,,,,26.0,19.666666666666668
2016-12-01,13.637500000000001,10.841666666666667,232.875,37.99583333333333,9.566666666666666,34.708333333333336,,,,30.708333333333332,19.5
2016-12-02,20.183333333333334,16.3,255.125,28.337500000000002,7.8374999999999995,38.25,,,,58.75,32.291666666666664
2016-12-03,19.379166666666666,16.466666666666665,279.625,51.17916666666667,13.0625,20.625,,,,52.291666666666664,27.291666666666668
2016-12-04,29.525000000000002,24.616666666666664,378.9166666666667,49.36666666666667,9.966666666666667,20.041666666666668,,,,76.79166666666667,55.041666666666664
2016-12-05,15.079166666666666,11.15,241.41666666666666,50.76666666666667,8.5875,18.958333333333332,,,,58.666666666666664,34.666666666666664
2016-12-06,29.46666666666667,24.320833333333336,276.8333333333333,45.025,9.179166666666667,23.5,,,,58.458333333333336,35.5
2016-12-07,27.320833333333336,20.195833333333333,282.625,37.00416666666667,6.920833333333333,32.666666666666664,,,,78.41666666666667,57.666666666666664
2016-12-08,20.829166666666666,15.799999999999999,271.375,48.94166666666666,13.512500000000001,27.375,,,,53.958333333333336,28.958333333333332
2016-12-09,19.325,14.975,244.58333333333334,39.275,12.679166666666667,29.25,,,,59.916666666666664,33.291666666666664
2016-12-10,33.85,26.383333333333336,326.7083333333333,52.26666666666667,17.462500000000002,21.25,,,,64.91666666666667,40.083333333333336
2016-12-11,35.82083333333333,28.77916666666667,276.5416666666667,45.19166666666666,14.358333333333334,31.541666666666668,,,,85.54166666666667,63.041666666666664
2016-12-12,32.09166666666666,26.104166666666668,299.2083333333333,30.15833333333333,8.2125,31.291666666666668,,,,84.20833333333333,62.458333333333336
2016-12-13,13.737499999999999,9.704166666666667,221.45833333333334,26.508333333333336,5.995833333333334,36.666666666666664,,,,65.625,42.75
2016-12-14,15.475,11.958333333333334,220.625,43.24166666666667,9.591666666666667,18.166666666666668,,,,33.541666666666664,21.208333333333332
2016-12-15,15.112499999999999,12.491666666666667,226.83333333333334,26.900000000000002,5.945833333333333,27.458333333333332,,,,53.333333333333336,27.208333333333332
2016-12-16,13.558333333333332,10.029166666666667,245.79166666666666,30.441666666666666,5.854166666666667,28.958333333333332,,,,49.5,24.541666666666668
2016-12-17,14.033333333333333,10.491666666666667,232.83333333333334,46.75,7.4750000000000005,13.583333333333334,,,,36.875,22.875
2016-12-18,32.449999999999996,25.141666666666666,307.4583333333333,60.645833333333336,8.145833333333334,10.541666666666666,,,,64.41666666666667,42.25
2016-12-19,40.012499999999996,33.52916666666667,386.5833333333333,61.6875,11.420833333333334,10.333333333333334,,,,81.33333333333333,61.208333333333336
2016-12-20,46.37916666666666,39.53333333333333,392.125,31.670833333333334,11.770833333333334,23.208333333333332,,,,115.125,73.25
2016-12-21,12.950000000000001,8.629166666666666,243.04166666666666,19.058333333333334,5.675,31.75,,,,70.5,44.5
2016-12-22,11.441666666666668,7.654166666666666,223.375,24.879166666666666,5.816666666666666,28.916666666666668,,,,32.416666666666664,16.791666666666668
2016-12-23,19.941666666666666,14.254166666666668,260.5833333333333,33.012499999999996,5.608333333333333,29.541666666666668,,,,41.5,20.583333333333332
2016-12-24,20.720833333333335,17.587500000000002,254.5,37.31666666666667,7.8,20.083333333333332,,,,57.5,30.958333333333332
2016-12-25,34.108333333333334,28.775000000000002,368.0833333333333,44.17083333333333,8.883333333333333,11.375,,,,75.91666666666667,52.041666666666664
2016-12-26,22.849999999999998,19.420833333333334,346.7916666666667,53.34166666666667,9.1875,14.458333333333334,,,,76.91666666666667,54.625
2016-12-27,28.1125,24.4375,330.3333333333333,43.23333333333333,9.104166666666666,15.958333333333334,,,,71.5,48.666666666666664
2016-12-28,25.383333333333336,19.837500000000002,320.7916666666667,26.1125,10.008333333333333,38.583333333333336,,,,71.125,47.875
2016-12-29,10.191666666666666,5.8875,202.95833333333334,25.754166666666666,4.308333333333334,30.5,,,,49.083333333333336,27.125
2016-12-30,10.633333333333333,6.604166666666667,226.75,29.641666666666666,4.6625000000000005,39.541666666666664,,,,22.916666666666668,17.416666666666668
2016-12-31,10.708333333333334,9.112499999999999,267.2916666666667,29.7625,13.783333333333333,34.458333333333336,,,,32.208333333333336,18.041666666666668
2017-01-01,21.974999999999998,16.920833333333334,322.5,31.933333333333334,6.575,28.625,,,,48.708333333333336,24.875
2017-01-02,32.0625,24.133333333333336,444.0833333333333,36.24583333333333,7.533333333333334,27.041666666666668,,,,69.0,44.791666666666664
2017-01-03,31.795833333333334,25.1125,398.9583333333333,37.88333333333333,7.904166666666666,33.291666666666664,,,,77.91666666666667,59.708333333333336
2017-01-04,41.05416666666667,31.145833333333332,443.6666666666667,57.1,8.820833333333335,18.208333333333332,,,,85.16666666666667,62.875
2017-01-05,24.075,20.075,365.6666666666667,51.24166666666667,6.1000000000000005,25.208333333333332,,,,76.83333333333333,53.291666666666664
2017-01-06,18.683333333333334,11.983333333333334,249.125,39.75833333333333,4.2875000000000005,27.125,,,,62.125,35.541666666666664
2017-01-07,12.608333333333334,7.8125,217.33333333333334,13.325000000000001,3.0124999999999997,31.708333333333332,,,,37.083333333333336,17.75
2017-01-08,17.820833333333333,13.579166666666666,326.1666666666667,22.71666666666667,5.304166666666666,35.0,,,,42.791666666666664,20.666666666666668
2017-01-09,18.991666666666667,14.0875,296.7083333333333,22.96666666666667,4.958333333333333,37.375,,,,53.458333333333336,27.375
2017-01-10,23.59583333333333,20.029166666666665,367.0,36.045833333333334,5.883333333333333,30.75,,,,64.33333333333333,38.083333333333336
2017-01-11,26.166666666666668,20.720833333333335,445.7083333333333,42.11666666666667,9.495833333333334,27.25,,,,61.875,35.291666666666664
2017-01-12,20.8625,16.491666666666667,412.2083333333333,41.69166666666667,10.4,36.166666666666664,,,,65.58333333333333,39.416666666666664
2017-01-13,31.125,25.2625,491.375,50.137499999999996,10.9375,24.875,,,,70.33333333333333,47.375
2017-01-14,23.1375,15.633333333333333,333.0416666666667,41.71666666666667,5.9750000000000005,41.916666666666664,,,,69.75,46.291666666666664
2017-01-15,19.1125,15.433333333333332,339.4583333333333,37.612500000000004,5.195833333333334,30.458333333333332,,,,57.458333333333336,31.125
2017-01-16,19.166666666666668,15.429166666666667,325.9583333333333,39.69583333333333,6.033333333333334,26.791666666666668,,,,53.666666666666664,27.791666666666668
2017-01-17,43.67916666666667,38.96666666666667,497.875,66.47916666666667,8.066666666666666,3.875,,,,86.20833333333333,58.458333333333336
2017-01-18,22.599999999999998,17.558333333333334,404.125,40.324999999999996,5.008333333333334,17.833333333333332,,,,85.33333333333333,59.291666666666664
2017-01-19,16.370833333333334,9.433333333333334,289.125,26.983333333333334,4.620833333333334,20.333333333333332,,,,49.541666666666664,24.916666666666668
2017-01-20,18.650000000000002,11.954166666666666,278.0416666666667,22.224999999999998,3.6750000000000003,37.75,,,,44.5,21.375
2017-01-21,22.4875,16.425,310.2916666666667,33.420833333333334,6.433333333333334,33.333333333333336,,,,52.625,26.583333333333332
2017-01-22,34.079166666666666,25.900000000000002,381.1666666666667,49.82083333333333,8.279166666666667,11.75,,,,72.83333333333333,51.0
2017-01-23,30.0,20.529166666666665,312.25,33.391666666666666,6.079166666666667,26.833333333333332,,,,72.75,50.583333333333336
2017-01-24,36.6875,29.8875,433.7916666666667,57.229166666666664,8.629166666666666,12.083333333333334,,,,73.95833333333333,50.208333333333336
2017-01-25,30.491666666666664,20.95,277.7083333333333,26.933333333333334,6.120833333333334,37.416666666666664,,,,81.04166666666667,58.125
2017-01-26,22.504166666666666,14.645833333333334,241.16666666666666,21.925,5.175,43.875,,,,65.83333333333333,39.458333333333336
2017-01-27,22.670833333333334,16.7,238.54166666666666,23.020833333333332,4.466666666666667,51.875,,,,51.208333333333336,25.541666666666668
2017-01-28,40.12916666666667,35.25833333333333,408.2083333333333,43.520833333333336,9.058333333333334,27.291666666666668,,,,83.75,58.0
2017-01-29,27.974999999999998,23.045833333333334,272.9166666666667,40.358333333333334,6.2749999999999995,23.458333333333332,,,,90.54166666666667,64.66666666666667
2017-01-30,16.954166666666666,12.225,240.75,27.233333333333334,4.8999999999999995,40.125,,,,59.25,33.291666666666664
2017-01-31,21.520833333333332,15.345833333333333,240.5,24.104166666666668,5.508333333333333,48.333333333333336,,,,50.958333333333336,25.083333333333332
2017-02-01,51.199999999999996,44.02916666666667,364.7916666666667,58.57916666666667,10.679166666666667,21.166666666666668,,,,76.58333333333333,49.583333333333336
2017-02-02,78.35416666666667,57.3375,380.9166666666667,65.2,13.666666666666666,15.791666666666666,,,,149.125,86.91666666666667
2017-02-03,54.65416666666667,42.24166666666667,313.9583333333333,50.6625,10.049999999999999,28.208333333333332,,,,133.58333333333334,79.20833333333333
2017-02-04,32.65833333333333,23.6875,244.29166666666666,31.891666666666666,6.8125,41.958333333333336,,,,93.125,65.45833333333333
2017-02-05,25.745833333333334,18.654166666666665,272.6666666666667,27.695833333333336,4.8625,42.0,,,,69.79166666666667,45.5
2017-02-06,38.77916666666667,26.7625,374.7083333333333,44.737500000000004,5.675,23.666666666666668,,,,70.125,46.458333333333336
2017-02-07,50.42083333333333,36.25833333333333,397.8333333333333,65.80416666666666,8.450000000000001,9.958333333333334,,,,89.58333333333333,64.33333333333333
2017-02-08,49.19583333333333,38.1625,352.2916666666667,55.54583333333333,5.804166666666667,15.041666666666666,,,,114.70833333333333,73.125
2017-02-09,23.412499999999998,14.420833333333334,277.875,22.833333333333332,5.041666666666667,33.458333333333336,,,,76.625,50.208333333333336
2017-02-10,22.545833333333334,12.325000000000001,241.70833333333334,18.945833333333333,4.1375,53.583333333333336,,,,52.166666666666664,26.041666666666668
2017-02-11,21.891666666666666,12.275,220.375,16.358333333333334,3.6291666666666664,62.5,,,,50.0,25.75
2017-02-12,18.974999999999998,11.454166666666666,239.79166666666666,16.733333333333334,3.5124999999999997,53.25,,,,50.416666666666664,24.75
2017-02-13,18.474999999999998,11.9125,251.75,21.108333333333334,4.141666666666667,47.333333333333336,,,,47.916666666666664,23.458333333333332
2017-02-14,22.099999999999998,16.283333333333335,267.25,20.408333333333335,4.979166666666667,56.0,,,,50.541666666666664,25.708333333333332
2017-02-15,39.041666666666664,30.383333333333336,279.1666666666667,32.891666666666666,4.183333333333334,42.416666666666664,,,,79.04166666666667,55.708333333333336
2017-02-16,30.116666666666664,19.491666666666667,200.91666666666666,30.454166666666666,4.808333333333334,44.458333333333336,,,,76.20833333333333,53.958333333333336
2017-02-17,47.88333333333333,42.03333333333333,364.375,68.52916666666667,7.8875,19.375,,,,82.54166666666667,56.791666666666664
2017-02-18,62.041666666666664,46.15833333333333,313.4583333333333,60.30833333333334,11.033333333333333,19.708333333333332,,,,130.33333333333334,78.20833333333333
2017-02-19,61.787499999999994,46.925000000000004,347.2083333333333,57.050000000000004,10.383333333333333,20.583333333333332,,,,129.375,77.75
2017-02-20,35.35,28.150000000000002,386.7916666666667,48.7875,4.504166666666666,24.25,,,,103.08333333333333,69.08333333333333
2017-02-21,54.19166666666666,47.14166666666667,503.9583333333333,64.9375,7.391666666666667,14.708333333333334,,,,108.95833333333333,70.91666666666667
2017-02-22,41.949999999999996,34.38333333333333,415.5,54.22083333333333,11.558333333333332,32.666666666666664,,,,111.875,72.16666666666667
2017-02-23,40.916666666666664,30.795833333333334,330.125,47.90416666666667,9.133333333333333,36.375,,,,94.125,66.04166666666667
2017-02-24,37.62916666666667,25.020833333333332,323.8333333333333,38.36666666666667,6.5125,52.541666666666664,,,,84.54166666666667,62.625
2017-02-25,36.166666666666664,21.9375,286.625,33.4375,4.6499999999999995,54.083333333333336,,,,73.08333333333333,51.5
2017-02-26,21.666666666666668,16.670833333333334,266.5416666666667,27.96666666666667,3.8208333333333333,44.125,,,,64.91666666666667,39.0
2017-02-27,69.19583333333334,63.712500000000006,463.5833333333333,70.60000000000001,7.016666666666667,6.333333333333333,,,,104.375,65.25
2017-02-28,64.20833333333333,53.85,469.0416666666667,60.49166666666667,7.258333333333333,11.0,,,,150.16666666666666,87.04166666666667
2017-03-01,70.97500000000001,57.88333333333333,558.0416666666666,66.09166666666667,5.633333333333333,9.333333333333334,,,,151.41666666666666,86.70833333333333
2017-03-02,64.27916666666667,45.395833333333336,390.7083333333333,55.50416666666666,8.1,16.708333333333332,,,,146.79166666666666,84.16666666666667
2017-03-03,64.60000000000001,53.479166666666664,452.625,55.9625,9.174999999999999,14.125,,,,118.375,74.20833333333333
2017-03-04,70.97083333333333,54.36666666666667,389.0416666666667,60.208333333333336,7.054166666666667,21.208333333333332,,,,153.625,90.25
2017-03-05,53.27916666666667,44.17916666666667,328.8333333333333,62.90833333333333,8.845833333333333,28.375,,,,120.95833333333333,75.125
2017-03-06,57.21666666666667,43.0375,314.0416666666667,59.675000000000004,10.674999999999999,30.875,,,,127.375,77.125
2017-03-07,48.666666666666664,35.15833333333333,364.7083333333333,65.14999999999999,8.220833333333333,36.75,,,,101.33333333333333,68.75
2017-03-08,56.90833333333333,39.666666666666664,329.0416666666667,67.29583333333333,11.733333333333334,37.083333333333336,,,,107.45833333333333,70.875
2017-03-09,39.0375,27.587500000000002,230.04166666666666,32.137499999999996,3.8625000000000003,57.416666666666664,,,,96.45833333333333,66.875
2017-03-10,42.90833333333333,31.22083333333333,279.5416666666667,37.90833333333333,6.120833333333334,49.125,,,,85.41666666666667,62.916666666666664
2017-03-11,35.18333333333333,23.0,209.41666666666666,25.270833333333332,4.808333333333334,53.166666666666664,,,,84.25,61.666666666666664
2017-03-12,29.491666666666664,19.337500000000002,220.83333333333334,21.075,3.6958333333333333,44.333333333333336,,,,69.66666666666667,45.083333333333336
2017-03-13,20.954166666666666,16.475,260.2916666666667,30.304166666666664,4.125,25.625,,,,62.208333333333336,35.375
2017-03-14,21.224999999999998,16.787499999999998,253.29166666666666,30.504166666666666,4.091666666666667,29.333333333333332,,,,56.291666666666664,29.916666666666668
2017-03-15,58.987500000000004,38.53333333333333,284.9166666666667,44.24583333333334,5.395833333333333,27.291666666666668,,,,84.375,58.083333333333336
2017-03-16,52.612500000000004,39.199999999999996,365.6666666666667,56.425000000000004,6.8875,23.833333333333332,,,,115.375,73.33333333333333
2017-03-17,38.354166666666664,29.116666666666664,205.375,43.68333333333334,5.304166666666666,32.916666666666664,,,,101.125,68.58333333333333
2017-03-18,29.116666666666664,19.095833333333335,253.25,39.21666666666667,5.995833333333334,37.625,,,,71.91666666666667,48.166666666666664
2017-03-19,30.670833333333334,21.291666666666668,230.66666666666666,40.104166666666664,8.325000000000001,45.166666666666664,,,,61.875,35.208333333333336
2017-03-20,37.4125,27.516666666666666,316.2083333333333,57.51666666666666,8.754166666666666,27.0,,,,75.08333333333333,54.75
2017-03-21,67.20833333333333,49.92916666666667,385.25,75.09583333333333,14.291666666666666,16.375,,,,114.16666666666667,72.83333333333333
2017-03-22,31.133333333333336,18.908333333333335,227.875,39.362500000000004,6.929166666666666,45.791666666666664,,,,98.375,64.45833333333333
2017-03-23,29.370833333333334,17.275000000000002,168.16666666666666,31.15416666666667,6.804166666666667,52.833333333333336,,,,61.375,34.625
2017-03-24,35.324999999999996,23.1125,209.875,43.56666666666666,6.05,39.708333333333336,,,,65.91666666666667,39.875
2017-03-25,50.199999999999996,37.25833333333333,330.875,51.56666666666666,5.545833333333333,23.208333333333332,,,,91.58333333333333,64.70833333333333
2017-03-26,53.275,44.520833333333336,265.9166666666667,56.8125,5.383333333333333,30.375,,,,106.20833333333333,70.33333333333333
2017-03-27,23.954166666666666,16.8875,219.83333333333334,28.329166666666666,4.883333333333334,57.291666666666664,,,,96.41666666666667,63.583333333333336
2017-03-28,41.608333333333334,28.441666666666666,355.2916666666667,53.74166666666667,6.333333333333333,27.458333333333332,,,,74.875,51.666666666666664
2017-03-29,34.37916666666667,23.866666666666664,274.75,53.07083333333333,8.620833333333334,41.708333333333336,,,,78.95833333333333,59.333333333333336
2017-03-30,36.858333333333334,24.7375,245.83333333333334,51.6625,7.925,44.291666666666664,,,,73.66666666666667,52.416666666666664
2017-03-31,35.795833333333334,20.337500000000002,252.08333333333334,25.183333333333334,3.2875,68.625,,,,75.45833333333333,55.333333333333336
2017-04-01,25.266666666666666,11.966666666666667,189.70833333333334,24.941666666666666,3.654166666666667,74.625,,,,58.0,33.333333333333336
2017-04-02,22.808333333333334,13.579166666666666,191.25,26.433333333333334,3.6291666666666664,67.5,,,,50.541666666666664,27.625
2017-04-03,31.3,20.920833333333334,207.125,47.4125,4.7375,46.041666666666664,,,,60.5,33.875
2017-04-04,45.3125,34.333333333333336,310.125,63.29583333333333,6.366666666666667,27.541666666666668,,,,79.83333333333333,57.25
2017-04-05,50.27916666666667,38.295833333333334,279.75,59.59166666666667,5.266666666666667,34.166666666666664,,,,108.75,71.125
2017-04-06,55.94166666666666,43.9375,376.125,74.075,8.620833333333334,21.083333333333332,,,,108.625,71.20833333333333
2017-04-07,44.354166666666664,35.604166666666664,317.9583333333333,68.25833333333334,9.429166666666667,25.208333333333332,,,,119.70833333333333,74.66666666666667
2017-04-08,31.191666666666666,23.670833333333334,233.54166666666666,49.67916666666667,6.9375,35.708333333333336,,,,86.58333333333333,62.833333333333336
2017-04-09,33.31666666666667,22.724999999999998,285.0833333333333,48.862500000000004,7.266666666666667,32.208333333333336,,,,72.125,49.5
2017-04-10,39.733333333333334,31.379166666666666,345.9166666666667,64.25,7.879166666666666,28.291666666666668,,,,83.375,60.5
2017-04-11,34.975,28.375,243.25,62.18333333333334,8.4,28.125,,,,83.33333333333333,62.125
2017-04-12,39.80416666666667,22.59166666666667,307.7083333333333,57.36666666666667,9.204166666666667,33.083333333333336,,,,82.29166666666667,60.958333333333336
2017-04-13,26.224999999999998,18.7625,197.625,33.354166666666664,6.7375,54.291666666666664,,,,65.375,39.25
2017-04-14,59.89166666666667,40.53333333333333,379.3333333333333,74.04583333333333,10.479166666666666,20.5,,,,86.29166666666667,58.666666666666664
2017-04-15,71.875,54.041666666666664,431.7083333333333,77.97916666666667,10.916666666666666,26.541666666666668,,,,138.83333333333334,80.83333333333333
2017-04-16,49.85833333333333,40.63333333333333,429.1666666666667,57.09166666666667,10.5875,39.375,,,,126.45833333333333,76.875
2017-04-17,28.224999999999998,20.133333333333333,274.7916666666667,37.65416666666667,6.9875,55.75,,,,88.875,62.166666666666664
2017-04-18,14.0375,10.5625,252.04166666666666,25.72083333333333,4.991666666666666,49.958333333333336,,,,53.0,28.416666666666668
2017-04-19,36.94583333333333,29.066666666666666,346.2916666666667,54.43333333333334,7.6875,25.708333333333332,,,,66.66666666666667,43.833333333333336
2017-04-20,35.52916666666667,24.266666666666666,326.0,50.166666666666664,7.2749999999999995,35.5,,,,85.83333333333333,63.0
2017-04-21,20.8,16.058333333333334,296.1666666666667,38.25833333333333,8.729166666666666,38.833333333333336,,,,63.166666666666664,37.541666666666664
2017-04-22,20.795833333333334,13.841666666666667,189.33333333333334,32.391666666666666,5.695833333333333,54.083333333333336,,,,58.416666666666664,31.916666666666668
2017-04-23,24.662499999999998,18.366666666666667,191.20833333333334,29.008333333333336,6.670833333333333,65.375,,,,56.166666666666664,29.75
2017-04-24,25.679166666666664,19.0625,178.125,39.795833333333334,7.0625,50.833333333333336,,,,64.5,37.875
2017-04-25,43.875,32.63333333333333,294.5416666666667,57.84583333333333,8.191666666666666,33.125,,,,84.875,59.083333333333336
2017-04-26,55.645833333333336,44.06666666666666,386.7083333333333,74.41666666666667,11.716666666666667,28.625,,,,99.08333333333333,67.875
2017-04-27,72.71249999999999,58.30833333333334,409.4583333333333,85.55416666666667,14.329166666666666,25.416666666666668,,,,142.08333333333334,82.25
2017-04-28,77.24583333333334,59.49583333333334,414.2083333333333,88.05833333333334,12.775,25.916666666666668,,,,148.58333333333334,84.79166666666667
2017-04-29,88.08333333333333,73.34166666666667,448.7083333333333,93.95,12.570833333333333,29.75,,,,158.5,97.54166666666667
2017-04-30,62.19583333333333,44.71666666666667,342.0833333333333,55.12083333333334,7.979166666666667,53.291666666666664,,,,148.41666666666666,87.83333333333333
2017-05-01,29.104166666666668,19.479166666666668,227.08333333333334,23.208333333333332,3.1666666666666665,72.08333333333333,,,,86.08333333333333,57.291666666666664
2017-05-02,39.44583333333333,24.662499999999998,261.875,31.133333333333336,4.091666666666667,53.708333333333336,,,,68.70833333333333,43.791666666666664
2017-05-03,51.82916666666667,29.45,238.08333333333334,32.858333333333334,4.941666666666666,59.083333333333336,,,,82.33333333333333,61.75
2017-05-04,62.07916666666667,37.40833333333333,263.5416666666667,39.395833333333336,4.708333333333333,49.25,,,,98.20833333333333,67.70833333333333
2017-05-05,57.70416666666667,36.1,233.33333333333334,45.512499999999996,5.591666666666666,45.291666666666664,,,,100.45833333333333,68.54166666666667
2017-05-06,52.4375,36.84166666666667,323.5416666666667,51.854166666666664,4.425,30.541666666666668,,,,109.79166666666667,71.5
2017-05-07,31.625,24.7375,309.3333333333333,45.81666666666666,4.808333333333334,37.833333333333336,,,,87.83333333333333,63.791666666666664
2017-05-08,37.06666666666667,24.875,246.95833333333334,49.87083333333334,5.0249999999999995,39.958333333333336,,,,78.16666666666667,59.833333333333336
2017-05-09,38.637499999999996,25.1875,342.375,48.762499999999996,4.641666666666667,35.0,,,,75.375,55.666666666666664
2017-05-10,26.108333333333334,17.245833333333334,196.91666666666666,27.96666666666667,3.5500000000000003,49.333333333333336,,,,72.5,50.0
2017-05-11,26.337500000000002,20.904166666666665,183.375,41.920833333333334,4.404166666666667,37.875,,,,59.125,32.625
2017-05-12,52.94166666666666,40.44583333333333,403.0,66.57916666666667,6.0625,20.083333333333332,,,,92.83333333333333,63.958333333333336
2017-05-13,63.362500000000004,32.012499999999996,306.625,60.29583333333333,7.7375,42.833333333333336,,,,103.625,69.58333333333333
2017-05-14,59.17083333333333,29.629166666666666,333.25,47.2125,3.920833333333333,38.625,,,,93.25,68.0
2017-05-15,20.625,14.133333333333333,210.66666666666666,22.954166666666666,2.9416666666666664,47.208333333333336,,,,65.875,41.416666666666664
2017-05-16,25.058333333333334,17.6375,218.29166666666666,32.06666666666667,3.3375,44.125,,,,60.583333333333336,34.0
2017-05-17,24.962500000000002,16.525000000000002,192.58333333333334,19.141666666666666,2.591666666666667,67.375,,,,58.5,32.041666666666664
2017-05-18,26.900000000000002,15.479166666666666,190.0,17.925,2.6,65.54166666666667,,,,59.625,32.875
2017-05-19,25.025000000000002,12.237499999999999,197.5,16.754166666666666,2.441666666666667,85.625,,,,54.291666666666664,34.416666666666664
2017-05-20,32.05416666666667,21.837500000000002,298.7916666666667,35.25416666666667,2.495833333333333,50.458333333333336,,,,59.416666666666664,33.416666666666664
2017-05-21,27.204166666666666,19.8125,234.16666666666666,37.391666666666666,2.783333333333333,52.75,,,,69.83333333333333,45.416666666666664
2017-05-22,29.037499999999998,22.27916666666667,242.83333333333334,45.24166666666667,2.6791666666666667,40.166666666666664,,,,70.29166666666667,46.208333333333336
2017-05-23,26.991666666666664,17.462500000000002,197.54166666666666,38.391666666666666,1.9708333333333334,49.916666666666664,,,,67.16666666666667,41.458333333333336
2017-05-24,28.650000000000002,21.608333333333334,233.45833333333334,43.395833333333336,2.1166666666666667,47.083333333333336,,,,64.54166666666667,38.083333333333336
2017-05-25,39.145833333333336,28.287499999999998,273.375,54.76666666666667,3.9166666666666665,35.208333333333336,,,,76.25,54.916666666666664
2017-05-26,35.13333333333333,27.34583333333333,178.375,47.125,2.7875,40.625,,,,87.54166666666667,63.791666666666664
2017-05-27,25.704166666666666,16.0,142.70833333333334,27.412499999999998,3.2458333333333336,51.666666666666664,,,,68.33333333333333,44.0
2017-05-28,18.287499999999998,11.195833333333333,143.16666666666666,15.266666666666666,2.5125,70.66666666666667,,,,52.416666666666664,29.458333333333332
2017-05-29,26.537499999999998,15.987499999999999,170.125,21.7375,1.925,62.458333333333336,,,,52.666666666666664,27.083333333333332
2017-05-30,27.895833333333332,21.712500000000002,262.2916666666667,41.795833333333334,2.3874999999999997,45.625,,,,64.04166666666667,37.541666666666664
2017-05-31,31.458333333333332,24.0125,246.625,44.02916666666667,2.9333333333333336,42.75,,,,74.29166666666667,53.708333333333336
2017-06-01,35.824999999999996,27.09166666666667,181.33333333333334,49.979166666666664,2.9625,46.916666666666664,,,,76.91666666666667,57.875
2017-06-02,53.487500000000004,44.30416666666667,244.16666666666666,67.26666666666667,4.054166666666666,31.875,,,,104.04166666666667,69.45833333333333
2017-06-03,51.18333333333334,39.81666666666667,298.875,46.69166666666666,2.7916666666666665,42.333333333333336,,,,116.91666666666667,73.79166666666667
2017-06-04,30.570833333333336,20.558333333333334,177.66666666666666,21.741666666666664,2.1666666666666665,68.83333333333333,,,,89.75,62.5
2017-06-05,32.637499999999996,19.091666666666665,176.79166666666666,26.625,2.629166666666667,56.625,,,,63.375,36.625
2017-06-06,38.733333333333334,24.099999999999998,190.33333333333334,39.88333333333333,2.2708333333333335,45.166666666666664,,,,72.54166666666667,50.583333333333336
2017-06-07,47.6,34.02916666666667,224.375,55.229166666666664,2.7458333333333336,36.5,,,,81.125,59.541666666666664
2017-06-08,62.887499999999996,43.25833333333333,332.875,71.9875,3.0083333333333333,35.708333333333336,,,,114.29166666666667,72.95833333333333
2017-06-09,23.729166666666668,13.0875,144.25,24.170833333333334,2.183333333333333,42.958333333333336,,,,85.83333333333333,56.083333333333336
2017-06-10,22.162499999999998,13.845833333333333,278.2083333333333,30.558333333333334,2.433333333333333,32.583333333333336,,,,49.291666666666664,23.875
2017-06-11,28.733333333333334,21.275000000000002,273.0,35.12916666666667,2.8375,45.625,,,,67.16666666666667,42.708333333333336
2017-06-12,21.104166666666668,12.625,133.95833333333334,21.150000000000002,2.6166666666666667,60.583333333333336,,,,56.958333333333336,31.5
2017-06-13,21.683333333333334,16.400000000000002,192.875,33.829166666666666,2.1166666666666667,52.791666666666664,,,,54.416666666666664,28.208333333333332
2017-06-14,36.487500000000004,25.037499999999998,257.375,48.4,3.0625,40.291666666666664,,,,70.41666666666667,47.5
2017-06-15,36.791666666666664,24.47083333333333,226.5,47.36666666666667,2.1999999999999997,36.25,,,,78.625,60.166666666666664
2017-06-16,26.97083333333333,16.045833333333334,181.95833333333334,29.933333333333334,2.1750000000000003,48.333333333333336,,,,65.79166666666667,40.875
2017-06-17,29.6375,19.2,212.95833333333334,39.87083333333333,3.7624999999999997,47.791666666666664,,,,59.625,33.125
2017-06-18,25.28333333333333,17.745833333333334,160.58333333333334,30.5625,2.316666666666667,50.583333333333336,,,,67.45833333333333,41.708333333333336
2017-06-19,18.466666666666665,11.049999999999999,225.70833333333334,29.304166666666664,2.85,48.125,,,,54.166666666666664,28.333333333333332
2017-06-20,27.108333333333334,18.266666666666666,262.0416666666667,35.608333333333334,4.079166666666667,45.0,,,,50.833333333333336,25.625
2017-06-21,51.29583333333333,37.920833333333334,409.5416666666667,55.88333333333333,3.9458333333333333,35.125,,,,89.04166666666667,60.833333333333336
2017-06-22,46.19583333333333,34.425000000000004,397.625,55.80833333333334,3.5749999999999997,36.291666666666664,,,,101.625,68.91666666666667
2017-06-23,47.90416666666667,36.141666666666666,444.75,53.833333333333336,3.3083333333333336,38.083333333333336,,,,98.0,67.66666666666667
2017-06-24,38.583333333333336,28.825,299.5,48.34583333333333,4.345833333333333,55.208333333333336,,,,97.08333333333333,67.29166666666667
2017-06-25,24.679166666666664,18.120833333333334,281.125,29.266666666666666,2.2291666666666665,61.5,,,,72.5,49.208333333333336
2017-06-26,20.995833333333334,14.620833333333332,263.9583333333333,17.516666666666666,2.0124999999999997,69.04166666666667,,,,58.666666666666664,32.625
2017-06-27,31.974999999999998,22.97083333333333,344.9166666666667,31.09166666666667,2.0833333333333335,43.208333333333336,,,,64.16666666666667,38.75
2017-06-28,31.104166666666668,22.633333333333336,383.75,41.925000000000004,2.1958333333333333,35.833333333333336,,,,72.875,51.166666666666664
2017-06-29,45.45416666666667,33.983333333333334,412.625,52.4625,3.8666666666666667,39.958333333333336,,,,82.54166666666667,60.0
2017-06-30,56.37916666666666,38.800000000000004,397.4166666666667,60.824999999999996,5.241666666666666,46.5,,,,108.375,71.04166666666667
2017-07-01,50.875,31.995833333333334,345.5,52.20416666666667,3.5541666666666667,58.75,,,,97.66666666666667,67.54166666666667
2017-07-02,53.791666666666664,33.80416666666667,373.5416666666667,44.09166666666667,3.545833333333333,53.333333333333336,,,,95.54166666666667,66.70833333333333
2017-07-03,39.30416666666667,23.075,305.0,22.6125,2.8666666666666667,53.708333333333336,,,,83.33333333333333,61.083333333333336
2017-07-04,25.40833333333333,12.424999999999999,210.95833333333334,13.204166666666666,2.4625,53.291666666666664,,,,63.375,37.708333333333336
2017-07-05,18.283333333333335,10.245833333333334,207.70833333333334,13.666666666666666,2.2875,62.208333333333336,,,,43.5,26.208333333333332
2017-07-06,20.266666666666666,11.4375,212.16666666666666,18.808333333333334,2.220833333333333,63.041666666666664,,,,43.5,25.25
2017-07-07,27.712500000000002,17.891666666666666,284.1666666666667,33.604166666666664,2.216666666666667,48.125,,,,57.625,31.166666666666668
2017-07-08,20.029166666666665,12.270833333333334,261.6666666666667,27.766666666666666,2.6125000000000003,47.916666666666664,,,,55.833333333333336,30.208333333333332
2017-07-09,33.708333333333336,20.933333333333334,362.7083333333333,50.96666666666667,4.05,34.833333333333336,,,,57.958333333333336,32.166666666666664
2017-07-10,28.795833333333334,16.545833333333334,258.2083333333333,33.125,3.420833333333333,59.875,,,,67.70833333333333,42.958333333333336
2017-07-11,20.841666666666665,12.725,221.375,20.808333333333334,2.5833333333333335,61.833333333333336,,,,54.166666666666664,29.458333333333332
2017-07-12,25.108333333333334,16.166666666666668,258.7916666666667,29.90833333333333,2.716666666666667,45.916666666666664,,,,54.5,28.166666666666668
2017-07-13,32.9625,22.683333333333334,351.5,49.94583333333333,3.0625,34.875,,,,64.75,38.416666666666664
2017-07-14,34.979166666666664,23.05,276.4166666666667,37.87083333333333,2.629166666666667,48.0,,,,79.875,59.791666666666664
2017-07-15,15.904166666666667,8.370833333333334,206.41666666666666,14.495833333333332,2.3833333333333333,55.0,,,,49.875,29.958333333333332
2017-07-16,20.508333333333333,11.041666666666666,204.04166666666666,15.9375,2.4875000000000003,58.208333333333336,,,,39.666666666666664,23.333333333333332
2017-07-17,25.666666666666668,12.054166666666667,187.25,14.058333333333332,1.95,63.041666666666664,,,,48.333333333333336,26.083333333333332
2017-07-18,24.90833333333333,13.466666666666667,213.70833333333334,19.183333333333334,1.7916666666666667,58.375,,,,52.583333333333336,27.333333333333332
2017-07-19,26.520833333333332,14.1,236.0,20.76666666666667,1.8541666666666667,67.95833333333333,,,,52.166666666666664,27.583333333333332
2017-07-20,28.291666666666668,17.395833333333332,235.54166666666666,28.245833333333334,2.120833333333333,62.25,,,,58.958333333333336,32.416666666666664
2017-07-21,27.441666666666666,19.295833333333334,239.66666666666666,26.254166666666666,2.2666666666666666,64.0,,,,64.125,37.208333333333336
2017-07-22,27.416666666666668,18.283333333333335,250.83333333333334,27.0125,2.433333333333333,64.79166666666667,,,,62.916666666666664,36.083333333333336
2017-07-23,36.016666666666666,26.712500000000002,337.375,43.45416666666667,1.9166666666666667,46.958333333333336,,,,75.5,53.666666666666664
2017-07-24,35.025,25.47083333333333,291.5416666666667,43.5875,2.0,52.541666666666664,,,,77.58333333333333,58.208333333333336
2017-07-25,45.1,34.25416666666667,347.5416666666667,59.13333333333333,3.2624999999999997,47.791666666666664,,,,85.70833333333333,62.958333333333336
2017-07-26,59.666666666666664,37.975,391.625,52.70416666666667,3.295833333333333,47.416666666666664,,,,107.45833333333333,70.79166666666667
2017-07-27,51.42916666666667,28.7375,368.7916666666667,38.75416666666667,3.2458333333333336,40.625,,,,95.0,66.5
2017-07-28,20.566666666666666,14.9125,327.1666666666667,27.47083333333333,2.5875,56.666666666666664,,,,68.41666666666667,44.166666666666664
2017-07-29,27.808333333333334,20.516666666666666,351.125,38.15833333333333,2.9583333333333335,46.291666666666664,,,,61.0,34.333333333333336
2017-07-30,43.21666666666667,29.766666666666666,338.0,54.50833333333333,3.6875,48.0,,,,85.58333333333333,60.833333333333336
2017-07-31,19.662499999999998,11.1,173.83333333333334,17.533333333333335,2.9791666666666665,71.5,,,,62.208333333333336,40.541666666666664
2017-08-01,22.162499999999998,10.008333333333333,178.25,16.604166666666668,2.975,69.875,,,,42.75,27.916666666666668
2017-08-02,28.099999999999998,13.379166666666668,193.58333333333334,20.724999999999998,2.4791666666666665,76.125,,,,47.25,30.541666666666668
2017-08-03,30.070833333333336,16.9875,241.125,25.47083333333333,3.2583333333333333,60.25,,,,57.625,31.333333333333332
2017-08-04,36.43333333333333,23.079166666666666,274.5833333333333,32.32083333333333,4.0,61.583333333333336,,,,66.25,40.666666666666664
2017-08-05,35.175000000000004,24.075,262.5,38.166666666666664,3.725,61.5,,,,74.95833333333333,54.75
2017-08-06,37.88333333333333,27.041666666666668,291.2916666666667,30.512500000000003,3.875,63.541666666666664,,,,79.41666666666667,60.333333333333336
2017-08-07,40.15833333333333,27.125,314.0416666666667,25.3,3.404166666666667,60.25,,,,82.41666666666667,62.0
2017-08-08,37.5125,20.266666666666666,240.125,19.2375,3.4375,63.041666666666664,,,,75.16666666666667,54.041666666666664
2017-08-09,26.045833333333334,13.816666666666668,211.0,15.058333333333332,2.9458333333333333,63.375,,,,60.875,34.208333333333336
2017-08-10,21.166666666666668,12.3125,219.95833333333334,16.337500000000002,2.954166666666667,60.916666666666664,,,,50.125,26.541666666666668
2017-08-11,32.800000000000004,19.858333333333334,255.25,26.2375,3.3833333333333333,49.25,,,,59.833333333333336,33.125
2017-08-12,30.724999999999998,17.529166666666665,248.33333333333334,26.491666666666664,3.3375,46.333333333333336,,,,64.91666666666667,37.916666666666664
2017-08-13,39.987500000000004,23.15416666666667,223.0,39.6875,3.2291666666666665,38.083333333333336,,,,65.875,40.25
2017-08-14,30.316666666666666,17.9375,227.625,25.8875,3.0208333333333335,54.291666666666664,,,,70.875,47.583333333333336
2017-08-15,29.629166666666666,17.516666666666666,227.91666666666666,24.162499999999998,2.375,47.333333333333336,,,,60.333333333333336,33.708333333333336
2017-08-16,28.40833333333333,16.433333333333334,237.91666666666666,24.3625,1.9916666666666665,58.75,,,,63.125,36.416666666666664
2017-08-17,27.59583333333333,16.6125,252.125,27.666666666666668,2.4291666666666667,51.333333333333336,,,,57.125,30.791666666666668
2017-08-18,36.99583333333333,20.566666666666666,299.8333333333333,29.325,2.783333333333333,44.333333333333336,,,,64.33333333333333,37.5
2017-08-19,39.65416666666667,22.2,279.2083333333333,30.52916666666667,4.720833333333333,47.375,,,,71.08333333333333,47.541666666666664
2017-08-20,29.587500000000002,18.283333333333335,260.9166666666667,31.754166666666666,5.25,41.666666666666664,,,,66.16666666666667,40.166666666666664
2017-08-21,33.862500000000004,21.179166666666667,273.0833333333333,35.916666666666664,5.420833333333333,33.583333333333336,,,,67.91666666666667,42.166666666666664
2017-08-22,27.925,16.7375,235.66666666666666,29.758333333333336,4.858333333333333,39.333333333333336,,,,65.75,39.416666666666664
2017-08-23,25.020833333333332,17.429166666666667,248.20833333333334,40.324999999999996,4.395833333333333,42.291666666666664,,,,58.625,32.208333333333336
2017-08-24,27.641666666666666,20.10833333333333,192.91666666666666,38.920833333333334,4.079166666666667,49.708333333333336,,,,65.41666666666667,38.458333333333336
2017-08-25,22.47083333333333,17.629166666666666,170.5,30.65416666666667,3.9499999999999997,60.416666666666664,,,,65.375,38.583333333333336
2017-08-26,20.266666666666666,12.762500000000001,177.875,25.1875,3.454166666666667,63.166666666666664,,,,55.458333333333336,30.666666666666668
2017-08-27,23.65833333333333,14.479166666666666,173.79166666666666,20.591666666666665,3.295833333333333,69.375,,,,53.125,29.333333333333332
2017-08-28,25.837500000000002,15.725000000000001,204.375,24.662499999999998,3.391666666666667,69.125,,,,57.041666666666664,31.458333333333332
2017-08-29,24.929166666666664,14.625,218.25,24.7625,3.1833333333333336,59.458333333333336,,,,58.25,31.75
2017-08-30,14.833333333333334,9.029166666666667,222.375,12.695833333333333,2.3666666666666667,64.29166666666667,,,,44.833333333333336,26.0
2017-08-31,14.229166666666666,9.841666666666667,241.29166666666666,23.90833333333333,3.141666666666667,51.625,,,,42.583333333333336,22.833333333333332
2017-09-01,14.920833333333334,11.245833333333332,268.5833333333333,29.016666666666666,2.858333333333333,43.125,,,,42.666666666666664,22.25
2017-09-02,17.791666666666668,13.191666666666668,254.0,35.354166666666664,3.2875,46.583333333333336,,,,49.625,25.041666666666668
2017-09-03,26.925,20.1375,334.5833333333333,46.81666666666666,3.8708333333333336,49.708333333333336,,,,56.833333333333336,31.416666666666668
2017-09-04,35.949999999999996,30.375,344.3333333333333,48.225,4.266666666666667,48.875,,,,89.45833333333333,63.833333333333336
2017-09-05,17.670833333333334,11.458333333333334,245.45833333333334,24.25,2.6750000000000003,54.75,,,,60.875,36.375
2017-09-06,19.983333333333334,14.362499999999999,275.5833333333333,34.30416666666667,2.566666666666667,53.708333333333336,,,,50.333333333333336,25.166666666666668
2017-09-07,26.275000000000002,19.716666666666665,311.9166666666667,52.03333333333333,3.5375,55.541666666666664,,,,60.75,34.041666666666664
2017-09-08,40.329166666666666,30.40833333333333,374.7916666666667,68.32916666666667,3.9166666666666665,42.583333333333336,,,,79.58333333333333,57.0
2017-09-09,36.6,28.991666666666664,308.875,58.73333333333333,3.8666666666666667,39.791666666666664,,,,83.58333333333333,62.208333333333336
2017-09-10,60.1,44.74166666666667,445.7083333333333,73.60416666666667,7.233333333333333,43.041666666666664,,,,108.79166666666667,71.16666666666667
2017-09-11,72.11666666666666,49.36666666666667,433.1666666666667,86.79166666666667,6.333333333333333,36.708333333333336,,,,128.625,77.5
2017-09-12,63.00833333333333,37.8125,396.7916666666667,59.270833333333336,4.254166666666666,50.041666666666664,,,,127.66666666666667,77.25
2017-09-13,33.65833333333333,19.845833333333335,376.625,49.05833333333334,4.375,47.25,,,,77.58333333333333,52.041666666666664
2017-09-14,26.358333333333334,17.670833333333334,280.9583333333333,31.650000000000002,3.5833333333333335,53.291666666666664,,,,67.0,40.416666666666664
2017-09-15,25.958333333333332,16.941666666666666,310.375,39.74583333333333,3.9499999999999997,39.041666666666664,,,,59.208333333333336,32.625
2017-09-16,32.887499999999996,19.941666666666666,316.5833333333333,30.116666666666664,3.1916666666666664,40.458333333333336,,,,63.708333333333336,36.833333333333336
2017-09-17,40.78333333333333,26.77916666666667,452.5833333333333,43.87916666666666,2.8708333333333336,32.5,,,,74.5,53.208333333333336
2017-09-18,53.949999999999996,35.74166666666667,519.4166666666666,60.07916666666667,3.3041666666666667,29.083333333333332,,,,90.75,64.91666666666667
2017-09-19,43.92083333333333,27.579166666666666,347.5,34.358333333333334,3.4,42.25,,,,92.66666666666667,65.66666666666667
2017-09-20,59.7125,39.65,426.5416666666667,79.55,5.3625,25.125,,,,94.0,66.125
2017-09-21,44.6,24.983333333333334,343.375,51.32083333333333,5.5375000000000005,32.458333333333336,,,,98.54166666666667,67.70833333333333
2017-09-22,23.958333333333332,16.108333333333334,334.25,34.22083333333333,3.625,37.916666666666664,,,,64.45833333333333,39.333333333333336
2017-09-23,22.212500000000002,17.395833333333332,298.2083333333333,36.56666666666667,4.158333333333333,32.833333333333336,,,,61.25,34.458333333333336
2017-09-24,34.9375,26.974999999999998,339.7916666666667,47.270833333333336,4.083333333333333,34.333333333333336,,,,73.91666666666667,51.625
2017-09-25,22.6125,13.945833333333333,214.125,30.9375,2.716666666666667,51.416666666666664,,,,65.75,41.416666666666664
2017-09-26,41.72083333333333,21.95,215.25,25.508333333333336,2.975,50.875,,,,61.0,34.708333333333336
2017-09-27,24.545833333333334,15.512500000000001,233.45833333333334,31.841666666666665,2.9125,40.916666666666664,,,,67.20833333333333,42.375
2017-09-28,25.34583333333333,13.708333333333334,199.41666666666666,19.754166666666666,3.0541666666666667,53.166666666666664,,,,53.583333333333336,27.458333333333332
2017-09-29,23.7625,12.229166666666666,204.79166666666666,19.504166666666666,3.0749999999999997,51.375,,,,52.375,26.166666666666668
2017-09-30,22.95,13.616666666666667,225.79166666666666,29.474999999999998,2.9583333333333335,43.333333333333336,,,,52.125,26.0
2017-10-01,19.7375,12.125,210.625,18.595833333333335,3.1166666666666667,58.708333333333336,,,,50.041666666666664,25.0
2017-10-02,24.349999999999998,14.966666666666667,267.75,26.7,3.0416666666666665,46.666666666666664,,,,54.5,28.291666666666668
2017-10-03,23.516666666666666,15.054166666666667,259.2916666666667,27.075,2.9791666666666665,47.083333333333336,,,,56.75,30.125
2017-10-04,29.287499999999998,20.6125,243.375,46.90833333333333,3.329166666666667,26.0,,,,63.416666666666664,36.625
2017-10-05,38.512499999999996,30.09583333333333,360.375,57.25833333333333,3.8166666666666664,21.541666666666668,,,,78.33333333333333,56.166666666666664
2017-10-06,40.875,31.887500000000003,326.5,68.40416666666667,5.5375000000000005,27.416666666666668,,,,86.58333333333333,63.291666666666664
2017-10-07,56.275,39.125,421.125,78.0,6.4875,14.541666666666666,,,,105.95833333333333,70.29166666666667
2017-10-08,26.3625,16.537499999999998,351.125,35.12083333333333,4.441666666666666,23.041666666666668,,,,85.45833333333333,58.416666666666664
2017-10-09,27.729166666666668,22.866666666666664,336.0,46.69583333333333,5.245833333333334,24.5,,,,61.125,34.791666666666664
2017-10-10,43.90416666666667,39.175000000000004,459.6666666666667,62.625,4.5125,15.416666666666666,,,,97.625,66.95833333333333
2017-10-11,40.5625,36.17916666666667,364.4583333333333,60.75,4.420833333333333,16.041666666666668,,,,103.79166666666667,69.58333333333333
2017-10-12,29.395833333333332,25.270833333333332,299.7083333333333,54.137499999999996,3.5625,23.5,,,,86.5,63.083333333333336
2017-10-13,48.92083333333333,42.775,419.9166666666667,80.72500000000001,5.6125,11.0,,,,90.16666666666667,64.625
2017-10-14,43.166666666666664,32.62916666666667,401.9583333333333,61.175000000000004,4.875,21.5,,,,124.91666666666667,76.29166666666667
2017-10-15,48.800000000000004,38.75416666666667,406.375,58.63333333333333,6.520833333333333,12.416666666666666,,,,91.58333333333333,65.33333333333333
2017-10-16,48.65416666666667,36.57083333333333,413.5416666666667,54.979166666666664,4.958333333333333,20.083333333333332,,,,113.91666666666667,72.83333333333333
2017-10-17,26.383333333333336,17.591666666666665,301.875,42.77916666666667,3.5124999999999997,19.375,,,,74.33333333333333,48.791666666666664
2017-10-18,34.3125,24.483333333333334,332.4583333333333,52.800000000000004,4.445833333333334,21.208333333333332,,,,67.29166666666667,42.458333333333336
2017-10-19,48.70416666666667,36.4375,439.0416666666667,62.73333333333333,4.675,12.375,,,,86.04166666666667,63.0
2017-10-20,74.45,55.44166666666666,521.0416666666666,74.50416666666666,6.0625,10.0,,,,127.875,77.33333333333333
2017-10-21,91.20833333333333,71.06666666666666,660.25,86.4875,5.995833333333334,17.041666666666668,,,,156.29166666666666,93.66666666666667
2017-10-22,63.0875,46.12083333333334,380.0,51.2875,5.091666666666667,36.041666666666664,,,,148.08333333333334,86.41666666666667
2017-10-23,51.137499999999996,41.895833333333336,331.4583333333333,62.67916666666667,4.745833333333334,27.833333333333332,,,,104.25,69.58333333333333
2017-10-24,66.62083333333334,53.79583333333333,374.3333333333333,78.65416666666667,5.383333333333333,9.041666666666666,,,,146.16666666666666,85.125
2017-10-25,32.7125,26.675,351.625,43.14166666666667,4.133333333333334,12.958333333333334,,,,108.625,70.91666666666667
2017-10-26,20.191666666666666,14.129166666666668,239.58333333333334,26.3625,4.020833333333333,23.416666666666668,,,,60.666666666666664,35.833333333333336
2017-10-27,47.416666666666664,40.708333333333336,491.125,54.87083333333334,5.095833333333333,8.708333333333334,,,,86.70833333333333,57.625
2017-10-28,37.15416666666667,32.295833333333334,382.5,37.895833333333336,4.666666666666667,16.333333333333332,,,,107.04166666666667,70.70833333333333
2017-10-29,14.441666666666668,10.725,244.83333333333334,18.929166666666667,3.658333333333333,30.916666666666668,,,,66.58333333333333,41.875
2017-10-30,16.275000000000002,11.799999999999999,256.875,24.25,5.504166666666666,44.666666666666664,,,,41.625,21.0
2017-10-31,24.90416666666667,20.345833333333335,304.2083333333333,38.733333333333334,5.083333333333333,26.458333333333332,,,,61.125,34.666666666666664
2017-11-01,32.17916666666667,26.441666666666666,347.125,45.4,4.695833333333334,24.333333333333332,,,,76.66666666666667,57.0
2017-11-02,38.74166666666667,35.1,448.3333333333333,67.57083333333334,5.795833333333333,12.541666666666666,,,,86.33333333333333,63.166666666666664
2017-11-03,41.02916666666667,35.25833333333333,392.875,53.93333333333334,7.179166666666667,20.208333333333332,,,,105.875,70.25
2017-11-04,30.291666666666668,27.09166666666667,379.4166666666667,49.604166666666664,4.270833333333333,14.875,,,,93.125,65.79166666666667
2017-11-05,18.75,13.404166666666667,286.75,25.325,2.8208333333333333,34.916666666666664,,,,58.166666666666664,33.125
2017-11-06,35.266666666666666,26.358333333333334,403.1666666666667,49.05833333333334,4.079166666666667,22.708333333333332,,,,65.79166666666667,41.875
2017-11-07,35.416666666666664,30.795833333333334,379.0,43.86666666666667,4.383333333333334,18.416666666666668,,,,91.20833333333333,65.16666666666667
2017-11-08,37.97083333333333,30.90416666666667,413.625,42.125,4.445833333333334,20.791666666666668,,,,84.08333333333333,62.458333333333336
2017-11-09,49.57083333333333,40.3375,430.4583333333333,52.0625,5.491666666666667,8.958333333333334,,,,97.0,67.25
2017-11-10,36.770833333333336,32.2125,416.0833333333333,49.53333333333333,3.85,13.333333333333334,,,,111.08333333333333,71.91666666666667
2017-11-11,39.729166666666664,36.62083333333333,473.7083333333333,48.74166666666667,4.895833333333333,12.0,,,,99.875,68.16666666666667
2017-11-12,29.395833333333332,24.116666666666664,473.5,39.725,6.2749999999999995,22.833333333333332,,,,86.58333333333333,62.916666666666664
2017-11-13,54.75,46.737500000000004,459.5416666666667,75.03750000000001,10.129166666666666,8.791666666666666,,,,95.33333333333333,65.875
2017-11-14,50.6,38.05416666666667,367.9166666666667,60.25416666666666,10.458333333333334,13.291666666666666,,,,120.875,75.125
2017-11-15,53.800000000000004,38.475,381.4583333333333,48.125,7.908333333333334,19.291666666666668,,,,113.875,72.875
2017-11-16,32.824999999999996,22.96666666666667,311.2083333333333,23.520833333333332,6.7625,35.041666666666664,,,,85.33333333333333,61.583333333333336
2017-11-17,35.81666666666667,24.90833333333333,352.9166666666667,31.954166666666666,7.3500000000000005,23.541666666666668,,,,72.58333333333333,50.583333333333336
2017-11-18,62.46666666666667,47.98333333333333,477.2916666666667,58.28333333333333,10.174999999999999,9.833333333333334,,,,96.04166666666667,66.625
2017-11-19,51.225,41.641666666666666,468.0833333333333,45.324999999999996,9.933333333333334,12.041666666666666,,,,134.79166666666666,79.58333333333333
2017-11-20,16.150000000000002,12.566666666666668,372.3333333333333,26.020833333333332,8.245833333333334,18.791666666666668,,,,85.75,57.5
2017-11-21,16.441666666666666,13.004166666666668,311.5,25.691666666666666,9.316666666666666,27.666666666666668,,,,39.875,20.083333333333332
2017-11-22,22.179166666666664,18.420833333333334,291.875,32.329166666666666,9.920833333333333,22.625,,,,63.166666666666664,36.375
2017-11-23,31.025000000000002,29.145833333333332,399.25,45.975,10.204166666666667,14.041666666666666,,,,66.58333333333333,41.416666666666664
2017-11-24,55.92916666666667,52.34583333333333,454.625,57.4375,9.5625,9.041666666666666,,,,117.45833333333333,73.79166666666667
2017-11-25,66.29166666666667,58.979166666666664,353.2083333333333,62.2875,6.7625,5.75,,,,151.70833333333334,87.70833333333333
2017-11-26,55.11666666666667,49.362500000000004,319.8333333333333,55.78333333333333,6.466666666666666,8.958333333333334,,,,147.33333333333334,83.95833333333333
2017-11-27,38.612500000000004,32.90833333333333,403.375,57.79583333333333,7.054166666666667,8.041666666666666,,,,104.70833333333333,69.83333333333333
2017-11-28,21.745833333333334,17.912499999999998,338.3333333333333,38.983333333333334,4.358333333333333,18.375,,,,79.83333333333333,56.0
2017-11-29,19.683333333333334,16.179166666666667,432.4583333333333,34.775,4.0,20.0,,,,61.458333333333336,34.666666666666664
2017-11-30,22.933333333333334,14.075000000000001,309.6666666666667,24.2375,4.166666666666667,40.25,,,,56.958333333333336,30.5
2017-12-01,22.162499999999998,12.558333333333332,249.20833333333334,22.041666666666668,3.204166666666667,44.666666666666664,,,,52.041666666666664,26.0
2017-12-02,34.74166666666667,22.575,344.5416666666667,42.55833333333333,4.704166666666667,14.875,,,,57.958333333333336,31.75
2017-12-03,49.1875,36.2625,373.9166666666667,47.85,6.3,12.333333333333334,,,,92.0,64.875
2017-12-04,36.733333333333334,25.608333333333334,402.3333333333333,41.020833333333336,5.241666666666666,20.0,,,,91.79166666666667,65.29166666666667
2017-12-05,19.720833333333335,14.8125,325.5,22.766666666666666,3.7083333333333335,31.583333333333332,,,,65.33333333333333,40.625
2017-12-06,19.179166666666667,14.3125,342.0833333333333,25.570833333333336,3.6791666666666667,28.125,,,,53.25,27.0
2017-12-07,30.46666666666667,25.09166666666667,443.125,38.75833333333333,6.145833333333333,21.083333333333332,,,,66.70833333333333,42.583333333333336
2017-12-08,29.6875,22.333333333333332,366.0416666666667,32.61666666666667,7.116666666666666,29.833333333333332,,,,77.625,58.041666666666664
2017-12-09,28.9875,19.933333333333334,292.3333333333333,25.791666666666668,5.9375,38.166666666666664,,,,70.45833333333333,46.25
2017-12-10,18.820833333333333,12.766666666666666,315.7916666666667,17.566666666666666,2.9875000000000003,55.916666666666664,,,,55.958333333333336,29.541666666666668
2017-12-11,24.254166666666666,17.329166666666666,356.5416666666667,32.17916666666667,5.008333333333334,33.166666666666664,,,,59.5,32.958333333333336
2017-12-12,23.804166666666664,15.475,316.4583333333333,31.295833333333334,6.645833333333333,37.583333333333336,,,,56.541666666666664,30.208333333333332
2017-12-13,31.087500000000002,23.020833333333332,425.6666666666667,45.39166666666667,7.666666666666667,24.666666666666668,,,,64.91666666666667,39.0
2017-12-14,32.300000000000004,22.5625,379.8333333333333,36.045833333333334,7.1125,27.333333333333332,,,,75.75,56.75
2017-12-15,31.587500000000002,21.0625,351.0833333333333,28.5125,6.520833333333333,31.625,,,,70.20833333333333,45.75
2017-12-16,29.558333333333334,16.787499999999998,295.0416666666667,21.71666666666667,6.045833333333333,43.5,,,,64.70833333333333,38.041666666666664
2017-12-17,23.5125,16.795833333333334,322.4166666666667,29.15416666666667,5.970833333333334,30.25,,,,60.5,34.041666666666664
2017-12-18,14.445833333333333,10.700000000000001,315.4583333333333,21.041666666666668,5.908333333333334,20.791666666666668,,,,53.291666666666664,27.333333333333332
2017-12-19,12.366666666666667,9.233333333333333,265.5416666666667,24.054166666666664,5.733333333333333,30.375,,,,41.291666666666664,19.875
2017-12-20,15.4125,11.033333333333333,242.20833333333334,25.645833333333332,4.920833333333333,32.625,,,,40.666666666666664,19.458333333333332
2017-12-21,19.45,13.2875,278.25,31.254166666666666,4.5625,30.083333333333332,,,,50.291666666666664,24.416666666666668
2017-12-22,22.354166666666668,16.925,295.125,20.3125,5.358333333333333,33.375,,,,57.333333333333336,30.833333333333332
2017-12-23,17.662499999999998,11.641666666666666,247.625,17.7375,4.7375,38.166666666666664,,,,54.041666666666664,27.916666666666668
2017-12-24,20.287499999999998,15.491666666666667,375.2083333333333,27.566666666666666,6.954166666666667,34.625,,,,51.458333333333336,25.458333333333332
2017-12-25,30.86666666666667,24.125,447.0,32.37083333333333,8.391666666666667,25.333333333333332,,,,68.375,44.041666666666664
2017-12-26,39.00833333333333,34.15,447.9583333333333,46.800000000000004,9.7125,18.75,,,,87.45833333333333,63.416666666666664
2017-12-27,30.291666666666668,23.495833333333334,369.75,36.05416666666667,9.2875,28.125,,,,87.04166666666667,63.25
2017-12-28,35.170833333333334,26.15833333333333,417.4583333333333,44.55833333333334,8.341666666666667,21.958333333333332,,,,74.625,54.0
2017-12-29,26.337500000000002,17.970833333333335,361.625,38.15,6.854166666666667,33.375,,,,73.375,51.083333333333336
2017-12-30,31.45,24.583333333333332,391.625,47.729166666666664,6.504166666666666,14.041666666666666,,,,68.54166666666667,45.208333333333336
2017-12-31,18.254166666666666,16.341666666666665,389.75,26.583333333333332,6.004166666666666,24.541666666666668,,,,64.83333333333333,40.875
2018-01-01,20.8625,14.758333333333333,267.4166666666667,29.429166666666664,10.829166666666666,20.916666666666668,,0.0,,60.5,34.0
2018-01-02,50.65833333333333,30.704166666666666,300.6666666666667,48.9375,14.829166666666666,12.208333333333334,,0.08333333333333333,,74.80952380952381,50.523809523809526
2018-01-03,48.574999999999996,30.708333333333332,389.3333333333333,51.604166666666664,22.420833333333334,6.333333333333333,,0.08333333333333333,,88.66666666666667,64.20833333333333
2018-01-04,31.641666666666666,23.15833333333333,380.2916666666667,37.49583333333333,26.945833333333336,10.125,,0.0,,81.66666666666667,60.416666666666664
2018-01-05,28.858333333333334,19.370833333333334,393.3333333333333,32.80833333333333,18.454166666666666,19.708333333333332,,0.0,,66.58333333333333,41.5
2018-01-06,61.94166666666667,39.262499999999996,457.5,50.4625,24.72083333333333,6.916666666666667,,0.0,,88.70833333333333,61.291666666666664
2018-01-07,70.55833333333334,54.49166666666667,312.375,54.737500000000004,14.816666666666668,7.416666666666667,,0.0,,141.16666666666666,81.625
2018-01-08,68.30416666666666,46.42083333333333,344.0,52.92083333333333,19.270833333333332,8.25,,0.0,,128.75,77.66666666666667
2018-01-09,104.47083333333335,63.229166666666664,434.9583333333333,49.77916666666667,19.216666666666665,6.916666666666667,,0.0,,147.91666666666666,87.54166666666667
2018-01-10,47.9125,32.358333333333334,371.2083333333333,33.80833333333333,21.079166666666666,16.0,,0.041666666666666664,,106.0,70.33333333333333
2018-01-11,73.70416666666667,51.52916666666667,470.4166666666667,47.0375,25.425,2.2916666666666665,,1.125,,127.83333333333333,77.29166666666667
2018-01-12,45.25833333333333,36.28333333333333,389.2083333333333,37.737500000000004,18.820833333333333,5.5,,0.5833333333333334,,122.16666666666667,75.5
2018-01-13,14.108333333333334,8.075000000000001,208.08333333333334,20.287499999999998,5.291666666666667,35.625,,0.0,,70.41666666666667,46.375
2018-01-14,12.049999999999999,6.041666666666667,201.25,15.120833333333332,4.345833333333333,39.333333333333336,,0.0,,27.791666666666668,15.833333333333334
2018-01-15,20.454166666666666,12.441666666666668,280.3333333333333,27.325,10.141666666666667,23.166666666666668,,0.0,,33.916666666666664,16.833333333333332
2018-01-16,35.1,24.162499999999998,322.0,41.612500000000004,13.533333333333333,11.166666666666666,,0.0,,68.875,46.416666666666664
2018-01-17,20.05,13.191666666666668,209.41666666666666,28.358333333333334,10.9125,27.75,,0.4166666666666667,,61.333333333333336,36.125
2018-01-18,17.329166666666666,10.279166666666667,236.83333333333334,23.929166666666664,9.483333333333333,34.375,,0.0,,48.291666666666664,23.375
2018-01-19,30.645833333333332,18.141666666666666,261.5416666666667,34.041666666666664,12.145833333333334,25.083333333333332,,0.0,,54.125,28.625
2018-01-20,31.320833333333336,14.799999999999999,244.625,36.55416666666667,11.579166666666666,27.75,,0.0,,58.458333333333336,32.375
2018-01-21,25.40833333333333,18.6875,316.4166666666667,37.03333333333333,11.891666666666666,20.333333333333332,,0.08333333333333333,,55.333333333333336,29.416666666666668
2018-01-22,40.074999999999996,31.46666666666667,385.125,40.67916666666667,12.049999999999999,14.083333333333334,,0.041666666666666664,,97.04166666666667,65.08333333333333
2018-01-23,18.6875,9.887500000000001,225.20833333333334,20.875,5.966666666666666,40.875,,0.0,,50.541666666666664,29.416666666666668
2018-01-24,18.4875,11.575000000000001,236.20833333333334,19.6125,5.158333333333333,43.625,,0.0,,47.541666666666664,22.666666666666668
2018-01-25,15.895833333333334,7.004166666666666,216.58333333333334,18.05,5.391666666666667,50.25,,0.0,,38.083333333333336,20.416666666666668
2018-01-26,16.625,8.383333333333333,228.25,23.104166666666668,6.508333333333333,42.333333333333336,,0.0,,30.625,18.166666666666668
2018-01-27,24.84166666666667,15.995833333333332,289.5416666666667,33.829166666666666,9.191666666666666,23.375,,0.0,,50.25,25.583333333333332
2018-01-28,28.766666666666666,19.433333333333334,335.9166666666667,39.108333333333334,12.041666666666666,15.333333333333334,,0.7916666666666666,,60.583333333333336,33.875
2018-01-29,47.1625,34.050000000000004,408.0,51.24166666666667,22.570833333333336,9.041666666666666,,1.125,,80.58333333333333,56.583333333333336
2018-01-30,56.791666666666664,43.75416666666666,320.875,48.1,18.525000000000002,17.625,,0.08333333333333333,,111.0,72.04166666666667
2018-01-31,65.25,43.925000000000004,444.7916666666667,58.0,28.412499999999998,7.333333333333333,,0.041666666666666664,,118.875,74.41666666666667
2018-02-01,72.01666666666667,47.050000000000004,325.9583333333333,53.5625,21.558333333333334,13.791666666666666,,0.0,,126.0,76.66666666666667
2018-02-02,34.5375,23.045833333333334,205.5,27.6375,12.666666666666666,41.833333333333336,,0.041666666666666664,,105.0,69.54166666666667
2018-02-03,27.183333333333334,16.816666666666666,206.79166666666666,22.816666666666666,8.85,41.291666666666664,,3.75,,63.708333333333336,37.5
2018-02-04,23.745833333333334,14.329166666666666,173.875,18.25,7.1000000000000005,48.791666666666664,,3.0,,57.666666666666664,31.125
2018-02-05,18.516666666666666,13.195833333333333,270.0416666666667,30.03333333333333,9.729166666666666,25.791666666666668,,0.16666666666666666,,52.416666666666664,26.333333333333332
2018-02-06,24.120833333333334,14.566666666666668,262.2083333333333,28.995833333333334,7.120833333333334,22.25,,0.0,,54.625,28.041666666666668
2018-02-07,50.32916666666667,31.083333333333332,419.9583333333333,44.43333333333334,22.054166666666664,11.291666666666666,,4.958333333333333,,61.875,36.625
2018-02-08,67.31666666666666,42.175000000000004,313.4166666666667,52.729166666666664,13.291666666666666,7.416666666666667,,18.625,,119.45833333333333,74.54166666666667
2018-02-09,70.34583333333333,40.0125,326.75,53.800000000000004,17.325,10.583333333333334,,11.541666666666666,,108.25,71.04166666666667
2018-02-10,49.645833333333336,34.891666666666666,233.41666666666666,37.78333333333333,11.858333333333334,20.75,,5.833333333333333,,118.16666666666667,74.20833333333333
2018-02-11,17.858333333333334,14.075000000000001,251.875,25.691666666666666,8.933333333333334,32.625,,2.0,,69.20833333333333,43.416666666666664
2018-02-12,18.283333333333335,12.883333333333333,301.5,27.65416666666667,12.637500000000001,21.291666666666668,,0.75,,47.416666666666664,23.125
2018-02-13,31.858333333333334,22.083333333333332,363.9583333333333,38.725,24.412499999999998,20.0,,1.0,,62.25,35.791666666666664
2018-02-14,42.55416666666667,28.59166666666667,345.0,45.916666666666664,10.4375,16.666666666666668,,0.375,,87.75,63.083333333333336
2018-02-15,26.416666666666668,17.316666666666666,313.7083333333333,35.86666666666667,11.658333333333333,23.833333333333332,,0.0,,65.33333333333333,39.916666666666664
2018-02-16,19.400000000000002,13.7125,238.83333333333334,22.8,5.854166666666667,32.916666666666664,,0.0,,58.416666666666664,32.0
2018-02-17,21.083333333333332,14.225,238.91666666666666,27.224999999999998,6.1000000000000005,33.041666666666664,,0.0,,51.375,25.25
2018-02-18,29.616666666666664,21.075,269.9166666666667,32.074999999999996,12.025,29.958333333333332,,0.0,,65.04166666666667,39.25
2018-02-19,21.008333333333333,11.916666666666666,236.125,24.883333333333336,7.095833333333334,39.666666666666664,,0.0,,58.75,32.458333333333336
2018-02-20,23.53333333333333,13.641666666666666,217.41666666666666,21.029166666666665,8.4375,42.583333333333336,,0.0,,51.083333333333336,25.0
2018-02-21,31.320833333333336,18.833333333333332,231.95833333333334,24.0125,9.108333333333333,39.166666666666664,,0.0,,57.708333333333336,31.291666666666668
2018-02-22,36.791666666666664,23.008333333333336,325.375,33.84583333333334,15.35,32.375,,0.20833333333333334,,66.41666666666667,39.875
2018-02-23,26.270833333333332,18.2,257.4583333333333,27.400000000000002,7.908333333333334,29.75,,0.08333333333333333,,77.79166666666667,57.25
2018-02-24,18.191666666666666,11.016666666666666,224.83333333333334,21.7,6.758333333333333,37.041666666666664,,0.0,,47.083333333333336,23.416666666666668
2018-02-25,12.466666666666667,8.566666666666666,233.83333333333334,17.2,8.541666666666666,46.5,,0.0,,43.458333333333336,20.916666666666668
2018-02-26,20.375,13.112499999999999,223.875,19.866666666666667,6.579166666666667,45.916666666666664,,0.0,,41.916666666666664,21.416666666666668
2018-02-27,23.233333333333334,15.299999999999999,271.0,31.191666666666666,9.825000000000001,33.416666666666664,,0.041666666666666664,,55.0,28.708333333333332
2018-02-28,23.15416666666667,18.133333333333333,277.8333333333333,35.87916666666667,8.825000000000001,29.541666666666668,,0.0,,61.708333333333336,34.958333333333336
2018-03-01,29.45,21.920833333333334,299.7083333333333,31.479166666666668,16.7375,49.5,,0.0,,62.125,35.583333333333336
2018-03-02,57.791666666666664,42.53333333333333,312.7083333333333,61.583333333333336,14.633333333333333,13.25,,0.7083333333333334,,102.75,68.25
2018-03-03,34.77916666666667,19.900000000000002,173.75,33.125,6.2625,39.208333333333336,,8.458333333333334,,87.375,60.125
2018-03-04,33.05833333333333,22.875,238.375,32.737500000000004,6.895833333333333,42.416666666666664,,5.166666666666667,,73.5,52.291666666666664
2018-03-05,23.90416666666667,16.495833333333334,238.79166666666666,26.208333333333332,6.570833333333333,49.708333333333336,,0.25,,60.958333333333336,34.875
2018-03-06,32.329166666666666,23.054166666666664,218.58333333333334,35.699999999999996,11.545833333333334,26.041666666666668,,8.083333333333334,,66.83333333333333,41.75
2018-03-07,65.03333333333333,26.945833333333336,198.16666666666666,31.925,9.725,42.166666666666664,,10.291666666666666,,73.0,52.666666666666664
2018-03-08,68.94166666666666,40.19166666666667,286.125,56.737500000000004,24.170833333333334,16.958333333333332,,11.875,,108.45833333333333,74.45833333333333
2018-03-09,30.041666666666668,21.3125,344.2916666666667,40.766666666666666,21.620833333333334,40.208333333333336,,0.125,,82.25,55.916666666666664
2018-03-10,49.98333333333333,38.47083333333333,516.5,64.8125,24.599999999999998,9.625,,0.041666666666666664,,88.375,62.291666666666664
2018-03-11,40.50833333333333,30.09583333333333,401.2916666666667,62.237500000000004,19.2625,19.166666666666668,,0.08333333333333333,,100.95833333333333,68.45833333333333
2018-03-12,73.52499999999999,60.55416666666667,413.0833333333333,82.72916666666667,18.908333333333335,17.0,,0.041666666666666664,,127.95833333333333,78.0
2018-03-13,55.48333333333334,38.46666666666667,257.1666666666667,56.1,10.495833333333334,24.125,,2.7083333333333335,,137.0,80.875
2018-03-14,27.016666666666666,15.891666666666666,241.95833333333334,32.99583333333333,10.120833333333334,37.833333333333336,,0.16666666666666666,,74.0,47.375
2018-03-15,25.349999999999998,14.5625,300.0416666666667,40.9625,13.345833333333333,31.583333333333332,,0.0,,56.333333333333336,30.083333333333332
2018-03-16,31.358333333333334,21.90416666666667,265.5833333333333,43.80416666666667,10.195833333333333,25.583333333333332,,0.0,,64.75,39.166666666666664
2018-03-17,29.3625,18.170833333333334,215.41666666666666,30.583333333333332,7.7375,42.625,,4.0,,65.0,39.25
2018-03-18,72.02499999999999,35.0875,228.33333333333334,32.07083333333333,11.329166666666666,33.541666666666664,,12.375,,79.16666666666667,54.416666666666664
2018-03-19,24.395833333333332,13.654166666666667,216.0,26.974999999999998,9.575000000000001,31.333333333333332,,4.458333333333333,,81.58333333333333,55.708333333333336
2018-03-20,26.72083333333333,18.0125,261.2916666666667,35.81666666666667,11.2875,35.291666666666664,,4.416666666666667,,54.625,28.583333333333332
2018-03-21,36.62083333333333,26.09166666666667,309.7916666666667,50.50416666666666,10.799999999999999,29.791666666666668,,0.625,,72.54166666666667,50.125
2018-03-22,20.7625,12.299999999999999,216.83333333333334,23.729166666666668,5.625,57.333333333333336,,1.2916666666666667,,67.83333333333333,44.625
2018-03-23,32.05416666666667,17.083333333333332,260.0,27.608333333333334,11.141666666666667,44.833333333333336,,8.666666666666666,,46.041666666666664,24.583333333333332
2018-03-24,18.0625,9.358333333333333,236.875,26.270833333333332,7.670833333333333,45.75,,1.2916666666666667,,57.458333333333336,31.5
2018-03-25,15.966666666666667,11.975,239.79166666666666,25.620833333333334,9.866666666666667,43.416666666666664,,0.7916666666666666,,41.208333333333336,20.625
2018-03-26,87.35833333333333,36.395833333333336,266.9583333333333,54.17916666666667,13.620833333333332,13.75,,27.166666666666668,,67.70833333333333,42.833333333333336
2018-03-27,79.18333333333334,43.512499999999996,240.75,45.475,19.029166666666665,33.833333333333336,,29.875,,118.25,80.20833333333333
2018-03-28,25.78333333333333,17.266666666666666,270.125,35.44583333333333,11.049999999999999,32.333333333333336,,4.5,,95.91666666666667,64.54166666666667
2018-03-29,27.320833333333336,19.912499999999998,271.25,25.366666666666664,8.387500000000001,50.875,,0.7916666666666666,,55.125,28.75
2018-03-30,62.62083333333334,42.791666666666664,385.8333333333333,54.083333333333336,18.379166666666666,22.458333333333332,,0.875,,101.04166666666667,66.5
2018-03-31,69.44166666666666,49.5,298.7083333333333,75.03750000000001,14.641666666666666,12.125,,0.7083333333333334,,125.625,76.625
2018-04-01,49.69583333333333,31.7,259.0833333333333,46.4625,11.029166666666667,35.333333333333336,,4.791666666666667,,114.79166666666667,73.08333333333333
2018-04-02,19.5125,13.375,210.75,28.120833333333334,12.683333333333332,50.708333333333336,,0.7916666666666666,,69.29166666666667,44.5
2018-04-03,39.375,26.708333333333332,359.9166666666667,53.31666666666666,14.641666666666666,25.458333333333332,,0.0,,67.16666666666667,44.0
2018-04-04,57.78333333333333,39.25833333333333,404.1666666666667,73.51666666666667,42.30416666666667,14.791666666666666,,0.0,,92.95833333333333,65.625
2018-04-05,82.64583333333333,55.23333333333333,456.125,96.29583333333333,37.88333333333333,15.375,,0.0,,128.0,77.29166666666667
2018-04-06,87.20833333333333,50.916666666666664,361.875,71.95416666666667,21.541666666666668,24.875,,0.7916666666666666,,151.54166666666666,87.20833333333333
2018-04-07,27.933333333333334,14.583333333333334,180.95833333333334,23.641666666666666,5.658333333333334,64.0,,0.041666666666666664,,85.45833333333333,53.458333333333336
2018-04-08,32.0625,19.508333333333333,193.41666666666666,22.6875,4.966666666666667,54.833333333333336,,0.0,,59.916666666666664,33.25
2018-04-09,41.449999999999996,25.21666666666667,256.875,33.858333333333334,16.691666666666666,40.958333333333336,,0.875,,70.79166666666667,47.125
2018-04-10,58.137499999999996,39.25833333333333,410.375,61.395833333333336,27.941666666666666,17.833333333333332,,1.3333333333333333,,87.16666666666667,63.541666666666664
2018-04-11,81.7625,55.887499999999996,517.875,81.87916666666666,33.958333333333336,7.666666666666667,,2.25,,132.29166666666666,78.70833333333333
2018-04-12,99.28333333333335,67.20416666666667,467.9583333333333,67.38333333333334,37.82083333333333,19.166666666666668,,7.625,,155.58333333333334,92.91666666666667
2018-04-13,33.15833333333333,21.425,265.625,42.449999999999996,12.066666666666668,34.5,,3.4166666666666665,,115.33333333333333,72.83333333333333
2018-04-14,23.183333333333334,14.941666666666668,220.54166666666666,31.245833333333334,6.741666666666667,52.791666666666664,,2.4583333333333335,,63.75,37.416666666666664
2018-04-15,24.166666666666668,16.5,191.58333333333334,19.904166666666665,5.941666666666666,68.75,,2.0,,55.125,29.666666666666668
2018-04-16,25.849999999999998,16.558333333333334,198.625,25.383333333333336,11.166666666666666,60.375,,0.0,,60.083333333333336,33.625
2018-04-17,31.641666666666666,17.341666666666665,210.5,28.650000000000002,11.549999999999999,48.375,,2.5416666666666665,,60.708333333333336,33.916666666666664
2018-04-18,29.7375,16.033333333333335,199.5,22.7,8.816666666666666,59.291666666666664,,2.5833333333333335,,60.5,33.791666666666664
2018-04-19,30.308333333333334,20.1125,248.375,34.641666666666666,9.9625,46.625,,1.3333333333333333,,60.625,34.0
2018-04-20,39.67916666666667,27.504166666666666,255.25,43.00833333333333,11.225,31.166666666666668,,0.5833333333333334,,82.875,59.666666666666664
2018-04-21,35.31666666666667,21.258333333333333,290.7083333333333,38.38333333333333,10.487499999999999,34.666666666666664,,1.1666666666666667,,69.79166666666667,45.375
2018-04-22,51.729166666666664,31.037499999999998,328.75,58.88333333333333,15.579166666666666,24.75,,1.0,,82.375,59.583333333333336
2018-04-23,61.387499999999996,37.391666666666666,343.0833333333333,73.33749999999999,16.991666666666667,22.625,,1.5416666666666667,,96.66666666666667,67.125
2018-04-24,62.074999999999996,41.608333333333334,421.0833333333333,72.3625,30.270833333333332,23.0,,0.9166666666666666,,107.29166666666667,70.70833333333333
2018-04-25,72.67916666666666,46.02916666666667,401.9583333333333,82.625,30.337500000000002,23.541666666666668,,1.3333333333333333,,126.625,77.0
2018-04-26,60.25,35.42916666666667,383.5416666666667,63.48333333333333,16.4375,35.666666666666664,,1.25,,106.83333333333333,70.58333333333333
2018-04-27,49.475,30.4375,302.8333333333333,54.19583333333333,13.891666666666666,44.333333333333336,,1.4583333333333333,,97.45833333333333,67.375
2018-04-28,30.241666666666664,18.712500000000002,190.91666666666666,24.4375,6.4750000000000005,60.25,,1.0,,77.16666666666667,54.791666666666664
2018-04-29,24.816666666666666,15.333333333333334,188.58333333333334,18.070833333333333,6.195833333333333,59.791666666666664,,0.5833333333333334,,60.25,33.708333333333336
2018-04-30,29.02916666666667,17.683333333333334,176.125,23.770833333333332,8.720833333333333,58.541666666666664,,0.625,,58.208333333333336,31.958333333333332
2018-05-01,31.9375,20.770833333333332,206.04166666666666,22.920833333333334,10.529166666666667,58.458333333333336,,0.8333333333333334,,66.375,39.958333333333336
2018-05-02,33.225,22.4375,189.45833333333334,26.025000000000002,13.908333333333333,52.25,,1.125,,69.20833333333333,44.166666666666664
2018-05-03,37.291666666666664,26.0625,201.70833333333334,29.15833333333333,10.612499999999999,47.333333333333336,,1.5833333333333333,,74.79166666666667,54.625
2018-05-04,30.3875,20.291666666666668,173.75,23.441666666666666,7.095833333333334,57.0,,1.8333333333333333,,77.5,56.958333333333336
2018-05-05,24.604166666666668,16.724999999999998,166.79166666666666,21.695833333333336,4.7749999999999995,55.333333333333336,,3.5,,63.333333333333336,36.625
2018-05-06,26.541666666666668,20.204166666666666,241.79166666666666,34.82083333333333,10.583333333333334,34.916666666666664,,2.9166666666666665,,59.625,33.166666666666664
2018-05-07,32.104166666666664,24.837500000000002,269.7083333333333,43.583333333333336,13.575000000000001,15.958333333333334,,2.875,,77.66666666666667,57.291666666666664
2018-05-08,36.545833333333334,22.445833333333336,203.625,31.1875,9.091666666666667,33.333333333333336,,6.208333333333333,,73.29166666666667,51.916666666666664
2018-05-09,33.61666666666667,21.287499999999998,217.25,38.770833333333336,12.054166666666667,25.166666666666668,,6.083333333333333,,70.33333333333333,46.375
2018-05-10,40.104166666666664,27.458333333333332,273.3333333333333,47.074999999999996,16.095833333333335,17.708333333333332,,2.75,,78.625,58.125
2018-05-11,32.55416666666667,19.133333333333333,192.16666666666666,23.458333333333332,8.729166666666666,37.166666666666664,,8.416666666666666,,72.33333333333333,49.25
2018-05-12,18.616666666666667,11.924999999999999,160.95833333333334,17.116666666666667,4.029166666666667,52.958333333333336,,1.3333333333333333,,57.208333333333336,30.875
2018-05-13,38.270833333333336,23.941666666666666,256.125,44.51666666666667,10.395833333333334,28.958333333333332,,0.0,,62.75,38.708333333333336
2018-05-14,43.112500000000004,28.275000000000002,270.3333333333333,57.14166666666667,17.958333333333332,24.625,,0.0,,80.16666666666667,60.416666666666664
2018-05-15,59.550000000000004,36.6,297.8333333333333,68.7375,18.579166666666666,21.083333333333332,,1.125,,94.5,66.29166666666667
2018-05-16,52.20416666666667,31.587500000000002,216.16666666666666,57.487500000000004,11.933333333333332,25.791666666666668,,7.541666666666667,,97.29166666666667,67.29166666666667
2018-05-17,52.22083333333333,29.3125,230.0,69.81666666666666,14.208333333333334,19.583333333333332,,12.833333333333334,,88.45833333333333,64.20833333333333
2018-05-18,49.23333333333333,27.587500000000002,260.9166666666667,65.05833333333334,16.195833333333333,17.583333333333332,,15.791666666666666,,85.58333333333333,62.916666666666664
2018-05-19,58.67083333333333,30.441666666666666,258.0833333333333,48.27916666666667,15.995833333333332,26.166666666666668,,21.75,,88.16666666666667,63.916666666666664
2018-05-20,24.2,15.716666666666667,148.70833333333334,19.416666666666668,4.854166666666667,59.708333333333336,,8.916666666666666,,72.875,48.708333333333336
2018-05-21,21.883333333333336,13.4,156.91666666666666,22.079166666666666,4.2124999999999995,53.5,,4.083333333333333,,53.958333333333336,28.208333333333332
2018-05-22,23.829166666666666,14.270833333333334,167.5,21.5625,4.229166666666667,56.458333333333336,,1.9583333333333333,,52.708333333333336,26.625
2018-05-23,25.575,15.095833333333333,194.08333333333334,26.05,6.633333333333333,46.208333333333336,,4.291666666666667,,56.541666666666664,30.125
2018-05-24,25.150000000000002,16.474999999999998,158.95833333333334,23.295833333333334,6.395833333333333,51.208333333333336,,3.5,,57.833333333333336,31.416666666666668
2018-05-25,23.566666666666666,17.554166666666667,167.625,22.662499999999998,5.825,48.958333333333336,,1.5833333333333333,,60.916666666666664,34.291666666666664
2018-05-26,27.304166666666664,19.195833333333333,178.16666666666666,20.287499999999998,6.158333333333334,56.916666666666664,,2.7916666666666665,,64.95833333333333,38.041666666666664
2018-05-27,29.583333333333332,18.233333333333334,162.58333333333334,12.887500000000001,3.8708333333333336,52.25,,1.9583333333333333,,63.291666666666664,36.416666666666664
2018-05-28,38.449999999999996,15.754166666666668,205.29166666666666,17.191666666666666,4.8625,44.041666666666664,,1.9166666666666667,,59.916666666666664,35.916666666666664
2018-05-29,31.945833333333336,16.029166666666665,199.58333333333334,20.5125,5.579166666666667,50.166666666666664,,2.1666666666666665,,58.333333333333336,36.083333333333336
2018-05-30,32.13333333333333,15.125,196.375,19.8125,5.508333333333333,53.291666666666664,,0.7083333333333334,,58.541666666666664,32.5
2018-05-31,28.02916666666667,13.016666666666666,209.83333333333334,24.941666666666666,6.141666666666667,49.958333333333336,,0.5,,52.458333333333336,29.708333333333332
2018-06-01,30.395833333333332,17.537499999999998,242.20833333333334,35.2875,10.775,40.416666666666664,,0.0,,59.666666666666664,33.125
2018-06-02,27.004166666666666,14.004166666666668,172.125,20.833333333333332,4.670833333333333,66.125,,0.0,,58.916666666666664,33.333333333333336
2018-06-03,20.104166666666668,10.637500000000001,203.33333333333334,23.004166666666666,5.9750000000000005,60.208333333333336,,0.0,,47.375,27.708333333333332
2018-06-04,37.75,23.4375,229.79166666666666,55.0375,21.59166666666667,35.125,,0.375,,58.791666666666664,33.833333333333336
2018-06-05,51.666666666666664,36.80416666666667,323.8333333333333,73.9875,28.770833333333332,38.541666666666664,,0.125,,91.95833333333333,65.04166666666667
2018-06-06,46.99166666666667,33.108333333333334,286.625,64.22916666666667,21.870833333333334,38.333333333333336,,0.0,,95.20833333333333,66.58333333333333
2018-06-07,49.00833333333333,33.8125,240.5,39.262499999999996,14.483333333333334,45.875,,0.75,,99.33333333333333,68.16666666666667
2018-06-08,32.49166666666667,22.65416666666667,156.70833333333334,23.84583333333333,7.3125,55.708333333333336,,0.041666666666666664,,83.95833333333333,61.125
2018-06-09,36.09166666666667,24.425,191.625,30.575,10.516666666666667,41.333333333333336,,0.625,,71.58333333333333,48.416666666666664
2018-06-10,30.55,18.783333333333335,149.70833333333334,17.654166666666665,4.675,65.08333333333333,,0.5,,72.83333333333333,51.208333333333336
2018-06-11,28.020833333333332,16.654166666666665,146.29166666666666,15.583333333333334,3.454166666666667,71.79166666666667,,0.08333333333333333,,60.666666666666664,34.0
2018-06-12,25.858333333333334,15.266666666666666,156.79166666666666,19.175,4.691666666666666,62.291666666666664,,0.0,,59.666666666666664,33.041666666666664
2018-06-13,25.233333333333334,14.908333333333333,166.66666666666666,23.400000000000002,6.9875,48.75,,0.0,,56.541666666666664,30.25
2018-06-14,21.337500000000002,12.8125,164.29166666666666,20.720833333333335,8.891666666666667,55.541666666666664,,0.0,,52.958333333333336,27.833333333333332
2018-06-15,23.479166666666668,17.345833333333335,210.625,23.458333333333332,11.633333333333333,42.541666666666664,,0.9166666666666666,,56.541666666666664,30.166666666666668
2018-06-16,27.1125,19.116666666666667,206.33333333333334,23.166666666666668,19.070833333333333,42.083333333333336,,3.0833333333333335,,64.54166666666667,37.666666666666664
2018-06-17,27.704166666666666,18.45,193.16666666666666,29.75,9.5375,40.083333333333336,,1.4583333333333333,,64.29166666666667,37.458333333333336
2018-06-18,30.066666666666666,20.608333333333334,187.41666666666666,25.179166666666664,8.65,41.166666666666664,,0.7083333333333334,,68.08333333333333,42.958333333333336
2018-06-19,26.745833333333334,15.270833333333334,180.875,17.483333333333334,6.3625,51.416666666666664,,4.041666666666667,,61.583333333333336,35.125
2018-06-20,23.983333333333334,14.183333333333332,172.16666666666666,17.758333333333333,4.391666666666667,55.791666666666664,,3.125,,53.916666666666664,28.25
2018-06-21,26.420833333333334,14.983333333333334,199.79166666666666,25.554166666666664,7.9750000000000005,41.875,,1.0416666666666667,,54.958333333333336,28.5
2018-06-22,38.09166666666667,26.7,225.54166666666666,35.612500000000004,16.279166666666665,33.291666666666664,,0.4166666666666667,,70.83333333333333,48.333333333333336
2018-06-23,27.075,20.2,147.91666666666666,18.116666666666667,5.916666666666667,55.125,,0.375,,76.95833333333333,56.041666666666664
2018-06-24,13.920833333333334,7.6375,120.33333333333333,10.975,3.454166666666667,52.5,,0.0,,48.125,27.625
2018-06-25,12.4125,6.8125,125.75,12.495833333333332,3.2416666666666667,60.458333333333336,,0.0,,29.25,24.166666666666668
2018-06-26,19.474999999999998,12.058333333333332,138.04166666666666,13.183333333333332,4.25,59.5,,0.0,,37.958333333333336,24.041666666666668
2018-06-27,30.633333333333336,21.037499999999998,205.54166666666666,23.758333333333336,12.700000000000001,41.791666666666664,,0.25,,61.541666666666664,35.5
2018-06-28,22.45,15.933333333333332,184.25,23.370833333333334,9.141666666666667,39.958333333333336,,0.20833333333333334,,62.791666666666664,36.25
2018-06-29,19.474999999999998,13.191666666666668,169.91666666666666,22.0,6.0625,47.5,,0.0,,56.458333333333336,30.166666666666668
2018-06-30,18.829166666666666,12.520833333333334,166.5,15.862499999999999,5.416666666666667,57.916666666666664,,0.0,,51.875,27.958333333333332
2018-07-01,21.683333333333334,12.9,181.20833333333334,16.358333333333334,6.770833333333333,54.041666666666664,,0.041666666666666664,,51.541666666666664,26.25
2018-07-02,29.150000000000002,16.974999999999998,153.83333333333334,23.258333333333336,6.6125,44.291666666666664,,0.3333333333333333,,55.083333333333336,28.833333333333332
2018-07-03,32.40416666666667,20.629166666666666,179.66666666666666,30.316666666666666,11.154166666666667,50.708333333333336,,0.0,,63.208333333333336,36.75
2018-07-04,34.291666666666664,20.3875,167.625,27.3,7.691666666666666,54.166666666666664,,0.5416666666666666,,68.83333333333333,43.625
2018-07-05,30.616666666666664,18.741666666666667,165.45833333333334,23.65416666666667,8.066666666666666,54.666666666666664,,0.0,,67.33333333333333,41.083333333333336
2018-07-06,29.141666666666666,16.904166666666665,186.08333333333334,23.087500000000002,8.0625,55.875,,0.0,,61.958333333333336,35.125
2018-07-07,25.608333333333334,15.570833333333333,155.66666666666666,17.633333333333333,5.258333333333334,50.708333333333336,,0.0,,59.958333333333336,33.375
2018-07-08,22.72083333333333,14.9125,150.375,12.870833333333332,5.220833333333333,58.791666666666664,,0.0,,57.0,30.916666666666668
2018-07-09,25.995833333333334,16.583333333333332,148.83333333333334,18.141666666666666,7.425,48.25,,0.0,,57.0,30.666666666666668
2018-07-10,28.816666666666666,17.304166666666667,162.33333333333334,19.341666666666665,7.4875,50.0,,0.0,,60.5,33.75
2018-07-11,25.570833333333336,15.304166666666667,150.08333333333334,19.379166666666666,5.7875000000000005,47.208333333333336,,0.0,,59.916666666666664,33.291666666666664
2018-07-12,21.633333333333336,13.354166666666666,144.66666666666666,18.908333333333335,5.3999999999999995,57.333333333333336,,0.0,,54.333333333333336,28.666666666666668
2018-07-13,28.670833333333334,18.495833333333334,165.625,23.849999999999998,6.170833333333333,54.208333333333336,,0.0,,58.708333333333336,32.125
2018-07-14,24.795833333333334,16.629166666666666,152.5,16.645833333333332,6.020833333333333,55.833333333333336,,0.0,,63.625,36.958333333333336
2018-07-15,27.2625,16.337500000000002,166.0,20.316666666666666,7.966666666666666,53.5,,0.041666666666666664,,58.75,32.208333333333336
2018-07-16,35.27916666666667,20.470833333333335,216.29166666666666,34.104166666666664,11.695833333333333,43.625,,0.375,,61.583333333333336,34.916666666666664
2018-07-17,37.083333333333336,23.891666666666666,209.25,41.625,11.354166666666666,44.833333333333336,,0.4166666666666667,,71.45833333333333,48.458333333333336
2018-07-18,39.00833333333333,22.925,200.95833333333334,31.995833333333334,13.795833333333334,44.25,,2.3333333333333335,,76.25,56.5
2018-07-19,31.991666666666664,21.29583333333333,184.0,28.5625,10.429166666666667,52.0,,0.375,,71.375,48.375
2018-07-20,30.829166666666666,19.441666666666666,236.95833333333334,27.825,9.125,38.541666666666664,,0.20833333333333334,,67.75,41.666666666666664
2018-07-21,38.824999999999996,25.712500000000002,227.83333333333334,33.3125,10.554166666666667,42.333333333333336,,0.4166666666666667,,70.08333333333333,46.208333333333336
2018-07-22,42.12083333333333,28.7375,252.66666666666666,40.079166666666666,13.875,38.333333333333336,,0.4583333333333333,,85.29166666666667,62.833333333333336
2018-07-23,44.7875,31.270833333333332,240.25,45.72083333333333,16.054166666666667,44.458333333333336,,0.9583333333333334,,88.41666666666667,64.0
2018-07-24,21.90833333333333,16.125,188.04166666666666,23.3625,14.729166666666666,55.833333333333336,,0.20833333333333334,,75.45833333333333,51.166666666666664
2018-07-25,27.775000000000002,18.279166666666665,191.875,27.675,13.745833333333332,40.0,,0.0,,58.541666666666664,32.0
2018-07-26,38.42916666666667,24.829166666666666,218.0,31.166666666666668,13.5,38.75,,0.0,,74.875,54.041666666666664
2018-07-27,38.90833333333333,22.974999999999998,221.04166666666666,37.583333333333336,19.233333333333334,32.25,,0.0,,70.20833333333333,45.916666666666664
2018-07-28,31.55,22.058333333333334,250.08333333333334,34.44166666666667,20.7625,47.5,,0.0,,74.33333333333333,53.791666666666664
2018-07-29,36.87083333333333,24.441666666666666,195.41666666666666,25.22083333333333,8.141666666666667,42.791666666666664,,0.0,,75.41666666666667,55.25
2018-07-30,25.462500000000002,14.5375,181.625,19.1375,7.45,44.458333333333336,,0.0,,63.0,38.208333333333336
2018-07-31,23.645833333333332,13.920833333333334,157.5,18.1125,5.870833333333334,37.833333333333336,,1.375,,55.291666666666664,29.166666666666668
2018-08-01,32.53333333333333,17.825,186.29166666666666,20.070833333333333,6.445833333333333,38.166666666666664,,6.625,,57.958333333333336,31.416666666666668
2018-08-02,38.449999999999996,19.6875,191.29166666666666,20.075,6.095833333333334,46.375,,4.458333333333333,,66.5,39.916666666666664
2018-08-03,32.72083333333333,17.0375,181.5,19.445833333333333,5.891666666666667,57.166666666666664,,2.7083333333333335,,61.875,35.083333333333336
2018-08-04,24.7375,13.450000000000001,157.125,16.900000000000002,3.9458333333333333,58.916666666666664,,1.5,,56.166666666666664,29.916666666666668
2018-08-05,28.295833333333334,16.175,171.66666666666666,16.283333333333335,3.6333333333333333,67.54166666666667,,0.3333333333333333,,56.583333333333336,30.833333333333332
2018-08-06,29.55,17.354166666666668,175.45833333333334,19.533333333333335,5.754166666666666,53.0,,1.2916666666666667,,61.25,34.541666666666664
2018-08-07,26.162499999999998,14.983333333333334,174.58333333333334,21.224999999999998,6.345833333333334,53.541666666666664,,0.125,,57.625,31.083333333333332
2018-08-08,31.133333333333336,18.529166666666665,207.66666666666666,21.758333333333336,6.3999999999999995,57.5,,0.0,,59.875,33.333333333333336
2018-08-09,26.9875,14.258333333333333,174.33333333333334,16.941666666666666,4.45,58.75,,0.0,,60.208333333333336,33.541666666666664
2018-08-10,27.108333333333334,13.975,152.33333333333334,16.337500000000002,3.733333333333333,62.541666666666664,,0.0,,54.916666666666664,28.625
2018-08-11,24.170833333333334,10.420833333333333,136.91666666666666,15.9,3.016666666666667,65.875,,0.0,,48.125,26.666666666666668
2018-08-12,24.28333333333333,12.237499999999999,164.25,18.804166666666667,4.433333333333334,63.416666666666664,,0.0,,46.791666666666664,27.583333333333332
2018-08-13,23.537499999999998,13.825000000000001,170.5,20.095833333333335,4.829166666666667,58.791666666666664,,0.0,,52.875,27.041666666666668
2018-08-14,26.745833333333334,13.616666666666667,185.20833333333334,23.570833333333336,6.8374999999999995,56.875,,0.4166666666666667,,52.958333333333336,27.791666666666668
2018-08-15,29.170833333333334,15.262500000000001,170.08333333333334,17.779166666666665,4.4125000000000005,71.95833333333333,,1.4166666666666667,,55.041666666666664,29.833333333333332
2018-08-16,34.87916666666667,19.925,182.04166666666666,22.045833333333334,5.945833333333333,50.583333333333336,,2.2083333333333335,,64.375,37.958333333333336
2018-08-17,27.733333333333334,14.733333333333334,189.79166666666666,24.78333333333333,6.5375000000000005,46.166666666666664,,2.1666666666666665,,59.541666666666664,32.833333333333336
2018-08-18,33.800000000000004,17.745833333333334,182.04166666666666,22.004166666666666,5.795833333333333,51.666666666666664,,2.3333333333333335,,59.125,32.458333333333336
2018-08-19,26.712500000000002,14.854166666666666,156.16666666666666,15.4125,3.608333333333333,65.04166666666667,,0.3333333333333333,,59.541666666666664,33.291666666666664
2018-08-20,24.995833333333334,13.391666666666666,174.54166666666666,15.804166666666667,3.908333333333333,63.791666666666664,,0.0,,53.791666666666664,28.166666666666668
2018-08-21,22.666666666666668,11.8375,188.70833333333334,18.104166666666668,5.216666666666667,54.625,,0.20833333333333334,,50.625,26.125
2018-08-22,24.974999999999998,13.016666666666666,189.70833333333334,16.224999999999998,4.5375000000000005,61.208333333333336,,0.16666666666666666,,52.0,27.833333333333332
2018-08-23,24.858333333333334,14.133333333333333,177.54166666666666,13.575000000000001,4.083333333333333,74.41666666666667,,0.0,,52.041666666666664,30.166666666666668
2018-08-24,32.49583333333333,18.849999999999998,175.58333333333334,11.804166666666667,4.7375,72.58333333333333,,0.2916666666666667,,60.625,34.166666666666664
2018-08-25,28.191666666666666,14.945833333333333,169.25,12.816666666666668,5.116666666666666,63.583333333333336,,0.625,,60.875,34.5
2018-08-26,24.02916666666667,14.804166666666667,212.08333333333334,18.720833333333335,6.6375,52.666666666666664,,1.2083333333333333,,55.541666666666664,29.916666666666668
2018-08-27,26.7625,17.075,197.95833333333334,21.045833333333334,6.175,50.208333333333336,,1.9166666666666667,,58.916666666666664,32.333333333333336
2018-08-28,27.795833333333334,15.441666666666668,171.04166666666666,17.400000000000002,4.9125000000000005,51.333333333333336,,4.208333333333333,,58.791666666666664,32.416666666666664
2018-08-29,30.90416666666667,15.983333333333334,190.375,17.150000000000002,5.529166666666666,51.583333333333336,,2.5833333333333335,,56.958333333333336,30.583333333333332
2018-08-30,35.75833333333333,19.195833333333333,208.25,22.941666666666666,5.9875,45.5,,1.1666666666666667,,62.333333333333336,35.833333333333336
2018-08-31,33.733333333333334,17.454166666666666,217.95833333333334,21.55,5.391666666666667,47.458333333333336,,2.625,,63.833333333333336,36.958333333333336
2018-09-01,34.520833333333336,21.025000000000002,215.66666666666666,18.8,5.2250000000000005,60.708333333333336,,2.5833333333333335,,64.125,37.375
2018-09-02,41.733333333333334,24.691666666666666,203.58333333333334,18.041666666666668,5.370833333333334,61.666666666666664,,6.958333333333333,,74.20833333333333,53.833333333333336
2018-09-03,34.6,19.558333333333334,190.83333333333334,20.870833333333334,5.6375,55.458333333333336,,7.125,,72.375,50.166666666666664
2018-09-04,42.49583333333333,19.716666666666665,225.33333333333334,28.337500000000002,7.425,35.791666666666664,,11.75,,65.29166666666667,39.75
2018-09-05,39.949999999999996,20.587500000000002,222.33333333333334,26.241666666666664,8.229166666666666,36.291666666666664,,10.416666666666666,,67.41666666666667,42.916666666666664
2018-09-06,30.7375,18.412499999999998,200.16666666666666,25.6875,8.766666666666667,47.166666666666664,,4.958333333333333,,66.41666666666667,39.958333333333336
2018-09-07,40.15,25.479166666666668,255.375,42.69166666666666,12.495833333333332,37.708333333333336,,4.083333333333333,,69.95833333333333,46.625
2018-09-08,48.291666666666664,34.68333333333333,275.625,53.50833333333333,10.345833333333333,29.125,,2.375,,89.375,64.41666666666667
2018-09-09,37.516666666666666,24.545833333333334,222.33333333333334,31.4875,6.8125,46.208333333333336,,7.708333333333333,,89.54166666666667,64.5
2018-09-10,28.491666666666664,17.962500000000002,242.54166666666666,30.670833333333334,9.445833333333333,42.541666666666664,,3.1666666666666665,,67.375,42.333333333333336
2018-09-11,39.56666666666667,25.34583333333333,316.25,53.18333333333334,20.966666666666665,23.958333333333332,,2.4166666666666665,,70.33333333333333,47.5
2018-09-12,41.637499999999996,29.675,250.45833333333334,46.07916666666667,8.458333333333334,26.791666666666668,,2.5416666666666665,,88.91666666666667,64.16666666666667
2018-09-13,23.454166666666666,14.191666666666668,186.08333333333334,25.929166666666664,5.3500000000000005,47.041666666666664,,1.25,,66.0,41.208333333333336
2018-09-14,17.8125,11.887500000000001,210.29166666666666,29.599999999999998,10.608333333333333,42.625,,0.875,,50.916666666666664,25.25
2018-09-15,31.554166666666664,20.408333333333335,268.8333333333333,44.449999999999996,11.6,33.75,,1.625,,58.916666666666664,32.541666666666664
2018-09-16,39.0625,26.266666666666666,232.04166666666666,43.84583333333333,9.929166666666667,34.25,,1.375,,76.79166666666667,56.625
2018-09-17,22.25,14.029166666666667,198.5,21.212500000000002,4.329166666666667,42.375,,0.7083333333333334,,67.0,43.0
2018-09-18,17.445833333333333,8.979166666666666,178.70833333333334,20.108333333333334,4.2875000000000005,45.041666666666664,,0.0,,43.958333333333336,21.916666666666668
2018-09-19,18.4875,8.820833333333333,172.0,20.541666666666668,4.6125,50.791666666666664,,0.0,,35.25,20.708333333333332
2018-09-20,20.258333333333333,9.858333333333333,180.625,21.8875,4.791666666666667,47.041666666666664,,0.0,,39.458333333333336,20.625
2018-09-21,25.325,13.954166666666666,193.66666666666666,23.870833333333334,5.291666666666667,51.375,,0.0,,47.416666666666664,24.041666666666668
2018-09-22,33.704166666666666,20.541666666666668,198.75,28.041666666666668,6.279166666666666,46.541666666666664,,0.5,,61.083333333333336,34.375
2018-09-23,34.170833333333334,22.579166666666666,243.70833333333334,34.295833333333334,8.216666666666667,31.291666666666668,,0.625,,72.79166666666667,50.875
2018-09-24,42.18333333333333,28.379166666666666,222.75,44.145833333333336,11.066666666666668,28.75,,0.875,,74.08333333333333,52.458333333333336
2018-09-25,26.370833333333334,14.737499999999999,175.875,23.525000000000002,4.679166666666666,34.375,,0.25,,79.0,55.833333333333336
2018-09-26,12.683333333333332,6.470833333333334,173.91666666666666,18.212500000000002,3.1125000000000003,42.166666666666664,,0.0,,33.333333333333336,19.166666666666668
2018-09-27,12.683333333333332,6.2124999999999995,157.70833333333334,14.8125,3.1750000000000003,47.375,,0.0,,25.833333333333332,19.041666666666668
2018-09-28,14.266666666666666,8.416666666666666,161.04166666666666,18.783333333333335,3.6791666666666667,42.625,,0.0,,30.625,17.5
2018-09-29,22.34166666666667,12.479166666666666,189.875,26.2625,7.583333333333333,32.375,,0.2916666666666667,,42.458333333333336,20.5
2018-09-30,15.695833333333333,10.4,152.875,19.041666666666668,4.545833333333333,46.166666666666664,,0.375,,50.791666666666664,25.125
2018-10-01,18.441666666666666,12.295833333333334,219.04166666666666,28.8875,11.450000000000001,36.833333333333336,,0.4166666666666667,,41.75,20.25
2018-10-02,18.279166666666665,12.733333333333334,224.45833333333334,27.525000000000002,10.358333333333333,34.75,,0.0,,51.375,25.583333333333332
2018-10-03,44.90416666666667,32.083333333333336,323.4583333333333,51.541666666666664,18.9375,15.333333333333334,,0.0,,73.08333333333333,48.625
2018-10-04,41.704166666666666,25.0,271.375,38.49166666666667,11.879166666666668,24.166666666666668,,0.0,,88.91666666666667,64.25
2018-10-05,27.208333333333332,16.254166666666666,202.66666666666666,25.754166666666666,5.041666666666667,33.208333333333336,,0.0,,66.625,41.583333333333336
2018-10-06,16.45,9.283333333333333,176.79166666666666,19.166666666666668,4.075,41.25,,0.0,,46.958333333333336,23.583333333333332
2018-10-07,22.025000000000002,11.5375,213.91666666666666,23.02916666666667,6.079166666666667,35.25,,0.0,,44.625,21.208333333333332
2018-10-08,30.191666666666666,17.320833333333333,259.125,36.699999999999996,10.4125,24.833333333333332,,0.0,,54.458333333333336,28.291666666666668
2018-10-09,22.1125,12.529166666666667,189.33333333333334,24.883333333333336,5.816666666666666,38.916666666666664,,0.0,,57.041666666666664,30.708333333333332
2018-10-10,30.825,17.491666666666667,208.08333333333334,25.416666666666668,6.008333333333333,39.416666666666664,,0.041666666666666664,,54.0,27.75
2018-10-11,33.69583333333333,22.083333333333332,203.875,27.945833333333336,6.708333333333333,26.833333333333332,,2.0416666666666665,,70.75,47.625
2018-10-12,37.458333333333336,22.254166666666666,206.0,33.166666666666664,6.270833333333333,25.583333333333332,,4.166666666666667,,69.58333333333333,44.833333333333336
2018-10-13,32.19166666666667,16.879166666666666,170.75,18.9875,4.016666666666667,40.666666666666664,,1.9583333333333333,,65.91666666666667,40.0
2018-10-14,30.5,16.629166666666666,169.75,18.375,4.45,38.833333333333336,,1.4166666666666667,,59.083333333333336,32.333333333333336
2018-10-15,31.066666666666666,15.862499999999999,185.875,25.162499999999998,5.8999999999999995,40.625,,1.375,,59.041666666666664,32.375
2018-10-16,30.870833333333334,16.204166666666666,211.54166666666666,30.2625,6.8374999999999995,37.75,,1.5833333333333333,,59.75,33.125
2018-10-17,34.8125,19.366666666666667,203.16666666666666,25.625,6.883333333333333,43.75,,2.125,,61.166666666666664,34.458333333333336
2018-10-18,41.75,24.191666666666666,222.0,27.895833333333332,8.8125,36.458333333333336,,2.8333333333333335,,70.95833333333333,47.458333333333336
2018-10-19,60.37083333333334,27.108333333333334,233.16666666666666,34.6,11.883333333333333,25.291666666666668,,3.9166666666666665,,76.875,58.666666666666664
2018-10-20,58.737500000000004,32.93333333333333,232.83333333333334,34.204166666666666,8.549999999999999,27.0,,3.375,,91.5,65.91666666666667
2018-10-21,52.083333333333336,38.262499999999996,236.125,23.7,7.283333333333334,42.25,,1.8333333333333333,,95.58333333333333,66.70833333333333
2018-10-22,57.125,46.791666666666664,244.125,29.05,7.45,36.333333333333336,,1.4166666666666667,,125.66666666666667,76.54166666666667
2018-10-23,56.324999999999996,43.20416666666667,216.625,25.8875,7.1125,42.958333333333336,,1.9583333333333333,,120.83333333333333,75.25
2018-10-24,55.74166666666667,41.68333333333333,276.0416666666667,37.40833333333333,13.208333333333334,28.291666666666668,,1.5,,117.83333333333333,74.04166666666667
2018-10-25,23.120833333333334,15.6625,187.875,20.754166666666666,7.375,40.958333333333336,,0.041666666666666664,,89.5,59.75
2018-10-26,33.887499999999996,23.825,219.16666666666666,36.791666666666664,9.504166666666666,30.833333333333332,,0.0,,66.29166666666667,42.541666666666664
2018-10-27,23.508333333333336,13.883333333333333,211.625,35.612500000000004,7.908333333333334,31.0,,0.0,,60.666666666666664,35.416666666666664
2018-10-28,34.4375,23.733333333333334,203.20833333333334,41.237500000000004,8.416666666666666,26.708333333333332,,0.0,,66.54166666666667,42.333333333333336
2018-10-29,46.15833333333333,32.079166666666666,283.75,59.887499999999996,13.233333333333334,24.25,,0.0,,82.95833333333333,61.5
2018-10-30,67.19166666666666,49.20416666666667,344.2916666666667,76.55416666666666,17.845833333333335,13.625,,0.0,,111.91666666666667,72.29166666666667
2018-10-31,73.80416666666666,51.25416666666666,358.9583333333333,74.87083333333334,19.120833333333334,13.458333333333334,,1.875,,136.5,80.08333333333333
2018-11-01,80.33333333333333,54.666666666666664,345.7916666666667,64.22083333333333,24.2625,18.0,,2.75,,150.25,86.04166666666667
2018-11-02,25.4875,15.512500000000001,205.375,22.15833333333333,7.070833333333333,45.75,,0.4166666666666667,,90.66666666666667,56.916666666666664
2018-11-03,21.279166666666665,12.125,178.54166666666666,19.912499999999998,5.195833333333334,44.583333333333336,,1.7083333333333333,,54.0,27.75
2018-11-04,25.53333333333333,14.200000000000001,202.875,20.1875,8.491666666666667,38.416666666666664,,1.0833333333333333,,52.208333333333336,26.041666666666668
2018-11-05,23.791666666666668,13.487499999999999,189.33333333333334,22.304166666666664,6.666666666666667,44.375,,1.75,,54.625,28.25
2018-11-06,25.004166666666666,12.883333333333333,219.41666666666666,24.72083333333333,6.929166666666667,35.166666666666664,,2.625,,51.75,25.708333333333332
2018-11-07,21.4875,10.929166666666667,220.25,23.979166666666668,7.283333333333334,35.125,,1.7916666666666667,,49.666666666666664,24.208333333333332
2018-11-08,25.791666666666668,14.833333333333334,251.91666666666666,30.55,10.3125,26.583333333333332,,1.125,,51.958333333333336,26.208333333333332
2018-11-09,21.745833333333334,13.558333333333332,223.04166666666666,30.97083333333333,9.612499999999999,30.791666666666668,,1.0,,53.333333333333336,27.125
2018-11-10,19.445833333333333,10.641666666666667,229.0,27.15833333333333,7.1000000000000005,35.833333333333336,,0.8333333333333334,,51.375,25.625
2018-11-11,26.77916666666667,16.429166666666667,255.375,31.97083333333333,9.1625,34.166666666666664,,1.0416666666666667,,50.541666666666664,25.458333333333332
2018-11-12,27.4875,17.108333333333334,213.54166666666666,29.016666666666666,7.595833333333334,33.916666666666664,,0.8333333333333334,,63.458333333333336,36.625
2018-11-13,20.391666666666666,12.083333333333334,199.375,25.429166666666664,5.808333333333334,34.541666666666664,,0.5416666666666666,,53.791666666666664,27.541666666666668
2018-11-14,15.75,10.391666666666667,191.0,24.979166666666668,6.2124999999999995,32.875,,0.0,,44.083333333333336,21.25
2018-11-15,21.154166666666665,15.941666666666668,248.75,35.020833333333336,12.341666666666667,19.708333333333332,,0.20833333333333334,,54.625,28.416666666666668
2018-11-16,13.6875,9.5625,197.75,23.179166666666664,6.695833333333333,24.291666666666668,,1.3333333333333333,,47.708333333333336,23.916666666666668
2018-11-17,18.587500000000002,13.745833333333332,196.45833333333334,25.741666666666664,5.858333333333333,26.416666666666668,,1.5833333333333333,,49.833333333333336,24.791666666666668
2018-11-18,14.65,10.358333333333333,194.45833333333334,23.629166666666666,10.479166666666666,29.75,,1.1666666666666667,,48.416666666666664,23.75
2018-11-19,26.599999999999998,18.220833333333335,247.20833333333334,43.88333333333333,9.883333333333333,17.541666666666668,,2.0416666666666665,,48.333333333333336,24.5
2018-11-20,22.416666666666668,13.591666666666667,249.04166666666666,31.3875,12.383333333333333,18.875,,1.125,,61.208333333333336,34.541666666666664
2018-11-21,50.0625,31.620833333333334,350.5416666666667,36.4625,16.5625,7.166666666666667,,5.041666666666667,,67.79166666666667,43.291666666666664
2018-11-22,37.78333333333333,25.55,288.8333333333333,30.120833333333334,11.504166666666668,19.208333333333332,,3.25,,101.25,68.54166666666667
2018-11-23,21.724999999999998,12.9375,197.79166666666666,25.491666666666664,5.779166666666666,32.25,,0.4166666666666667,,54.916666666666664,29.958333333333332
2018-11-24,20.8125,13.041666666666666,205.41666666666666,29.525000000000002,6.5625,30.708333333333332,,0.20833333333333334,,52.041666666666664,25.875
2018-11-25,41.5375,29.033333333333335,311.125,45.48333333333333,17.8875,11.625,,0.0,,68.25,44.333333333333336
2018-11-26,38.21666666666667,28.65416666666667,227.41666666666666,37.083333333333336,10.345833333333333,21.291666666666668,,1.4583333333333333,,88.125,63.875
2018-11-27,22.09583333333333,14.108333333333334,199.20833333333334,28.541666666666668,8.054166666666667,36.125,,4.25,,68.91666666666667,45.083333333333336
2018-11-28,25.916666666666668,17.650000000000002,215.875,34.800000000000004,6.8875,24.666666666666668,,2.4583333333333335,,62.666666666666664,35.875
2018-11-29,9.616666666666667,5.979166666666667,197.16666666666666,19.808333333333334,3.875,34.375,,0.0,,38.375,20.083333333333332
2018-11-30,10.566666666666666,7.075,194.91666666666666,21.383333333333336,4.383333333333334,38.541666666666664,,0.0,,28.833333333333332,16.416666666666668
2018-12-01,23.895833333333332,16.75,247.08333333333334,29.3125,9.362499999999999,22.041666666666668,,0.0,,40.75,20.125
2018-12-02,28.72083333333333,19.754166666666666,240.875,34.3375,9.579166666666667,19.791666666666668,,0.0,,68.75,43.916666666666664
2018-12-03,30.8125,19.779166666666665,284.2083333333333,40.275,16.116666666666667,15.875,,0.0,,63.083333333333336,36.208333333333336
2018-12-04,28.025000000000002,16.462500000000002,259.6666666666667,33.90833333333333,10.575000000000001,23.5,,0.0,,65.75,39.041666666666664
2018-12-05,18.3,12.5,228.625,26.895833333333332,5.895833333333333,29.5,,0.0,,55.333333333333336,29.083333333333332
2018-12-06,16.8125,9.695833333333333,204.95833333333334,20.066666666666666,4.625,33.75,,0.0,,47.375,22.916666666666668
2018-12-07,20.304166666666667,12.516666666666666,244.95833333333334,28.129166666666666,7.445833333333333,37.583333333333336,,0.0,,37.541666666666664,20.041666666666668
2018-12-08,52.395833333333336,31.791666666666668,311.7916666666667,52.4,17.337500000000002,12.708333333333334,,0.0,,76.04166666666667,52.583333333333336
2018-12-09,43.699999999999996,31.941666666666666,252.125,51.2125,11.049999999999999,14.708333333333334,,0.0,,94.08333333333333,66.08333333333333
2018-12-10,28.47083333333333,22.758333333333336,254.25,42.05833333333333,11.866666666666667,17.416666666666668,,0.0,,77.5,55.708333333333336
2018-12-11,19.445833333333333,14.487499999999999,293.7916666666667,33.145833333333336,15.8125,24.625,,0.0,,63.083333333333336,37.416666666666664
2018-12-12,26.133333333333336,17.729166666666668,305.75,40.329166666666666,13.416666666666666,19.583333333333332,,0.0,,61.666666666666664,34.833333333333336
2018-12-13,28.195833333333336,20.333333333333332,251.0,38.083333333333336,13.520833333333334,22.708333333333332,,0.0,,68.20833333333333,43.291666666666664
2018-12-14,48.354166666666664,29.858333333333334,341.375,59.44166666666666,20.07916666666667,10.291666666666666,,0.0,,66.5,41.708333333333336
2018-12-15,54.15,35.4625,284.875,59.333333333333336,11.633333333333333,5.875,,1.5833333333333333,,106.875,70.5
2018-12-16,49.85833333333333,34.43333333333333,271.125,61.824999999999996,11.987499999999999,6.875,,1.1666666666666667,,99.41666666666667,68.08333333333333
2018-12-17,41.9625,29.629166666666666,415.5416666666667,44.5,21.554166666666664,10.125,,0.3333333333333333,,91.25,65.25
2018-12-18,17.5125,11.666666666666666,312.3333333333333,28.558333333333334,9.612499999999999,19.25,,0.0,,68.0,44.0
2018-12-19,8.65,5.870833333333334,216.54166666666666,17.504166666666666,4.904166666666667,24.333333333333332,,0.0,,29.875,14.833333333333334
2018-12-20,24.175,16.683333333333334,276.1666666666667,26.495833333333334,9.720833333333333,16.0,,0.2916666666666667,,37.583333333333336,18.416666666666668
2018-12-21,36.704166666666666,24.95,422.0,33.90833333333333,24.712500000000002,8.916666666666666,,0.0,,71.75,49.583333333333336
2018-12-22,37.06666666666667,28.333333333333332,269.9583333333333,32.99166666666667,15.141666666666666,16.916666666666668,,0.08333333333333333,,82.08333333333333,61.666666666666664
2018-12-23,38.5,29.041666666666668,262.9166666666667,38.0875,9.179166666666667,20.25,,0.125,,87.33333333333333,63.583333333333336
2018-12-24,46.041666666666664,35.85,255.54166666666666,40.82083333333333,11.583333333333334,21.541666666666668,,0.041666666666666664,,94.29166666666667,66.20833333333333
2018-12-25,17.325,11.608333333333334,235.54166666666666,24.650000000000002,6.4624999999999995,32.208333333333336,,0.0,,75.20833333333333,48.875
2018-12-26,18.162499999999998,13.029166666666667,306.0416666666667,28.829166666666666,9.975,22.541666666666668,,0.0,,43.166666666666664,20.958333333333332
2018-12-27,55.0875,39.18333333333333,402.375,48.93333333333334,19.008333333333333,10.25,,0.0,,83.45833333333333,55.5
2018-12-28,49.0875,31.625,411.375,48.25416666666666,21.925,13.166666666666666,,0.0,,99.79166666666667,68.25
2018-12-29,33.17916666666667,24.258333333333336,299.625,41.354166666666664,13.566666666666668,18.666666666666668,,0.0,,83.25,61.583333333333336
2018-12-30,18.162499999999998,15.237499999999999,325.7916666666667,33.15833333333333,11.549999999999999,18.666666666666668,,0.0,,66.16666666666667,41.25
2018-12-31,40.733333333333334,31.46666666666667,337.0833333333333,48.96666666666667,20.400000000000002,12.666666666666666,,0.0,,73.33333333333333,49.25
2019-01-01,25.941666666666666,19.758333333333333,267.2916666666667,28.724999999999998,9.320833333333333,28.458333333333332,,0.0,,81.375,58.0
2019-01-02,24.116666666666664,16.895833333333332,303.7083333333333,41.00833333333333,10.370833333333334,25.041666666666668,,0.0,,61.5,34.875
2019-01-03,25.287499999999998,18.916666666666668,270.7916666666667,33.925000000000004,7.0375000000000005,21.75,,0.0,,64.83333333333333,37.875
2019-01-04,14.058333333333332,10.325000000000001,232.58333333333334,20.8875,3.995833333333333,34.375,,0.0,,53.041666666666664,27.625
2019-01-05,15.266666666666666,11.304166666666667,218.04166666666666,22.229166666666668,3.391666666666667,38.958333333333336,,0.0,,44.375,21.375
2019-01-06,16.26666666666667,13.641666666666666,259.1666666666667,25.358333333333334,6.1375,32.875,,0.0,,49.916666666666664,24.333333333333332
2019-01-07,21.2,17.004166666666666,254.95833333333334,22.929166666666664,5.8500000000000005,30.25,,0.0,,59.041666666666664,32.666666666666664
2019-01-08,20.670833333333334,16.3875,271.0416666666667,22.508333333333336,5.2875000000000005,34.083333333333336,,0.0,,57.708333333333336,31.166666666666668
2019-01-09,29.741666666666664,22.245833333333334,260.625,28.125,7.3625,30.625,,0.0,,71.29166666666667,48.791666666666664
2019-01-10,22.879166666666666,14.254166666666668,207.875,20.991666666666667,7.145833333333333,46.041666666666664,,1.2083333333333333,,61.125,34.916666666666664
2019-01-11,17.841666666666665,12.804166666666667,236.41666666666666,30.2,5.158333333333333,40.0,,1.9166666666666667,,47.0,24.083333333333332
2019-01-12,24.837500000000002,21.879166666666666,288.7083333333333,29.162499999999998,5.104166666666667,30.041666666666668,,0.0,,64.58333333333333,39.041666666666664
2019-01-13,22.77916666666667,18.433333333333334,292.9166666666667,30.320833333333336,7.054166666666667,34.75,,0.0,,65.375,39.041666666666664
2019-01-14,38.24166666666667,31.037499999999998,303.9166666666667,44.4,10.158333333333333,19.208333333333332,,0.3333333333333333,,82.0,57.5
2019-01-15,26.400000000000002,20.983333333333334,262.4166666666667,34.00416666666667,8.758333333333333,26.791666666666668,,0.08333333333333333,,79.58333333333333,58.25
2019-01-16,21.770833333333332,13.920833333333334,247.41666666666666,24.53333333333333,5.854166666666667,37.916666666666664,,0.0,,56.875,30.5
2019-01-17,27.5125,18.400000000000002,266.5416666666667,45.862500000000004,10.770833333333334,27.083333333333332,,0.0,,59.333333333333336,32.708333333333336
2019-01-18,39.204166666666666,27.375,255.91666666666666,50.40833333333333,13.0,22.875,,0.0,,75.04166666666667,53.375
2019-01-19,40.67916666666667,27.195833333333336,271.4166666666667,45.0875,11.058333333333332,19.791666666666668,,0.0,,79.58333333333333,60.5
2019-01-20,44.44583333333333,34.65,292.1666666666667,51.300000000000004,10.620833333333334,12.666666666666666,,0.25,,94.04166666666667,66.25
2019-01-21,42.487500000000004,31.729166666666668,282.4583333333333,44.1625,11.591666666666667,14.958333333333334,,0.9166666666666666,,95.54166666666667,66.625
2019-01-22,31.05,19.283333333333335,310.4166666666667,35.237500000000004,6.983333333333333,24.25,,0.25,,73.91666666666667,49.75
2019-01-23,49.7875,35.55416666666667,244.5,49.34583333333333,10.645833333333334,14.666666666666666,,7.708333333333333,,93.58333333333333,63.583333333333336
2019-01-24,35.62083333333333,23.15833333333333,231.16666666666666,48.32083333333333,9.525,16.708333333333332,,5.958333333333333,,78.08333333333333,54.083333333333336
2019-01-25,42.67916666666667,24.754166666666666,263.375,49.145833333333336,10.370833333333334,19.25,,8.541666666666666,,74.375,53.833333333333336
2019-01-26,103.18333333333334,49.90833333333333,264.75,48.225,9.987499999999999,16.375,,47.125,,96.33333333333333,67.16666666666667
2019-01-27,37.96666666666667,21.375,290.2916666666667,30.379166666666666,6.1375,18.625,,13.0,,116.83333333333333,73.875
2019-01-28,49.46666666666667,33.854166666666664,308.4583333333333,42.89166666666667,10.441666666666666,12.291666666666666,,10.0,,75.625,50.708333333333336
2019-01-29,39.270833333333336,24.004166666666666,272.9166666666667,47.15416666666667,12.504166666666668,25.791666666666668,,5.541666666666667,,93.08333333333333,65.70833333333333
2019-01-30,41.82083333333333,22.59583333333333,276.4166666666667,50.1,11.870833333333332,14.916666666666666,,7.875,,72.70833333333333,50.708333333333336
2019-01-31,24.712500000000002,14.241666666666667,231.33333333333334,32.61666666666667,7.1375,36.416666666666664,,4.0,,63.458333333333336,37.333333333333336
2019-02-01,17.8125,11.424999999999999,232.625,31.779166666666665,7.279166666666668,41.083333333333336,,0.5416666666666666,,47.958333333333336,24.958333333333332
2019-02-02,33.47083333333333,19.004166666666666,228.95833333333334,43.520833333333336,9.233333333333333,31.541666666666668,,0.0,,59.791666666666664,33.458333333333336
2019-02-03,37.729166666666664,25.479166666666668,254.91666666666666,58.42083333333333,14.420833333333334,15.75,,0.20833333333333334,,70.54166666666667,47.208333333333336
2019-02-04,67.66250000000001,46.30416666666667,334.0,68.16666666666667,21.14166666666667,10.375,,0.4583333333333333,,104.29166666666667,69.41666666666667
2019-02-05,42.645833333333336,28.491666666666664,286.1666666666667,39.63333333333333,10.1875,27.625,,0.5833333333333334,,105.70833333333333,70.0
2019-02-06,26.208333333333332,18.349999999999998,253.91666666666666,23.1875,5.908333333333334,37.75,,1.4166666666666667,,71.875,48.0
2019-02-07,23.608333333333334,16.508333333333333,268.25,20.020833333333332,4.920833333333333,28.916666666666668,,2.25,,60.958333333333336,34.416666666666664
2019-02-08,17.083333333333332,11.9375,266.75,26.025000000000002,4.404166666666667,31.166666666666668,,1.1666666666666667,,53.333333333333336,27.333333333333332
2019-02-09,26.416666666666668,17.704166666666666,246.45833333333334,23.1375,4.858333333333333,32.666666666666664,,0.75,,57.0,30.708333333333332
2019-02-10,41.84166666666667,31.383333333333336,334.2916666666667,48.55833333333334,9.329166666666667,17.458333333333332,,1.25,,78.20833333333333,54.375
2019-02-11,47.512499999999996,34.291666666666664,264.9583333333333,40.34166666666667,9.720833333333333,25.25,,2.9583333333333335,,93.66666666666667,66.0
2019-02-12,31.84583333333333,19.025000000000002,232.54166666666666,29.383333333333336,6.341666666666666,44.708333333333336,,1.0,,80.70833333333333,55.375
2019-02-13,17.975,12.904166666666667,251.0,22.770833333333332,4.1125,27.5,,0.0,,61.416666666666664,34.75
2019-02-14,18.829166666666666,10.804166666666667,223.16666666666666,16.316666666666666,3.5749999999999997,45.25,,0.0,,40.958333333333336,20.0
2019-02-15,18.841666666666665,11.7125,228.66666666666666,18.675,4.604166666666667,40.041666666666664,,0.0,,50.541666666666664,24.791666666666668
2019-02-16,24.125,14.35,232.54166666666666,19.6625,4.8374999999999995,41.833333333333336,,0.0,,48.958333333333336,23.75
2019-02-17,28.34583333333333,18.745833333333334,283.625,36.829166666666666,6.729166666666667,27.666666666666668,,0.25,,59.958333333333336,33.458333333333336
2019-02-18,81.3625,60.17083333333333,436.0,71.575,18.154166666666665,9.541666666666666,,1.4583333333333333,,108.0,67.41666666666667
2019-02-19,75.91666666666667,53.53333333333333,370.0833333333333,51.40416666666667,11.341666666666667,18.166666666666668,,3.375,,152.5,88.45833333333333
2019-02-20,83.83749999999999,65.31666666666666,360.5,69.54166666666667,14.025,14.291666666666666,,4.208333333333333,,145.41666666666666,84.08333333333333
2019-02-21,71.88333333333334,57.57083333333333,368.8333333333333,56.637499999999996,13.166666666666666,16.75,,2.9166666666666665,,155.0,92.0
2019-02-22,71.3875,58.416666666666664,362.5,58.362500000000004,12.029166666666667,17.5,,2.3333333333333335,,149.41666666666666,84.5
2019-02-23,26.6875,19.779166666666665,244.25,20.6375,4.654166666666667,42.958333333333336,,0.08333333333333333,,121.0,75.08333333333333
2019-02-24,11.2125,8.666666666666666,233.33333333333334,16.654166666666665,4.008333333333334,46.375,,0.0,,39.708333333333336,20.791666666666668
2019-02-25,17.662499999999998,12.529166666666667,246.58333333333334,18.729166666666668,3.8249999999999997,42.5,,0.0,,41.291666666666664,20.125
2019-02-26,24.879166666666666,18.141666666666666,292.0833333333333,33.766666666666666,6.325,40.625,,0.041666666666666664,,56.208333333333336,30.291666666666668
2019-02-27,28.620833333333334,20.479166666666668,260.75,25.420833333333334,5.9375,37.541666666666664,,0.125,,72.83333333333333,51.083333333333336
2019-02-28,19.258333333333333,13.079166666666666,231.375,22.175,5.6375,41.25,,0.0,,55.291666666666664,29.083333333333332
2019-03-01,31.27916666666667,19.3875,226.70833333333334,27.55,8.65,48.708333333333336,,0.5,,58.416666666666664,31.916666666666668
2019-03-02,45.86666666666667,29.75,243.16666666666666,39.12083333333333,9.591666666666667,31.041666666666668,,1.4583333333333333,,77.58333333333333,55.625
2019-03-03,24.733333333333334,13.700000000000001,222.79166666666666,21.34166666666667,5.383333333333333,55.166666666666664,,0.041666666666666664,,71.25,47.958333333333336
2019-03-04,36.38333333333333,22.09166666666667,304.4166666666667,49.6875,10.016666666666667,27.0,,0.0,,60.208333333333336,34.166666666666664
2019-03-05,42.31666666666667,28.666666666666668,241.08333333333334,41.34583333333333,10.258333333333333,38.0,,0.4583333333333333,,80.25,59.333333333333336
2019-03-06,44.71666666666667,32.45,259.0833333333333,46.47083333333333,10.170833333333333,30.833333333333332,,0.9583333333333334,,89.58333333333333,64.45833333333333
2019-03-07,39.90416666666667,29.325,364.1666666666667,55.52916666666667,12.6625,19.5,,0.08333333333333333,,92.5,65.5
2019-03-08,58.57916666666667,37.670833333333334,293.1666666666667,74.99166666666666,16.383333333333333,13.625,,0.0,,95.70833333333333,66.75
2019-03-09,59.041666666666664,40.520833333333336,227.625,54.449999999999996,12.958333333333334,31.583333333333332,,0.4583333333333333,,113.04166666666667,72.625
2019-03-10,36.94166666666667,23.95,201.125,35.31666666666667,9.104166666666666,39.208333333333336,,2.4166666666666665,,89.5,63.875
2019-03-11,36.199999999999996,21.3625,214.95833333333334,34.38333333333333,11.445833333333333,45.083333333333336,,4.041666666666667,,72.45833333333333,50.375
2019-03-12,36.579166666666666,20.558333333333334,208.66666666666666,27.02916666666667,7.708333333333333,39.5,,2.7083333333333335,,71.75,48.75
2019-03-13,13.195833333333333,8.241666666666667,213.20833333333334,17.345833333333335,4.083333333333333,55.375,,0.0,,47.916666666666664,26.791666666666668
2019-03-14,26.108333333333334,14.775,275.5416666666667,29.508333333333336,7.104166666666667,38.083333333333336,,0.125,,42.791666666666664,21.333333333333332
2019-03-15,35.30833333333333,21.974999999999998,309.9583333333333,44.362500000000004,9.454166666666667,27.416666666666668,,0.08333333333333333,,67.66666666666667,43.5
2019-03-16,42.708333333333336,29.520833333333332,296.375,46.49166666666667,9.029166666666667,29.333333333333332,,0.0,,78.08333333333333,57.166666666666664
2019-03-17,30.108333333333334,20.158333333333335,248.79166666666666,46.65,11.483333333333334,34.708333333333336,,0.0,,77.875,55.583333333333336
2019-03-18,55.987500000000004,39.81666666666667,308.3333333333333,73.25,18.458333333333332,12.666666666666666,,0.08333333333333333,,90.66666666666667,61.916666666666664
2019-03-19,75.08749999999999,53.50833333333333,321.0416666666667,71.59583333333333,22.083333333333332,13.5,,0.125,,126.79166666666667,76.95833333333333
2019-03-20,51.854166666666664,29.983333333333334,302.3333333333333,37.9375,8.5875,33.375,,0.375,,122.16666666666667,75.33333333333333
2019-03-21,27.895833333333332,17.075,238.04166666666666,20.641666666666666,4.416666666666667,44.708333333333336,,0.125,,64.79166666666667,39.625
2019-03-22,31.445833333333336,19.454166666666666,260.5416666666667,30.4875,5.808333333333334,38.458333333333336,,0.0,,66.41666666666667,39.916666666666664
2019-03-23,43.71666666666667,28.2,294.75,42.78333333333333,7.3374999999999995,28.291666666666668,,0.25,,77.58333333333333,54.958333333333336
2019-03-24,29.087500000000002,15.975000000000001,267.125,35.829166666666666,7.875,41.083333333333336,,0.0,,68.75,45.083333333333336
2019-03-25,44.145833333333336,25.037499999999998,358.625,54.2875,12.141666666666666,19.583333333333332,,0.0,,66.125,41.166666666666664
2019-03-26,75.84166666666667,50.958333333333336,369.2916666666667,66.075,15.6875,20.25,,0.875,,113.0,72.20833333333333
2019-03-27,30.016666666666666,17.358333333333334,244.41666666666666,28.84166666666667,6.604166666666667,43.958333333333336,,0.08333333333333333,,93.375,59.166666666666664
2019-03-28,32.5875,18.783333333333335,228.41666666666666,21.570833333333336,4.25,46.125,,0.0,,67.16666666666667,41.458333333333336
2019-03-29,22.650000000000002,10.941666666666668,199.20833333333334,16.0125,4.0375000000000005,60.416666666666664,,0.0,,52.166666666666664,28.416666666666668
2019-03-30,22.883333333333336,12.041666666666666,202.20833333333334,13.945833333333333,4.545833333333333,68.33333333333333,,0.0,,46.75,27.291666666666668
2019-03-31,23.808333333333334,13.333333333333334,206.875,15.549999999999999,5.145833333333333,71.125,,0.0,,52.625,28.458333333333332
2019-04-01,29.079166666666666,18.525000000000002,256.9166666666667,33.86666666666667,7.645833333333333,42.416666666666664,,0.0,,58.083333333333336,31.583333333333332
2019-04-02,43.28333333333333,27.025000000000002,246.91666666666666,30.34166666666667,5.7749999999999995,44.291666666666664,,0.0,,72.875,50.541666666666664
2019-04-03,42.75416666666666,20.3125,237.875,22.037499999999998,5.120833333333334,56.125,,0.0,,76.33333333333333,56.166666666666664
2019-04-04,33.050000000000004,18.116666666666667,237.20833333333334,24.8,4.870833333333334,54.333333333333336,,0.0,,64.45833333333333,39.333333333333336
2019-04-05,41.608333333333334,25.22083333333333,288.0416666666667,40.795833333333334,6.1625000000000005,41.416666666666664,,0.25,,68.41666666666667,44.0
2019-04-06,41.104166666666664,27.708333333333332,239.58333333333334,25.858333333333334,5.695833333333333,51.333333333333336,,0.6666666666666666,,84.5,62.541666666666664
2019-04-07,43.32083333333333,30.116666666666664,304.9583333333333,44.96666666666667,8.674999999999999,41.125,,1.8333333333333333,,80.29166666666667,60.708333333333336
2019-04-08,63.52916666666667,43.1,274.3333333333333,52.324999999999996,8.2875,24.708333333333332,,15.708333333333334,,112.75,72.33333333333333
2019-04-09,30.21666666666667,20.045833333333334,269.2083333333333,43.9125,8.5375,38.375,,7.25,,91.375,62.791666666666664
2019-04-10,30.020833333333332,20.433333333333334,257.8333333333333,50.34583333333333,5.908333333333334,25.375,,0.7083333333333334,,65.125,38.208333333333336
2019-04-11,19.870833333333334,14.504166666666668,206.75,31.9875,4.6875,40.791666666666664,,0.75,,61.041666666666664,34.333333333333336
2019-04-12,22.770833333333332,13.658333333333333,192.08333333333334,26.045833333333334,4.945833333333334,48.083333333333336,,3.875,,53.958333333333336,27.708333333333332
2019-04-13,24.6375,16.158333333333335,289.5416666666667,50.225,9.766666666666667,25.708333333333332,,5.875,,54.916666666666664,28.875
2019-04-14,23.84166666666667,18.883333333333333,268.2083333333333,42.44583333333333,6.1625000000000005,29.5,,4.125,,66.45833333333333,40.291666666666664
2019-04-15,13.945833333333333,9.320833333333333,222.125,17.208333333333332,3.5041666666666664,25.291666666666668,,1.8333333333333333,,47.166666666666664,24.125
2019-04-16,24.354166666666668,15.958333333333334,238.54166666666666,25.0,4.6625000000000005,47.5,,1.2083333333333333,,50.958333333333336,25.958333333333332
2019-04-17,43.44166666666666,31.025000000000002,278.3333333333333,52.06666666666666,8.5875,29.875,,0.9166666666666666,,72.83333333333333,48.791666666666664
2019-04-18,27.900000000000002,19.408333333333335,238.875,26.166666666666668,4.7749999999999995,38.833333333333336,,1.0833333333333333,,83.45833333333333,59.666666666666664
2019-04-19,20.441666666666666,12.779166666666667,233.33333333333334,21.395833333333332,4.541666666666667,53.375,,0.375,,54.25,28.458333333333332
2019-04-20,25.958333333333332,16.2,229.91666666666666,23.650000000000002,4.366666666666666,52.083333333333336,,0.125,,57.541666666666664,31.208333333333332
2019-04-21,27.0625,15.625,245.625,25.208333333333332,4.754166666666666,50.541666666666664,,0.0,,56.291666666666664,29.791666666666668
2019-04-22,39.395833333333336,23.97083333333333,303.0416666666667,46.46666666666667,7.429166666666667,33.0,,0.8333333333333334,,70.33333333333333,48.375
2019-04-23,29.71666666666667,17.525000000000002,271.5,33.77916666666667,6.170833333333333,48.375,,1.0,,66.375,41.208333333333336
2019-04-24,36.3375,23.5,299.1666666666667,49.375,9.116666666666667,37.291666666666664,,6.75,,66.04166666666667,40.166666666666664
2019-04-25,56.59166666666667,33.666666666666664,325.4166666666667,49.25416666666666,9.091666666666667,35.208333333333336,,10.708333333333334,,87.83333333333333,63.375
2019-04-26,38.50833333333333,23.545833333333334,268.125,34.53333333333333,6.675,41.208333333333336,,6.416666666666667,,84.16666666666667,61.25
2019-04-27,38.208333333333336,24.5,309.7916666666667,53.21666666666667,8.4375,25.916666666666668,,4.166666666666667,,74.375,53.75
2019-04-28,73.74583333333332,44.26666666666667,271.125,63.9625,11.433333333333332,24.833333333333332,,24.0,,98.08333333333333,67.20833333333333
2019-04-29,87.09583333333335,50.762499999999996,253.45833333333334,61.137499999999996,11.612499999999999,30.75,,44.291666666666664,,134.375,79.41666666666667
2019-04-30,68.39583333333333,35.987500000000004,191.41666666666666,37.28333333333333,7.770833333333333,55.125,,20.041666666666668,,122.83333333333333,75.66666666666667
2019-05-01,32.18333333333333,17.900000000000002,174.45833333333334,24.15833333333333,6.233333333333333,55.125,,1.4583333333333333,,78.29166666666667,53.0
2019-05-02,21.9875,12.995833333333332,202.75,32.324999999999996,6.179166666666667,52.916666666666664,,0.3333333333333333,,55.791666666666664,29.416666666666668
2019-05-03,28.45,18.995833333333334,218.95833333333334,39.875,8.358333333333333,37.125,,0.9583333333333334,,60.0,33.5
2019-05-04,37.329166666666666,25.125,242.25,55.637499999999996,11.083333333333334,39.291666666666664,,2.0833333333333335,,71.75,49.083333333333336
2019-05-05,28.983333333333334,18.195833333333333,200.16666666666666,33.22083333333333,5.683333333333334,54.666666666666664,,12.166666666666666,,67.04166666666667,43.125
2019-05-06,50.387499999999996,25.933333333333334,209.91666666666666,36.5875,6.954166666666667,42.291666666666664,,26.791666666666668,,72.29166666666667,49.833333333333336
2019-05-07,29.34583333333333,14.4,199.75,21.429166666666664,4.329166666666667,59.083333333333336,,0.8333333333333334,,70.54166666666667,50.916666666666664
2019-05-08,18.329166666666666,11.920833333333334,263.0,26.224999999999998,4.291666666666667,32.791666666666664,,0.041666666666666664,,49.458333333333336,24.375
2019-05-09,26.175,18.020833333333332,289.5416666666667,39.17916666666667,7.520833333333333,28.75,,0.16666666666666666,,58.166666666666664,31.916666666666668
2019-05-10,28.025000000000002,19.691666666666666,222.04166666666666,41.979166666666664,6.3625,35.0,,0.125,,62.583333333333336,35.75
2019-05-11,25.241666666666664,18.645833333333332,209.33333333333334,37.1,7.383333333333333,37.666666666666664,,0.125,,66.0,39.25
2019-05-12,40.574999999999996,32.4125,268.9166666666667,48.65416666666667,8.495833333333334,33.416666666666664,,0.0,,83.33333333333333,57.708333333333336
2019-05-13,24.55,15.316666666666668,191.20833333333334,19.366666666666667,3.6374999999999997,57.958333333333336,,0.0,,70.79166666666667,45.541666666666664
2019-05-14,26.3125,16.087500000000002,202.79166666666666,20.916666666666668,4.391666666666667,50.916666666666664,,0.25,,56.583333333333336,30.25
2019-05-15,45.791666666666664,29.429166666666664,303.75,47.64166666666667,9.483333333333333,25.875,,2.9583333333333335,,71.79166666666667,48.625
2019-05-16,36.237500000000004,21.216666666666665,243.125,30.77916666666667,4.691666666666666,42.125,,7.166666666666667,,82.625,60.791666666666664
2019-05-17,31.116666666666664,18.45,212.79166666666666,25.983333333333334,4.158333333333333,44.833333333333336,,4.541666666666667,,64.125,37.5
2019-05-18,31.72083333333333,19.666666666666668,198.29166666666666,29.712500000000002,4.266666666666667,44.125,,6.125,,65.58333333333333,38.666666666666664
2019-05-19,37.47083333333333,27.4875,201.0,38.36666666666667,8.541666666666666,45.0,,6.083333333333333,,76.5,54.958333333333336
2019-05-20,54.520833333333336,35.75833333333333,221.625,57.520833333333336,12.775,31.458333333333332,,8.875,,91.45833333333333,65.16666666666667
2019-05-21,52.2125,28.729166666666668,202.08333333333334,51.729166666666664,10.795833333333334,39.291666666666664,,13.458333333333334,,93.83333333333333,66.125
2019-05-22,41.454166666666666,20.783333333333335,215.20833333333334,38.15416666666667,11.258333333333333,46.25,,17.125,,74.95833333333333,52.291666666666664
2019-05-23,27.71666666666667,14.916666666666666,217.125,38.300000000000004,7.679166666666667,50.166666666666664,,12.541666666666666,,61.708333333333336,35.333333333333336
2019-05-24,32.87916666666667,19.966666666666665,242.04166666666666,33.987500000000004,5.5249999999999995,49.25,,9.791666666666666,,64.875,38.916666666666664
2019-05-25,28.416666666666668,18.266666666666666,183.41666666666666,29.5125,4.4624999999999995,50.333333333333336,,1.7916666666666667,,62.708333333333336,35.958333333333336
2019-05-26,28.241666666666664,19.629166666666666,226.45833333333334,39.604166666666664,8.966666666666667,47.666666666666664,,1.0,,66.5,40.083333333333336
2019-05-27,33.1,19.641666666666666,241.91666666666666,36.06666666666667,5.558333333333334,47.666666666666664,,0.9166666666666666,,65.95833333333333,38.958333333333336
2019-05-28,40.641666666666666,23.504166666666666,321.0,47.97083333333333,8.258333333333333,43.791666666666664,,3.0416666666666665,,66.125,39.791666666666664
2019-05-29,51.9625,28.962500000000002,195.79166666666666,43.324999999999996,8.637500000000001,55.75,,14.875,,87.33333333333333,63.333333333333336
2019-05-30,35.50833333333333,19.6875,209.04166666666666,42.520833333333336,10.362499999999999,49.333333333333336,,4.791666666666667,,74.16666666666667,50.958333333333336
2019-05-31,43.13333333333333,26.483333333333334,307.2083333333333,56.57916666666667,12.4,38.208333333333336,,3.375,,72.70833333333333,50.25
2019-06-01,35.31666666666667,21.245833333333334,179.83333333333334,22.629166666666666,4.608333333333333,56.958333333333336,,5.041666666666667,,75.75,54.458333333333336
2019-06-02,29.337500000000002,19.6875,171.125,25.675,4.279166666666667,40.833333333333336,,5.375,,66.375,39.833333333333336
2019-06-03,34.887499999999996,25.27916666666667,206.375,33.92916666666667,5.666666666666667,36.833333333333336,,3.5416666666666665,,75.33333333333333,54.041666666666664
2019-06-04,26.083333333333332,19.041666666666668,213.16666666666666,36.699999999999996,7.829166666666667,49.75,,1.9583333333333333,,70.625,47.166666666666664
2019-06-05,24.695833333333336,17.108333333333334,246.5,38.24166666666667,9.441666666666666,46.291666666666664,,1.3333333333333333,,61.083333333333336,34.5
2019-06-06,33.9625,24.195833333333336,255.95833333333334,44.375,6.9875,38.666666666666664,,3.2916666666666665,,68.58333333333333,44.5
2019-06-07,30.870833333333334,19.974999999999998,239.08333333333334,41.887499999999996,6.770833333333333,38.25,,4.916666666666667,,72.20833333333333,49.666666666666664
2019-06-08,28.858333333333334,18.045833333333334,177.79166666666666,32.53333333333333,4.441666666666666,49.625,,2.5833333333333335,,64.875,38.0
2019-06-09,28.229166666666668,18.6375,164.58333333333334,25.5625,3.9166666666666665,50.208333333333336,,2.375,,63.208333333333336,36.333333333333336
2019-06-10,23.087500000000002,14.091666666666667,174.33333333333334,17.904166666666665,3.4625,51.75,,4.958333333333333,,59.291666666666664,32.666666666666664
2019-06-11,24.40416666666667,13.570833333333333,207.66666666666666,27.620833333333334,4.825,37.833333333333336,,5.333333333333333,,52.416666666666664,26.25
2019-06-12,36.516666666666666,22.629166666666666,225.625,34.59166666666667,6.054166666666667,27.0,,7.25,,62.291666666666664,36.291666666666664
2019-06-13,38.27916666666667,20.225,227.625,32.145833333333336,5.283333333333333,41.208333333333336,,3.2916666666666665,,71.875,49.166666666666664
2019-06-14,38.94583333333333,18.445833333333333,192.66666666666666,24.366666666666664,4.2749999999999995,45.458333333333336,,7.25,,67.25,41.541666666666664
2019-06-15,32.47083333333333,15.775,176.54166666666666,19.508333333333333,3.9958333333333336,54.0,,7.5,,58.541666666666664,34.333333333333336
2019-06-16,33.7125,14.391666666666666,181.625,19.766666666666666,4.108333333333333,57.416666666666664,,5.291666666666667,,56.208333333333336,32.708333333333336
2019-06-17,36.1,16.895833333333332,181.33333333333334,22.733333333333334,4.579166666666667,57.041666666666664,,4.083333333333333,,56.666666666666664,34.458333333333336
2019-06-18,32.449999999999996,16.970833333333335,181.95833333333334,17.695833333333333,3.533333333333333,63.458333333333336,,2.5833333333333335,,62.208333333333336,36.041666666666664
2019-06-19,28.491666666666664,14.5375,178.625,23.4875,3.9375,55.375,,2.0833333333333335,,57.916666666666664,31.458333333333332
2019-06-20,32.916666666666664,19.974999999999998,180.54166666666666,29.520833333333332,5.2749999999999995,44.833333333333336,,1.9583333333333333,,58.75,32.041666666666664
2019-06-21,42.72083333333333,26.59583333333333,198.54166666666666,34.49583333333333,4.895833333333333,39.5,,4.541666666666667,,78.83333333333333,57.25
2019-06-22,36.483333333333334,20.116666666666667,177.20833333333334,24.541666666666668,4.104166666666667,49.666666666666664,,3.5,,72.16666666666667,48.75
2019-06-23,38.12916666666667,23.054166666666664,198.625,32.74583333333333,5.25,48.583333333333336,,3.875,,70.25,46.0
2019-06-24,36.11666666666667,20.195833333333333,195.625,32.97083333333333,5.283333333333333,48.208333333333336,,4.083333333333333,,71.79166666666667,48.833333333333336
2019-06-25,29.179166666666664,15.4625,173.20833333333334,17.404166666666665,3.5583333333333336,59.0,,3.0,,60.0,33.666666666666664
2019-06-26,26.291666666666668,15.35,168.04166666666666,15.504166666666668,3.1750000000000003,54.208333333333336,,2.875,,58.958333333333336,32.25
2019-06-27,27.083333333333332,13.020833333333334,158.33333333333334,16.683333333333334,3.4958333333333336,65.41666666666667,,1.0416666666666667,,54.25,29.041666666666668
2019-06-28,35.32083333333333,19.962500000000002,197.66666666666666,31.53333333333333,6.016666666666667,46.666666666666664,,0.7083333333333334,,58.75,32.75
2019-06-29,26.208333333333332,11.091666666666667,134.625,14.566666666666668,2.9791666666666665,59.25,,0.0,,59.0,33.166666666666664
2019-06-30,25.662499999999998,12.454166666666666,162.25,27.579166666666666,3.779166666666667,40.5,,0.0,,47.833333333333336,26.583333333333332
2019-07-01,22.520833333333332,12.041666666666666,168.125,28.1125,3.4,39.291666666666664,,0.6666666666666666,,51.25,25.5
2019-07-02,21.254166666666666,9.695833333333333,170.04166666666666,19.341666666666665,2.9,51.125,,0.9583333333333334,,42.333333333333336,23.25
2019-07-03,25.59583333333333,12.354166666666666,173.41666666666666,22.454166666666666,3.2583333333333333,50.541666666666664,,2.5416666666666665,,45.583333333333336,24.166666666666668
2019-07-04,25.0,12.5,166.875,18.216666666666665,3.0124999999999997,53.583333333333336,,5.083333333333333,,51.541666666666664,26.583333333333332
2019-07-05,24.754166666666666,14.304166666666667,192.875,18.337500000000002,3.4,66.45833333333333,,2.1666666666666665,,52.666666666666664,28.958333333333332
2019-07-06,33.94166666666667,18.370833333333334,180.20833333333334,29.266666666666666,4.370833333333334,51.708333333333336,,0.7083333333333334,,59.375,32.833333333333336
2019-07-07,25.8125,14.200000000000001,172.33333333333334,23.641666666666666,3.5208333333333335,53.791666666666664,,0.0,,60.375,33.916666666666664
2019-07-08,34.15,20.091666666666665,194.125,40.387499999999996,6.3374999999999995,47.958333333333336,,0.2916666666666667,,59.458333333333336,33.0
2019-07-09,25.0625,15.166666666666666,209.83333333333334,35.87083333333333,4.366666666666666,63.791666666666664,,1.8333333333333333,,63.75,37.791666666666664
2019-07-10,25.15833333333333,15.137500000000001,173.08333333333334,28.891666666666666,3.716666666666667,49.916666666666664,,1.2083333333333333,,56.75,29.875
2019-07-11,17.720833333333335,10.5,161.83333333333334,22.570833333333336,3.1791666666666667,45.125,,0.2916666666666667,,50.5,25.458333333333332
2019-07-12,27.483333333333334,15.2875,199.54166666666666,34.125,4.204166666666667,31.958333333333332,,0.0,,49.458333333333336,25.375
2019-07-13,30.525000000000002,19.641666666666666,191.58333333333334,39.57083333333333,5.2625,37.958333333333336,,0.0,,63.083333333333336,36.416666666666664
2019-07-14,21.566666666666666,13.304166666666667,189.58333333333334,36.675000000000004,4.641666666666667,31.416666666666668,,0.0,,57.708333333333336,31.25
2019-07-15,15.862499999999999,11.012500000000001,166.0,23.570833333333336,4.4875,36.0,,0.0,,50.5,24.958333333333332
2019-07-16,30.462500000000002,19.325,205.79166666666666,33.420833333333334,4.7749999999999995,31.458333333333332,,0.0,,58.625,33.583333333333336
2019-07-17,19.7625,11.549999999999999,135.41666666666666,17.108333333333334,3.0208333333333335,55.958333333333336,,0.0,,54.166666666666664,30.166666666666668
2019-07-18,23.099999999999998,13.383333333333333,180.875,22.25,3.775,57.666666666666664,,0.0,,51.333333333333336,26.25
2019-07-19,23.666666666666668,13.012500000000001,180.25,22.683333333333334,3.7583333333333333,50.958333333333336,,0.0,,52.583333333333336,27.041666666666668
2019-07-20,27.28333333333333,14.808333333333332,162.08333333333334,15.995833333333335,2.8541666666666665,65.0,,0.0,,51.958333333333336,28.208333333333332
2019-07-21,27.320833333333336,15.866666666666667,171.66666666666666,19.370833333333334,3.1999999999999997,61.291666666666664,,0.0,,60.166666666666664,33.541666666666664
2019-07-22,29.616666666666664,16.908333333333335,176.54166666666666,23.233333333333334,3.6,51.958333333333336,,0.0,,58.458333333333336,31.875
2019-07-23,26.791666666666668,14.845833333333333,184.04166666666666,23.058333333333334,3.7875,51.791666666666664,,0.0,,57.875,31.875
2019-07-24,23.266666666666666,14.941666666666668,170.20833333333334,22.233333333333334,3.4125,52.0,,0.0,,58.541666666666664,31.916666666666668
2019-07-25,24.599999999999998,13.9,190.25,26.175,4.258333333333334,40.125,,0.0,,53.125,26.875
2019-07-26,26.266666666666666,13.862499999999999,194.875,27.883333333333336,3.5666666666666664,36.833333333333336,,0.0,,54.208333333333336,28.125
2019-07-27,24.920833333333334,13.216666666666667,184.625,19.570833333333333,3.2291666666666665,49.458333333333336,,0.0,,52.958333333333336,26.833333333333332
2019-07-28,23.570833333333336,12.670833333333334,174.79166666666666,18.474999999999998,3.3666666666666667,52.791666666666664,,0.0,,52.125,26.166666666666668
2019-07-29,30.916666666666668,18.045833333333334,199.91666666666666,29.28333333333333,4.666666666666667,45.291666666666664,,0.125,,55.333333333333336,29.291666666666668
2019-07-30,29.21666666666667,17.133333333333333,203.41666666666666,24.0,4.283333333333333,46.125,,1.75,,63.958333333333336,37.041666666666664
2019-07-31,28.229166666666668,17.516666666666666,215.91666666666666,32.55,4.4750000000000005,39.708333333333336,,2.0,,61.041666666666664,34.291666666666664
2019-08-01,32.40833333333333,20.320833333333333,209.45833333333334,23.454166666666666,4.25,51.291666666666664,,2.0833333333333335,,65.125,38.25
2019-08-02,30.545833333333334,18.620833333333334,197.16666666666666,21.0125,4.2250000000000005,55.583333333333336,,0.625,,67.66666666666667,41.708333333333336
2019-08-03,25.349999999999998,17.345833333333335,215.25,36.2875,7.241666666666667,34.541666666666664,,0.125,,61.333333333333336,34.458333333333336
2019-08-04,22.337500000000002,13.270833333333334,189.5,20.3125,3.904166666666667,55.25,,0.5416666666666666,,58.375,31.75
2019-08-05,21.416666666666668,11.620833333333332,195.08333333333334,23.691666666666666,3.7583333333333333,45.375,,0.0,,47.916666666666664,23.958333333333332
2019-08-06,23.316666666666666,13.358333333333333,199.5,25.104166666666668,3.9625,44.416666666666664,,0.20833333333333334,,51.25,25.791666666666668
2019-08-07,20.254166666666666,11.725,192.70833333333334,19.712500000000002,3.5208333333333335,51.125,,0.16666666666666666,,50.916666666666664,26.083333333333332
2019-08-08,19.75,10.808333333333332,190.08333333333334,19.483333333333334,3.8375,48.708333333333336,,0.0,,46.791666666666664,23.666666666666668
2019-08-09,21.766666666666666,11.458333333333334,196.54166666666666,19.566666666666666,3.4166666666666665,48.125,,0.6666666666666666,,47.25,24.25
2019-08-10,20.958333333333332,11.466666666666667,190.5,20.820833333333333,3.9291666666666667,56.541666666666664,,1.2083333333333333,,48.0,26.083333333333332
2019-08-11,19.495833333333334,10.358333333333333,170.875,14.025,3.0375,57.791666666666664,,0.125,,44.458333333333336,25.208333333333332
2019-08-12,21.933333333333334,11.616666666666667,137.58333333333334,12.387500000000001,3.15,77.20833333333333,,0.0,,44.541666666666664,30.875
2019-08-13,23.445833333333336,11.541666666666666,162.375,12.483333333333334,3.4166666666666665,77.33333333333333,,0.0,,48.958333333333336,30.875
2019-08-14,28.5625,15.2875,182.70833333333334,16.275000000000002,4.254166666666666,66.25,,0.041666666666666664,,53.416666666666664,28.875
2019-08-15,29.558333333333334,18.329166666666666,210.08333333333334,20.708333333333332,4.2625,52.208333333333336,,1.0,,60.583333333333336,34.041666666666664
2019-08-16,24.2375,12.525,193.625,16.3625,3.7708333333333335,52.666666666666664,,1.125,,57.375,31.0
2019-08-17,17.7375,11.491666666666667,185.20833333333334,21.833333333333332,3.6333333333333333,45.791666666666664,,0.3333333333333333,,49.458333333333336,24.041666666666668
2019-08-18,19.758333333333333,12.65,173.66666666666666,21.84583333333333,4.116666666666666,40.166666666666664,,0.0,,49.625,24.125
2019-08-19,25.71666666666667,13.970833333333333,212.625,30.341666666666665,4.304166666666666,38.916666666666664,,0.0,,52.958333333333336,27.208333333333332
2019-08-20,24.291666666666668,13.716666666666667,207.70833333333334,22.287499999999998,4.0625,54.666666666666664,,0.0,,52.833333333333336,27.25
2019-08-21,30.27916666666667,16.425,220.66666666666666,24.5,4.8,52.083333333333336,,1.9583333333333333,,56.708333333333336,30.291666666666668
2019-08-22,37.0875,19.087500000000002,232.5,23.34583333333333,4.1875,51.125,,4.166666666666667,,62.291666666666664,35.5
2019-08-23,40.5625,20.037499999999998,211.375,19.045833333333334,3.8249999999999997,47.75,,3.5416666666666665,,65.91666666666667,39.625
2019-08-24,41.387499999999996,21.379166666666666,225.375,20.2375,4.258333333333334,51.833333333333336,,4.166666666666667,,69.33333333333333,45.416666666666664
2019-08-25,37.891666666666666,20.133333333333333,228.16666666666666,17.695833333333333,4.05,60.75,,5.666666666666667,,69.125,43.916666666666664
2019-08-26,36.09166666666667,19.3875,201.54166666666666,14.658333333333333,3.625,63.791666666666664,,5.75,,65.95833333333333,39.041666666666664
2019-08-27,33.50833333333333,15.629166666666668,188.58333333333334,14.779166666666667,3.233333333333333,61.041666666666664,,10.708333333333334,,62.875,36.5
2019-08-28,27.7,13.487499999999999,192.16666666666666,14.487499999999999,3.7583333333333333,66.0,,1.6666666666666667,,53.5,30.625
2019-08-29,26.6125,12.054166666666667,177.625,15.370833333333332,3.5583333333333336,70.625,,0.25,,51.625,29.166666666666668
2019-08-30,31.02916666666667,13.995833333333332,200.45833333333334,20.158333333333335,3.85,63.75,,0.0,,52.916666666666664,29.541666666666668
2019-08-31,29.3625,12.0,198.70833333333334,17.729166666666668,3.841666666666667,59.791666666666664,,0.0,,51.875,30.5
2019-09-01,33.90416666666667,15.695833333333333,207.875,19.7875,3.975,64.41666666666667,,0.4166666666666667,,52.375,31.208333333333332
2019-09-02,30.7375,14.975,192.70833333333334,17.841666666666665,4.379166666666666,72.04166666666667,,0.4166666666666667,,58.5,33.708333333333336
2019-09-03,30.7375,14.666666666666666,175.58333333333334,16.070833333333333,4.0125,70.33333333333333,,0.0,,55.291666666666664,30.875
2019-09-04,35.108333333333334,18.066666666666666,183.70833333333334,18.229166666666668,4.1375,72.20833333333333,,0.75,,59.0,33.083333333333336
2019-09-05,32.204166666666666,18.120833333333334,180.66666666666666,16.470833333333335,3.8166666666666664,60.041666666666664,,0.2916666666666667,,65.5,38.583333333333336
2019-09-06,19.304166666666667,10.658333333333333,172.75,16.495833333333334,3.4875000000000003,57.583333333333336,,0.0,,52.5,28.083333333333332
2019-09-07,27.383333333333336,16.533333333333335,198.41666666666666,26.954166666666666,4.083333333333333,55.208333333333336,,0.0,,52.708333333333336,28.25
2019-09-08,29.8875,16.108333333333334,186.91666666666666,19.370833333333334,3.858333333333333,68.375,,1.0416666666666667,,61.291666666666664,34.541666666666664
2019-09-09,28.133333333333336,13.108333333333334,208.25,19.741666666666667,3.8166666666666664,62.791666666666664,,1.7916666666666667,,53.791666666666664,29.416666666666668
2019-09-10,30.941666666666666,14.908333333333333,221.375,26.645833333333332,4.079166666666667,45.5,,1.5416666666666667,,54.833333333333336,30.416666666666668
2019-09-11,27.058333333333334,12.012500000000001,195.70833333333334,15.833333333333334,3.775,58.791666666666664,,2.4583333333333335,,51.375,28.208333333333332
2019-09-12,32.69166666666667,14.191666666666668,202.54166666666666,19.691666666666666,3.6833333333333336,51.916666666666664,,4.708333333333333,,53.708333333333336,31.5
2019-09-13,31.416666666666668,13.179166666666667,192.45833333333334,17.429166666666667,3.3041666666666667,55.666666666666664,,4.5,,53.458333333333336,31.333333333333332
2019-09-14,31.52916666666667,14.362499999999999,190.70833333333334,15.125,3.1125000000000003,68.70833333333333,,0.625,,53.166666666666664,31.208333333333332
2019-09-15,35.362500000000004,17.645833333333332,181.20833333333334,15.691666666666668,3.6374999999999997,55.625,,0.125,,59.083333333333336,33.958333333333336
2019-09-16,29.650000000000002,13.829166666666666,194.25,24.46666666666667,4.529166666666667,45.333333333333336,,0.0,,57.541666666666664,32.25
2019-09-17,40.0,22.90416666666667,247.29166666666666,43.18333333333334,9.520833333333334,25.416666666666668,,0.0,,63.333333333333336,38.583333333333336
2019-09-18,48.0,30.450000000000003,218.66666666666666,54.05833333333334,10.116666666666667,37.916666666666664,,0.0,,81.66666666666667,60.708333333333336
2019-09-19,40.38333333333333,21.90833333333333,183.33333333333334,23.0,3.9916666666666667,57.916666666666664,,0.0,,85.70833333333333,62.208333333333336
2019-09-20,23.8,11.866666666666667,185.58333333333334,19.354166666666668,3.2458333333333336,43.875,,0.0,,55.791666666666664,31.125
2019-09-21,17.7625,8.6625,182.08333333333334,15.85,3.225,44.541666666666664,,0.0,,40.583333333333336,20.416666666666668
2019-09-22,16.929166666666667,9.75,206.125,21.84166666666667,3.9499999999999997,33.583333333333336,,0.0,,40.041666666666664,19.5
2019-09-23,26.941666666666666,16.108333333333334,273.5,44.25416666666666,8.158333333333333,17.083333333333332,,0.0,,47.875,24.875
2019-09-24,48.708333333333336,33.550000000000004,277.0416666666667,50.01666666666667,10.875,22.0,,0.4583333333333333,,79.0,54.291666666666664
2019-09-25,33.09166666666666,22.233333333333334,224.20833333333334,31.34583333333333,5.654166666666666,31.041666666666668,,1.4583333333333333,,85.79166666666667,61.791666666666664
2019-09-26,28.75,17.704166666666666,251.375,38.15416666666666,9.345833333333333,22.041666666666668,,1.2916666666666667,,64.5,38.125
2019-09-27,34.487500000000004,24.525000000000002,223.66666666666666,38.208333333333336,7.004166666666666,27.416666666666668,,1.125,,72.16666666666667,50.041666666666664
2019-09-28,30.758333333333336,17.45,220.5,35.77916666666667,5.0625,26.5,,1.2083333333333333,,69.70833333333333,45.958333333333336
2019-09-29,28.8125,18.841666666666665,267.6666666666667,44.1625,7.058333333333334,15.541666666666666,,0.9583333333333334,,57.25,30.708333333333332
2019-09-30,51.59166666666667,35.47083333333333,283.875,59.30833333333333,10.799999999999999,16.125,,1.0,,89.16666666666667,61.541666666666664
2019-10-01,52.28333333333333,32.708333333333336,267.5833333333333,53.90416666666667,10.320833333333333,24.791666666666668,,0.625,,94.08333333333333,66.25
2019-10-02,37.99583333333333,24.933333333333334,263.1666666666667,33.05833333333333,8.450000000000001,40.0,,0.4166666666666667,,84.45833333333333,62.416666666666664
2019-10-03,42.699999999999996,26.6125,234.04166666666666,37.49166666666667,9.299999999999999,37.291666666666664,,0.5833333333333334,,80.16666666666667,60.791666666666664
2019-10-04,29.366666666666664,17.2625,187.83333333333334,31.34583333333333,8.933333333333334,39.875,,1.625,,70.875,47.916666666666664
2019-10-05,23.0125,12.429166666666667,182.125,22.5125,4.733333333333333,28.25,,2.5833333333333335,,57.416666666666664,30.916666666666668
2019-10-06,14.729166666666666,9.9375,212.08333333333334,27.104166666666668,4.6625000000000005,25.875,,0.0,,43.458333333333336,21.541666666666668
2019-10-07,29.833333333333332,19.195833333333333,233.83333333333334,31.933333333333334,5.408333333333334,20.333333333333332,,0.0,,57.208333333333336,31.916666666666668
2019-10-08,16.3125,9.504166666666666,183.16666666666666,17.345833333333335,2.6999999999999997,35.25,,0.0,,52.416666666666664,27.416666666666668
2019-10-09,20.479166666666668,11.383333333333333,230.875,30.945833333333336,5.566666666666666,20.791666666666668,,0.0,,37.625,18.958333333333332
2019-10-10,40.641666666666666,24.212500000000002,223.75,37.09583333333333,9.066666666666666,21.291666666666668,,0.0,,65.125,42.083333333333336
2019-10-11,43.10833333333333,28.0625,232.875,37.22083333333333,8.270833333333334,19.541666666666668,,0.9166666666666666,,81.45833333333333,61.25
2019-10-12,22.454166666666666,13.137500000000001,188.95833333333334,19.566666666666666,3.9916666666666667,40.625,,0.0,,67.45833333333333,43.375
2019-10-13,24.125,12.645833333333334,211.41666666666666,24.537499999999998,5.0125,32.75,,0.0,,50.75,24.75
2019-10-14,28.65416666666667,15.983333333333334,228.83333333333334,29.729166666666668,5.720833333333334,27.208333333333332,,0.0,,53.625,27.375
2019-10-15,36.670833333333334,21.495833333333334,252.375,34.729166666666664,6.2875000000000005,25.625,,0.0,,63.125,36.666666666666664
2019-10-16,37.699999999999996,24.483333333333334,220.33333333333334,29.195833333333336,5.658333333333334,33.416666666666664,,0.041666666666666664,,74.83333333333333,54.916666666666664
2019-10-17,38.550000000000004,23.320833333333336,249.91666666666666,36.829166666666666,6.558333333333334,23.583333333333332,,1.2083333333333333,,74.08333333333333,53.083333333333336
2019-10-18,44.50416666666666,30.7375,316.2916666666667,50.4375,8.983333333333333,13.916666666666666,,1.25,,78.875,59.083333333333336
2019-10-19,66.81666666666666,48.76666666666667,304.0833333333333,52.19166666666666,9.791666666666666,14.583333333333334,,2.6666666666666665,,115.08333333333333,73.0
2019-10-20,40.93333333333333,28.933333333333334,250.29166666666666,35.891666666666666,6.1375,22.083333333333332,,1.8333333333333333,,113.08333333333333,72.5
2019-10-21,39.858333333333334,27.191666666666666,229.16666666666666,31.02916666666667,5.175,27.291666666666668,,2.5,,83.41666666666667,62.083333333333336
2019-10-22,32.0625,19.766666666666666,216.875,24.129166666666666,4.325,36.208333333333336,,3.1666666666666665,,72.875,49.708333333333336
2019-10-23,28.879166666666666,17.17083333333333,212.125,22.695833333333336,4.079166666666667,39.458333333333336,,2.9583333333333335,,63.916666666666664,37.083333333333336
2019-10-24,32.27916666666667,18.3,238.41666666666666,28.683333333333334,4.929166666666666,33.125,,3.0,,62.625,35.791666666666664
2019-10-25,31.604166666666668,19.545833333333334,246.70833333333334,29.870833333333334,5.204166666666667,31.333333333333332,,3.0416666666666665,,63.541666666666664,36.833333333333336
2019-10-26,34.24166666666667,23.270833333333332,230.91666666666666,26.204166666666666,4.804166666666666,31.875,,2.8333333333333335,,71.83333333333333,49.166666666666664
2019-10-27,25.358333333333334,16.3875,221.25,26.341666666666665,4.708333333333333,26.791666666666668,,1.0416666666666667,,66.83333333333333,41.5
2019-10-28,31.741666666666664,21.495833333333334,266.1666666666667,39.12916666666667,7.2124999999999995,16.25,,2.0,,61.875,35.416666666666664
2019-10-29,37.86666666666667,26.979166666666668,275.8333333333333,50.28333333333333,8.566666666666666,11.291666666666666,,1.7083333333333333,,77.45833333333333,57.458333333333336
2019-10-30,54.987500000000004,41.67916666666667,360.75,51.24166666666667,9.4,11.0,,2.4166666666666665,,97.04166666666667,67.125
2019-10-31,37.125,25.708333333333332,276.9166666666667,41.0375,5.8500000000000005,8.625,,1.0416666666666667,,98.875,67.66666666666667
2019-11-01,16.075,9.495833333333334,178.25,21.308333333333334,4.245833333333334,35.041666666666664,,0.0,,62.166666666666664,38.75
2019-11-02,19.554166666666667,11.112499999999999,233.20833333333334,28.508333333333336,6.4375,29.791666666666668,,0.0,,36.458333333333336,18.083333333333332
2019-11-03,38.80833333333333,25.854166666666668,245.41666666666666,42.22083333333333,11.454166666666666,17.125,,0.25,,65.70833333333333,43.416666666666664
2019-11-04,38.69583333333333,26.058333333333334,182.5,29.683333333333334,6.783333333333334,31.416666666666668,,6.291666666666667,,82.875,61.958333333333336
2019-11-05,28.21666666666667,16.691666666666666,170.83333333333334,23.299999999999997,6.2875000000000005,42.541666666666664,,6.291666666666667,,67.16666666666667,42.416666666666664
2019-11-06,38.9,19.570833333333333,171.875,27.504166666666666,5.920833333333333,38.708333333333336,,13.0,,62.125,35.583333333333336
2019-11-07,55.625,26.858333333333334,190.625,36.800000000000004,10.620833333333334,25.333333333333332,,16.0,,71.83333333333333,51.916666666666664
2019-11-08,69.30833333333334,36.85,273.375,55.45416666666667,17.787499999999998,10.0,,15.5,,95.375,66.75
2019-11-09,70.32083333333334,39.858333333333334,277.7083333333333,66.02916666666667,16.383333333333333,5.041666666666667,,12.791666666666666,,107.66666666666667,70.875
2019-11-10,75.98333333333333,47.020833333333336,263.7083333333333,59.34166666666667,16.295833333333334,8.708333333333334,,19.0,,122.29166666666667,75.41666666666667
2019-11-11,84.33749999999999,53.0625,299.2916666666667,68.46666666666667,19.041666666666668,5.916666666666667,,19.291666666666668,,132.16666666666666,78.75
2019-11-12,63.425000000000004,40.8125,367.8333333333333,57.020833333333336,16.620833333333334,4.25,,11.666666666666666,,125.54166666666667,76.54166666666667
2019-11-13,74.54166666666667,49.050000000000004,332.2083333333333,68.05416666666666,16.420833333333334,8.208333333333334,,16.625,,120.70833333333333,75.08333333333333
2019-11-14,75.19583333333334,51.324999999999996,345.7083333333333,56.71666666666667,11.141666666666666,6.916666666666667,,11.5,,145.41666666666666,82.95833333333333
2019-11-15,47.00833333333333,33.65833333333333,323.3333333333333,48.645833333333336,14.566666666666668,13.125,,10.958333333333334,,113.29166666666667,72.66666666666667
2019-11-16,63.75833333333333,44.30416666666667,318.5,46.62916666666666,11.6,14.083333333333334,,10.625,,114.95833333333333,73.20833333333333
2019-11-17,45.21666666666667,34.295833333333334,339.2916666666667,33.09583333333334,9.133333333333333,25.958333333333332,,8.208333333333334,,99.83333333333333,68.08333333333333
2019-11-18,66.425,49.24166666666667,500.3333333333333,64.45416666666667,18.3875,3.2916666666666665,,8.541666666666666,,117.125,73.79166666666667
2019-11-19,107.77916666666665,75.2,540.3333333333334,70.87916666666666,21.316666666666666,6.291666666666667,,10.125,,153.08333333333334,91.70833333333333
2019-11-20,56.85,42.22083333333333,422.625,46.770833333333336,20.537499999999998,12.291666666666666,,4.375,,145.16666666666666,87.20833333333333
2019-11-21,54.44166666666666,37.475,404.25,50.24583333333334,15.975000000000001,11.041666666666666,,3.3333333333333335,,109.25,71.33333333333333
2019-11-22,33.28333333333333,17.7375,235.45833333333334,22.616666666666664,4.433333333333334,30.375,,2.0833333333333335,,83.20833333333333,58.208333333333336
2019-11-23,33.854166666666664,20.908333333333335,320.3333333333333,36.15833333333333,6.354166666666667,18.666666666666668,,2.9166666666666665,,62.291666666666664,35.625
2019-11-24,43.14166666666667,31.125,403.625,50.175000000000004,9.404166666666667,6.625,,2.6666666666666665,,80.625,59.041666666666664
2019-11-25,50.68333333333334,41.40416666666667,362.7083333333333,41.4375,10.795833333333334,9.791666666666666,,3.7083333333333335,,100.91666666666667,68.5
2019-11-26,39.875,30.683333333333334,290.5,40.358333333333334,7.8,13.416666666666666,,4.291666666666667,,107.29166666666667,70.625
2019-11-27,27.733333333333334,19.491666666666667,285.5416666666667,28.099999999999998,5.308333333333334,20.375,,1.4166666666666667,,73.79166666666667,49.958333333333336
2019-11-28,34.42916666666667,24.366666666666664,259.9583333333333,32.49583333333333,7.391666666666667,16.791666666666668,,1.5,,75.45833333333333,54.5
2019-11-29,20.791666666666668,13.508333333333333,211.95833333333334,23.566666666666666,5.183333333333334,37.25,,0.75,,63.125,38.083333333333336
2019-11-30,28.1125,18.033333333333335,215.33333333333334,29.8,6.129166666666666,26.083333333333332,,0.6666666666666666,,57.041666666666664,30.583333333333332
2019-12-01,14.983333333333334,8.6625,218.54166666666666,15.679166666666667,4.154166666666667,28.458333333333332,,0.0,,53.333333333333336,28.125
2019-12-02,22.045833333333334,15.333333333333334,361.6666666666667,37.275,7.695833333333333,23.791666666666668,,0.0,,41.916666666666664,21.083333333333332
2019-12-03,28.9875,18.658333333333335,330.2916666666667,34.90416666666667,8.533333333333333,19.125,,0.0,,62.041666666666664,35.333333333333336
2019-12-04,14.2875,8.9125,239.66666666666666,19.445833333333333,3.5500000000000003,35.833333333333336,,0.0,,53.916666666666664,28.5
2019-12-05,18.979166666666668,10.995833333333332,265.5416666666667,26.6875,4.704166666666667,28.208333333333332,,0.0,,39.333333333333336,19.083333333333332
2019-12-06,37.175000000000004,25.520833333333332,432.8333333333333,48.15833333333333,10.979166666666666,6.416666666666667,,0.0,,60.0,35.25
2019-12-07,53.675000000000004,40.88333333333333,350.0416666666667,46.19166666666666,13.491666666666667,12.375,,0.041666666666666664,,103.54166666666667,69.29166666666667
2019-12-08,33.12083333333333,26.183333333333334,326.5,34.125,12.683333333333332,18.375,,1.7083333333333333,,92.29166666666667,65.33333333333333
2019-12-09,68.62083333333334,50.42083333333333,506.0416666666667,57.708333333333336,16.908333333333335,5.208333333333333,,3.0833333333333335,,107.625,70.54166666666667
2019-12-10,49.15416666666667,35.13333333333333,473.25,51.395833333333336,16.45,5.916666666666667,,1.9583333333333333,,122.83333333333333,75.66666666666667
2019-12-11,58.57083333333333,43.87916666666666,386.2916666666667,49.416666666666664,12.9,5.333333333333333,,1.4166666666666667,,109.41666666666667,71.41666666666667
2019-12-12,45.458333333333336,34.975,425.0833333333333,53.975,13.779166666666667,4.0,,1.4166666666666667,,105.41666666666667,70.16666666666667
2019-12-13,47.800000000000004,39.762499999999996,387.0833333333333,46.04583333333333,10.65,9.791666666666666,,4.041666666666667,,105.79166666666667,70.16666666666667
2019-12-14,30.066666666666666,20.870833333333334,266.875,43.520833333333336,12.620833333333332,15.625,,2.375,,88.79166666666667,61.0
2019-12-15,52.80416666666667,38.125,368.4166666666667,57.520833333333336,12.358333333333334,6.666666666666667,,0.4583333333333333,,93.25,63.958333333333336
2019-12-16,63.762499999999996,48.487500000000004,388.9166666666667,57.675000000000004,11.504166666666668,6.708333333333333,,0.875,,120.29166666666667,74.95833333333333
2019-12-17,55.46666666666667,41.47083333333333,312.8333333333333,55.94166666666666,14.204166666666666,7.416666666666667,,1.125,,121.83333333333333,75.45833333333333
2019-12-18,48.78333333333333,36.025,292.9166666666667,48.38333333333333,13.125,12.083333333333334,,2.125,,106.29166666666667,70.5
2019-12-19,48.59583333333333,33.55416666666667,315.625,50.25416666666666,16.608333333333334,9.916666666666666,,1.8333333333333333,,96.0,67.04166666666667
2019-12-20,65.9125,49.9,294.2083333333333,59.525,14.85,6.208333333333333,,1.2083333333333333,,122.95833333333333,75.70833333333333
2019-12-21,37.454166666666666,24.40833333333333,185.41666666666666,25.858333333333334,7.283333333333334,35.375,,8.125,,101.875,68.54166666666667
2019-12-22,34.05833333333333,18.166666666666668,181.5,16.162499999999998,5.754166666666666,51.666666666666664,,12.958333333333334,,66.375,41.125
2019-12-23,21.441666666666666,11.095833333333333,175.66666666666666,18.925,5.179166666666666,50.875,,3.1666666666666665,,57.708333333333336,31.333333333333332
2019-12-24,17.345833333333335,11.625,263.5833333333333,32.954166666666666,7.2,19.125,,0.4583333333333333,,40.958333333333336,20.25
2019-12-25,20.445833333333333,11.979166666666666,266.7083333333333,25.679166666666664,6.195833333333333,14.458333333333334,,0.25,,50.75,24.833333333333332
2019-12-26,16.8875,10.858333333333334,258.2083333333333,21.900000000000002,5.495833333333334,16.875,,0.2916666666666667,,47.041666666666664,22.541666666666668
2019-12-27,23.4875,16.570833333333333,364.2083333333333,31.616666666666664,7.145833333333333,15.791666666666666,,0.25,,50.166666666666664,25.0
2019-12-28,22.766666666666666,15.704166666666666,320.7083333333333,29.733333333333334,7.258333333333333,15.458333333333334,,0.0,,63.75,37.0
2019-12-29,12.1,8.479166666666666,241.375,16.933333333333334,4.1875,14.333333333333334,,0.20833333333333334,,44.666666666666664,21.875
2019-12-30,13.4375,9.408333333333333,243.33333333333334,16.650000000000002,3.9416666666666664,22.75,,0.125,,35.5,17.125
2019-12-31,18.708333333333332,15.4,274.9166666666667,20.4375,6.204166666666667,25.375,,0.16666666666666666,,45.541666666666664,22.125
2020-01-01,31.754166666666666,21.208333333333332,285.4166666666667,32.604166666666664,9.975,18.875,,0.875,,59.5,33.0
2020-01-02,16.504166666666666,7.7749999999999995,216.16666666666666,19.787499999999998,4.3125,30.0,,0.0,,42.523809523809526,21.904761904761905
2020-01-03,20.966666666666665,11.383333333333333,320.75,34.34583333333333,10.275,19.875,,0.0,,35.416666666666664,18.541666666666668
2020-01-04,56.48333333333333,33.708333333333336,420.2083333333333,53.80833333333334,25.40416666666667,5.75,,0.9583333333333334,,72.45833333333333,48.875
2020-01-05,68.5,42.329166666666666,415.25,49.37083333333334,15.595833333333333,8.791666666666666,,1.25,,115.95833333333333,73.54166666666667
2020-01-06,15.8375,9.387500000000001,229.0,17.858333333333334,4.883333333333334,25.916666666666668,,0.0,,73.70833333333333,46.458333333333336
2020-01-07,17.266666666666666,8.154166666666667,217.70833333333334,13.725,4.870833333333334,35.541666666666664,,0.0,,36.291666666666664,17.458333333333332
2020-01-08,17.9875,8.4,224.0,17.291666666666668,4.908333333333333,34.333333333333336,,0.0,,32.25,16.708333333333332
2020-01-09,21.216666666666665,11.924999999999999,311.9583333333333,29.6125,10.216666666666667,23.5,,0.0,,39.833333333333336,19.791666666666668
2020-01-10,54.75,32.7875,522.6666666666666,58.0375,21.474999999999998,5.75,,0.0,,70.0,45.708333333333336
2020-01-11,67.60833333333333,42.24583333333333,634.9583333333334,66.16250000000001,19.8875,6.25,,0.375,,113.83333333333333,72.79166666666667
2020-01-12,62.604166666666664,36.69583333333333,377.9166666666667,44.458333333333336,10.816666666666668,12.541666666666666,,0.08333333333333333,,115.20833333333333,73.20833333333333
2020-01-13,30.054166666666664,13.741666666666667,333.875,33.74583333333333,7.658333333333334,14.791666666666666,,0.0,,70.54166666666667,45.333333333333336
2020-01-14,54.52916666666667,30.77916666666667,492.3333333333333,52.525,15.354166666666666,4.916666666666667,,0.0,,67.95833333333333,44.208333333333336
2020-01-15,51.125,27.195833333333336,389.0416666666667,44.27916666666667,10.395833333333334,9.833333333333334,,0.375,,92.20833333333333,65.45833333333333
2020-01-16,29.5125,11.854166666666666,273.5833333333333,29.337500000000002,5.670833333333333,29.208333333333332,,0.125,,64.375,42.916666666666664
2020-01-17,25.8125,10.958333333333334,279.1666666666667,23.016666666666666,5.254166666666666,31.166666666666668,,0.041666666666666664,,45.25,26.583333333333332
2020-01-18,24.025000000000002,12.083333333333334,266.7083333333333,26.09583333333333,4.55,31.5,,0.0,,47.25,25.125
2020-01-19,27.520833333333332,12.833333333333334,288.7916666666667,27.90833333333333,5.504166666666666,29.583333333333332,,0.0,,52.291666666666664,26.708333333333332
2020-01-20,22.849999999999998,11.291666666666666,286.2916666666667,25.125,4.570833333333334,26.125,,0.0,,50.625,25.75
2020-01-21,35.05416666666667,18.51666666666667,325.0,28.55,7.616666666666667,22.666666666666668,,0.3333333333333333,,52.125,27.208333333333332
2020-01-22,63.94166666666666,35.137499999999996,502.625,50.89166666666667,15.875,8.666666666666666,,1.0833333333333333,,79.58333333333333,55.541666666666664
2020-01-23,43.95416666666667,23.337500000000002,319.0416666666667,31.233333333333334,10.15,24.041666666666668,,0.125,,95.5,66.625
2020-01-24,42.5625,21.879166666666666,466.4166666666667,44.15833333333333,11.816666666666668,15.666666666666666,,0.6666666666666666,,64.04166666666667,40.125
2020-01-25,42.59583333333333,26.308333333333334,360.25,47.47083333333333,11.7875,15.75,,0.5,,81.79166666666667,60.583333333333336
2020-01-26,42.98333333333333,26.195833333333336,348.7916666666667,50.14166666666667,9.783333333333333,17.083333333333332,,1.125,,78.04166666666667,59.291666666666664
2020-01-27,72.99166666666666,42.199999999999996,417.4166666666667,72.2,12.495833333333332,6.25,,6.666666666666667,,99.95833333333333,68.08333333333333
2020-01-28,47.800000000000004,29.608333333333334,376.375,45.0625,9.766666666666667,13.625,,3.1666666666666665,,98.625,67.79166666666667
2020-01-29,39.6125,24.275000000000002,329.3333333333333,39.90833333333333,8.158333333333333,19.5,,3.2916666666666665,,86.0,63.166666666666664
2020-01-30,28.258333333333336,17.170833333333334,357.7083333333333,43.8125,8.166666666666666,15.625,,0.5,,66.0,40.625
2020-01-31,41.266666666666666,23.141666666666666,344.3333333333333,41.675000000000004,12.729166666666666,16.333333333333332,,0.0,,69.625,45.75
2020-02-01,33.40416666666667,17.254166666666666,340.4166666666667,42.0875,11.729166666666666,21.583333333333332,,0.625,,61.458333333333336,35.708333333333336
2020-02-02,54.49166666666667,31.620833333333334,327.0416666666667,56.30416666666667,13.158333333333333,14.625,,0.08333333333333333,,82.04166666666667,58.291666666666664
2020-02-03,41.358333333333334,21.037499999999998,283.9166666666667,44.61666666666667,9.920833333333333,24.791666666666668,,0.75,,79.20833333333333,57.708333333333336
2020-02-04,40.30416666666667,21.1875,392.75,45.604166666666664,15.720833333333333,17.791666666666668,,0.8333333333333334,,66.91666666666667,40.958333333333336
2020-02-05,30.541666666666668,16.679166666666667,295.2083333333333,34.05416666666667,7.4125000000000005,24.916666666666668,,1.25,,64.20833333333333,38.0
2020-02-06,18.875,10.141666666666667,258.125,23.770833333333332,7.783333333333334,26.583333333333332,,0.0,,55.125,29.083333333333332
2020-02-07,22.65416666666667,12.083333333333334,293.375,21.991666666666664,7.6125,31.541666666666668,,0.0,,41.916666666666664,20.25
2020-02-08,19.3125,10.129166666666666,268.5833333333333,15.725,4.995833333333334,36.208333333333336,,0.0,,48.375,23.416666666666668
2020-02-09,27.8125,16.2,385.4583333333333,30.974999999999998,8.783333333333333,27.583333333333332,,0.16666666666666666,,50.75,25.833333333333332
2020-02-10,30.416666666666668,19.166666666666668,349.125,43.9375,9.591666666666667,16.916666666666668,,0.9166666666666666,,63.416666666666664,36.708333333333336
2020-02-11,32.37083333333333,16.679166666666667,273.75,32.7625,9.020833333333334,32.583333333333336,,2.1666666666666665,,61.041666666666664,34.375
2020-02-12,27.104166666666668,16.883333333333333,405.75,45.137499999999996,12.487499999999999,28.041666666666668,,0.875,,60.291666666666664,33.875
2020-02-13,46.67916666666667,26.695833333333336,518.3333333333334,53.0875,19.270833333333332,13.666666666666666,,0.0,,72.29166666666667,49.416666666666664
2020-02-14,69.42083333333333,42.137499999999996,473.0,69.99166666666666,13.674999999999999,5.75,,0.0,,100.45833333333333,68.25
2020-02-15,48.762499999999996,29.912499999999998,389.5833333333333,43.375,9.295833333333333,14.0,,0.041666666666666664,,103.45833333333333,69.375
2020-02-16,27.3,13.4375,297.625,19.195833333333333,5.329166666666667,42.166666666666664,,0.0,,67.125,42.791666666666664
2020-02-17,32.545833333333334,16.195833333333333,328.25,36.02916666666667,5.625,24.875,,0.25,,55.208333333333336,29.291666666666668
2020-02-18,53.23333333333333,33.47083333333333,512.0,56.0375,17.783333333333335,10.208333333333334,,0.0,,68.70833333333333,43.791666666666664
2020-02-19,96.90416666666665,56.7125,725.3333333333334,59.29583333333333,28.429166666666664,9.083333333333334,,0.0,,136.41666666666666,80.79166666666667
2020-02-20,44.50416666666666,30.754166666666666,460.4583333333333,36.1625,7.820833333333333,23.958333333333332,,0.0,,113.29166666666667,72.5
2020-02-21,27.933333333333334,16.8,288.75,22.983333333333334,5.3500000000000005,39.5,,0.0,,78.41666666666667,55.083333333333336
2020-02-22,32.82083333333333,15.633333333333333,311.5833333333333,22.258333333333336,5.754166666666666,32.875,,0.0,,58.083333333333336,31.958333333333332
2020-02-23,30.108333333333334,16.683333333333334,349.2916666666667,34.375,7.425,26.541666666666668,,0.0,,57.708333333333336,31.25
2020-02-24,36.208333333333336,19.900000000000002,298.6666666666667,37.17916666666667,10.270833333333334,25.375,,0.25,,64.58333333333333,37.833333333333336
2020-02-25,39.125,18.162499999999998,365.6666666666667,39.733333333333334,7.545833333333333,17.833333333333332,,0.5,,64.58333333333333,38.583333333333336
2020-02-26,41.86666666666667,20.479166666666668,328.8333333333333,43.40416666666667,9.275,26.208333333333332,,0.5,,66.75,42.083333333333336
2020-02-27,35.487500000000004,15.85,249.54166666666666,23.34583333333333,7.583333333333333,49.333333333333336,,1.0833333333333333,,62.0,38.041666666666664
2020-02-28,31.7,16.366666666666667,396.375,41.25416666666667,10.316666666666666,21.916666666666668,,0.5833333333333334,,56.375,32.666666666666664
2020-02-29,28.479166666666668,15.854166666666666,363.7916666666667,34.329166666666666,6.425,29.25,,0.0,,64.33333333333333,37.541666666666664
2020-03-01,35.954166666666666,20.837500000000002,451.75,45.42083333333333,9.383333333333333,16.75,,0.0,,57.958333333333336,31.625
2020-03-02,62.324999999999996,36.7125,383.9583333333333,60.19166666666666,10.737499999999999,15.541666666666666,,0.875,,92.75,64.16666666666667
2020-03-03,49.35833333333333,26.129166666666666,327.5,47.54583333333333,9.958333333333334,26.708333333333332,,5.166666666666667,,85.45833333333333,62.375
2020-03-04,79.8125,37.291666666666664,511.2916666666667,78.0,19.425,5.208333333333333,,5.875,,90.95833333333333,65.58333333333333
2020-03-05,83.70833333333333,43.67083333333333,528.4583333333334,73.8625,18.175,6.333333333333333,,5.083333333333333,,117.875,74.95833333333333
2020-03-06,34.949999999999996,22.804166666666664,358.5416666666667,38.18333333333333,10.154166666666667,12.291666666666666,,1.6666666666666667,,95.08333333333333,66.08333333333333
2020-03-07,35.7125,20.3625,328.1666666666667,47.11666666666667,7.3,23.541666666666668,,1.0,,70.54166666666667,46.791666666666664
2020-03-08,65.47916666666667,36.75833333333333,400.0833333333333,67.4875,13.0,7.791666666666667,,5.25,,83.95833333333333,58.625
2020-03-09,87.6875,41.708333333333336,452.5416666666667,54.074999999999996,14.279166666666667,14.291666666666666,,7.708333333333333,,114.41666666666667,73.125
2020-03-10,39.525,23.175,325.6666666666667,30.141666666666666,7.608333333333333,25.333333333333332,,3.7083333333333335,,86.04166666666667,60.375
2020-03-11,46.37083333333334,28.3625,409.75,47.01666666666667,12.725,15.083333333333334,,1.3333333333333333,,82.91666666666667,61.291666666666664
2020-03-12,63.86666666666667,35.40833333333333,520.25,54.65,14.575000000000001,14.75,,1.0,,93.91666666666667,66.0
2020-03-13,34.108333333333334,20.095833333333335,343.7916666666667,36.17916666666667,6.9750000000000005,29.5,,1.3333333333333333,,80.75,55.375
2020-03-14,49.237500000000004,26.162499999999998,405.625,40.387499999999996,7.358333333333333,21.833333333333332,,2.4166666666666665,,74.25,52.5
2020-03-15,20.7,11.058333333333332,233.58333333333334,17.558333333333334,3.420833333333333,47.791666666666664,,0.4166666666666667,,66.16666666666667,42.875
2020-03-16,17.741666666666667,8.495833333333334,236.70833333333334,14.479166666666666,3.466666666666667,43.833333333333336,,0.0,,35.208333333333336,18.291666666666668
2020-03-17,19.162499999999998,9.470833333333333,272.5416666666667,21.78333333333333,5.108333333333333,37.958333333333336,,0.0,,37.458333333333336,19.333333333333332
2020-03-18,28.491666666666664,14.275,347.9583333333333,31.337500000000002,5.158333333333333,25.708333333333332,,0.0,,50.208333333333336,25.916666666666668
2020-03-19,28.045833333333334,14.345833333333333,288.0416666666667,22.900000000000002,5.6375,43.75,,0.08333333333333333,,51.583333333333336,26.916666666666668
2020-03-20,43.550000000000004,25.733333333333334,405.5416666666667,48.40416666666667,9.616666666666667,17.666666666666668,,0.3333333333333333,,69.20833333333333,46.5
2020-03-21,69.1125,39.574999999999996,470.2083333333333,61.85,12.283333333333333,6.291666666666667,,1.8333333333333333,,94.41666666666667,66.04166666666667
2020-03-22,52.94583333333333,32.545833333333334,371.4583333333333,45.175000000000004,8.383333333333333,22.083333333333332,,1.3333333333333333,,103.54166666666667,69.375
2020-03-23,33.545833333333334,19.866666666666667,293.4583333333333,20.416666666666668,5.1375,31.291666666666668,,0.5,,79.66666666666667,55.916666666666664
2020-03-24,25.583333333333332,13.016666666666666,279.1666666666667,17.120833333333334,4.3374999999999995,32.875,,1.0833333333333333,,59.541666666666664,33.0
2020-03-25,22.370833333333334,11.004166666666668,253.375,15.9375,3.7083333333333335,30.583333333333332,,1.9166666666666667,,47.166666666666664,23.041666666666668
2020-03-26,39.78333333333333,19.4625,279.7083333333333,14.387500000000001,3.2583333333333333,36.416666666666664,,14.75,,51.458333333333336,25.833333333333332
2020-03-27,101.85000000000001,41.6625,300.3333333333333,18.037499999999998,4.241666666666666,33.541666666666664,,36.458333333333336,,87.33333333333333,67.0
2020-03-28,115.51666666666667,45.824999999999996,344.3333333333333,23.245833333333334,5.791666666666667,28.791666666666668,,49.375,,130.33333333333334,87.04166666666667
2020-03-29,51.762499999999996,27.925,360.2083333333333,26.375,5.733333333333333,27.833333333333332,,17.041666666666668,,103.41666666666667,72.91666666666667
2020-03-30,61.612500000000004,32.020833333333336,396.875,31.895833333333332,9.0875,31.0,,18.458333333333332,,84.875,62.625
2020-03-31,79.075,37.68333333333333,373.5833333333333,37.28333333333333,7.145833333333333,19.958333333333332,,12.541666666666666,,109.91666666666667,71.79166666666667
2020-04-01,26.770833333333332,12.8375,267.0833333333333,14.7875,3.9124999999999996,36.958333333333336,,1.6666666666666667,,72.45833333333333,48.208333333333336
2020-04-02,27.441666666666666,14.554166666666667,283.25,16.833333333333332,4.5125,39.291666666666664,,1.7916666666666667,,52.791666666666664,27.25
2020-04-03,23.420833333333334,15.008333333333333,330.125,30.554166666666664,6.716666666666666,35.375,,0.875,,53.416666666666664,27.291666666666668
2020-04-04,50.1875,30.575,384.5416666666667,37.125,5.3875,14.666666666666666,,1.6666666666666667,,77.08333333333333,52.791666666666664
2020-04-05,18.216666666666665,12.049999999999999,270.1666666666667,11.241666666666667,3.7416666666666667,53.541666666666664,,2.25,,68.875,44.583333333333336
2020-04-06,32.449999999999996,16.629166666666666,249.66666666666666,13.829166666666666,3.4875000000000003,60.416666666666664,,1.0,,53.375,28.333333333333332
2020-04-07,28.7625,15.0625,223.58333333333334,11.375,3.2416666666666667,53.041666666666664,,0.041666666666666664,,60.166666666666664,33.458333333333336
2020-04-08,26.241666666666664,13.620833333333332,244.95833333333334,12.458333333333334,2.875,52.833333333333336,,0.08333333333333333,,53.541666666666664,27.291666666666668
2020-04-09,24.991666666666664,12.375,304.875,18.666666666666668,3.8541666666666665,45.208333333333336,,0.125,,51.958333333333336,26.291666666666668
2020-04-10,40.15,24.354166666666668,407.5833333333333,47.645833333333336,8.716666666666667,15.958333333333334,,0.4583333333333333,,60.875,35.25
2020-04-11,51.895833333333336,34.43333333333333,400.9583333333333,49.020833333333336,7.495833333333334,26.75,,0.125,,94.41666666666667,66.125
2020-04-12,27.104166666666668,17.266666666666666,275.2083333333333,13.204166666666666,3.8833333333333333,47.291666666666664,,0.0,,75.41666666666667,50.083333333333336
2020-04-13,33.487500000000004,21.675,359.5833333333333,35.579166666666666,7.55,28.166666666666668,,0.0,,64.41666666666667,38.083333333333336
2020-04-14,47.5375,30.391666666666666,293.7916666666667,52.1875,8.487499999999999,30.875,,0.375,,82.0,59.958333333333336
2020-04-15,25.395833333333332,16.041666666666668,247.875,22.0625,4.770833333333333,41.416666666666664,,0.5,,76.54166666666667,53.125
2020-04-16,18.55,12.15,237.20833333333334,20.150000000000002,4.091666666666667,38.25,,0.0,,50.208333333333336,24.833333333333332
2020-04-17,43.24166666666667,24.90833333333333,364.4166666666667,51.57083333333333,9.745833333333334,14.708333333333334,,0.0,,63.25,38.916666666666664
2020-04-18,41.612500000000004,30.179166666666664,336.7916666666667,53.208333333333336,11.054166666666667,18.5,,0.0,,86.75,63.416666666666664
2020-04-19,41.34166666666667,31.754166666666666,380.9583333333333,47.38333333333333,9.720833333333333,21.208333333333332,,0.0,,88.66666666666667,64.125
2020-04-20,41.625,28.929166666666664,297.0,37.645833333333336,7.3875,34.791666666666664,,0.16666666666666666,,89.70833333333333,64.375
2020-04-21,30.816666666666666,20.133333333333333,257.4166666666667,18.670833333333334,3.8874999999999997,45.291666666666664,,0.041666666666666664,,73.33333333333333,49.708333333333336
2020-04-22,22.379166666666666,13.791666666666666,224.25,14.866666666666667,3.545833333333333,46.208333333333336,,0.08333333333333333,,62.583333333333336,36.0
2020-04-23,20.162499999999998,11.3125,235.54166666666666,13.75,3.5875,46.916666666666664,,0.0,,50.916666666666664,25.208333333333332
2020-04-24,19.616666666666667,11.195833333333333,228.95833333333334,11.145833333333334,3.9250000000000003,55.375,,0.041666666666666664,,45.125,22.791666666666668
2020-04-25,21.995833333333334,15.408333333333333,314.5833333333333,21.308333333333334,5.6000000000000005,38.458333333333336,,0.0,,52.625,26.625
2020-04-26,26.425,17.341666666666665,315.1666666666667,31.77916666666667,6.504166666666666,39.0,,0.25,,60.041666666666664,33.25
2020-04-27,33.954166666666666,20.912499999999998,320.6666666666667,30.84583333333333,6.341666666666666,37.708333333333336,,0.4583333333333333,,64.54166666666667,38.25
2020-04-28,26.245833333333334,16.145833333333332,249.625,28.554166666666664,4.575,41.0,,0.4583333333333333,,65.04166666666667,38.916666666666664
2020-04-29,41.666666666666664,22.8125,333.5,51.32083333333333,10.158333333333333,24.958333333333332,,0.6666666666666666,,63.166666666666664,36.958333333333336
2020-04-30,45.23333333333333,27.741666666666664,337.875,54.77916666666667,9.220833333333333,28.25,,1.9583333333333333,,81.375,60.666666666666664
2020-05-01,28.483333333333334,21.029166666666665,310.1666666666667,35.85,7.570833333333333,34.041666666666664,,2.5,,75.5,53.958333333333336
2020-05-02,27.599999999999998,19.325,280.75,39.3375,5.675,28.583333333333332,,1.625,,67.58333333333333,41.375
2020-05-03,22.333333333333332,15.583333333333334,319.9583333333333,28.791666666666668,5.070833333333334,33.125,,0.375,,60.583333333333336,33.916666666666664
2020-05-04,20.158333333333335,15.054166666666667,311.0833333333333,26.104166666666668,5.3,28.291666666666668,,0.0,,58.541666666666664,32.041666666666664
2020-05-05,19.279166666666665,13.512500000000001,287.625,25.958333333333332,5.7749999999999995,24.291666666666668,,0.0,,52.666666666666664,26.583333333333332
2020-05-06,31.920833333333334,21.454166666666666,259.8333333333333,36.03333333333333,5.6499999999999995,28.25,,0.4583333333333333,,64.33333333333333,39.041666666666664
2020-05-07,18.9375,12.558333333333332,248.25,22.695833333333336,5.2749999999999995,47.083333333333336,,0.0,,58.75,32.583333333333336
2020-05-08,45.92083333333333,27.791666666666668,304.375,42.112500000000004,5.645833333333333,25.833333333333332,,0.25,,70.875,48.625
2020-05-09,34.329166666666666,20.091666666666665,316.375,34.612500000000004,5.641666666666667,33.833333333333336,,0.041666666666666664,,72.875,49.666666666666664
2020-05-10,30.858333333333334,20.162499999999998,323.5833333333333,36.02916666666667,7.679166666666667,37.083333333333336,,0.0,,66.625,39.666666666666664
2020-05-11,46.3375,27.108333333333334,328.4166666666667,54.166666666666664,9.0,25.666666666666668,,0.75,,74.66666666666667,52.958333333333336
2020-05-12,41.8125,22.633333333333336,253.75,38.05416666666667,7.129166666666666,50.75,,11.541666666666666,,77.5,56.416666666666664
2020-05-13,46.15,22.037499999999998,229.04166666666666,22.745833333333334,4.154166666666667,40.875,,7.958333333333333,,74.125,53.708333333333336
2020-05-14,48.35,26.8875,311.2916666666667,34.0625,5.670833333333333,30.125,,6.333333333333333,,69.04166666666667,47.416666666666664
2020-05-15,71.43333333333332,36.50833333333333,317.2083333333333,61.012499999999996,7.5874999999999995,25.458333333333332,,19.666666666666668,,97.5,67.375
2020-05-16,60.48333333333333,36.145833333333336,244.0,36.2,6.533333333333334,38.875,,24.666666666666668,,104.20833333333333,69.79166666666667
2020-05-17,40.9375,26.40416666666667,285.5,21.808333333333334,3.9625,47.541666666666664,,13.958333333333334,,88.875,64.16666666666667
2020-05-18,38.5625,22.016666666666666,229.5,20.45,4.0,42.125,,10.958333333333334,,78.45833333333333,59.0
2020-05-19,22.758333333333336,13.262500000000001,183.25,17.55,3.6833333333333336,49.166666666666664,,4.708333333333333,,59.708333333333336,33.5
2020-05-20,37.958333333333336,22.270833333333332,300.6666666666667,35.775,6.9375,37.541666666666664,,6.458333333333333,,58.75,32.541666666666664
2020-05-21,38.141666666666666,21.166666666666668,214.875,24.579166666666666,4.708333333333333,41.791666666666664,,8.0,,75.79166666666667,56.0
2020-05-22,17.266666666666666,10.079166666666667,207.58333333333334,17.125,4.179166666666666,52.458333333333336,,0.25,,55.375,30.125
2020-05-23,26.53333333333333,16.454166666666666,291.1666666666667,34.52916666666667,4.858333333333333,34.541666666666664,,0.0,,53.541666666666664,29.833333333333332
2020-05-24,17.337500000000002,14.079166666666666,318.7083333333333,25.329166666666666,4.929166666666666,41.416666666666664,,0.0,,55.458333333333336,29.291666666666668
2020-05-25,19.116666666666667,15.479166666666666,271.8333333333333,21.445833333333336,4.554166666666666,42.5,,0.0,,56.541666666666664,30.458333333333332
2020-05-26,15.470833333333333,12.4375,227.70833333333334,16.412499999999998,3.5416666666666665,49.583333333333336,,0.0,,54.25,28.041666666666668
2020-05-27,15.658333333333333,10.625,190.83333333333334,16.925,3.4375,52.666666666666664,,0.0,,45.541666666666664,22.708333333333332
2020-05-28,17.241666666666667,11.820833333333333,252.83333333333334,27.020833333333332,6.8875,37.666666666666664,,0.0,,44.958333333333336,21.916666666666668
2020-05-29,37.612500000000004,21.016666666666666,312.2083333333333,40.729166666666664,7.741666666666667,23.375,,0.0,,62.458333333333336,37.458333333333336
2020-05-30,22.754166666666666,14.204166666666666,270.375,25.641666666666666,4.758333333333334,46.833333333333336,,0.4166666666666667,,60.333333333333336,33.916666666666664
2020-05-31,22.849999999999998,15.083333333333334,250.375,29.416666666666668,5.2250000000000005,52.041666666666664,,0.25,,54.125,28.375
2020-06-01,29.916666666666668,18.1375,258.0833333333333,30.583333333333332,4.791666666666667,38.708333333333336,,0.125,,62.0,35.291666666666664
2020-06-02,30.133333333333336,16.8125,387.8333333333333,36.729166666666664,6.166666666666667,23.208333333333332,,0.0,,59.666666666666664,32.875
2020-06-03,27.0625,16.029166666666665,346.0833333333333,37.987500000000004,5.958333333333333,17.875,,0.0,,61.291666666666664,34.583333333333336
2020-06-04,33.27916666666667,19.120833333333334,285.6666666666667,38.5,4.870833333333334,29.291666666666668,,0.125,,63.166666666666664,36.416666666666664
2020-06-05,32.229166666666664,17.599999999999998,263.375,43.73333333333333,6.070833333333333,31.125,,0.5,,61.666666666666664,35.0
2020-06-06,50.67916666666667,31.620833333333334,345.0,57.36666666666667,6.4750000000000005,25.625,,1.0833333333333333,,75.29166666666667,53.125
2020-06-07,43.275,23.88333333333333,292.125,31.974999999999998,6.483333333333333,43.541666666666664,,5.25,,88.29166666666667,63.833333333333336
2020-06-08,36.975,19.570833333333333,257.625,39.425000000000004,7.1125,32.791666666666664,,4.625,,67.95833333333333,42.958333333333336
2020-06-09,49.37916666666666,25.25,307.25,52.62083333333333,6.116666666666667,25.125,,6.333333333333333,,71.375,48.166666666666664
2020-06-10,41.137499999999996,18.650000000000002,242.5,27.066666666666666,4.2749999999999995,37.583333333333336,,8.291666666666666,,73.5,52.625
2020-06-11,41.57083333333333,20.525000000000002,287.1666666666667,26.52916666666667,5.041666666666667,42.291666666666664,,6.25,,62.75,40.166666666666664
2020-06-12,27.116666666666664,15.9125,244.70833333333334,22.129166666666666,4.341666666666667,55.208333333333336,,1.5833333333333333,,65.66666666666667,39.5
2020-06-13,24.020833333333332,14.9,265.25,26.858333333333334,4.829166666666667,51.375,,1.0,,55.666666666666664,29.416666666666668
2020-06-14,24.179166666666664,16.179166666666667,242.58333333333334,28.724999999999998,4.0625,44.416666666666664,,0.875,,57.916666666666664,31.208333333333332
2020-06-15,34.86666666666667,23.875,277.375,37.125,4.870833333333334,35.083333333333336,,1.75,,65.45833333333333,39.75
2020-06-16,35.291666666666664,20.495833333333334,352.7916666666667,34.016666666666666,4.704166666666667,37.916666666666664,,2.7916666666666665,,73.5,52.0
2020-06-17,44.645833333333336,25.754166666666666,318.0,31.820833333333336,5.0,47.666666666666664,,4.291666666666667,,72.70833333333333,50.708333333333336
2020-06-18,37.87916666666667,26.8875,323.6666666666667,37.583333333333336,5.741666666666667,31.083333333333332,,1.625,,81.91666666666667,61.625
2020-06-19,42.041666666666664,29.0,336.25,40.67916666666667,7.495833333333334,22.208333333333332,,0.5,,85.875,63.125
2020-06-20,32.4125,22.079166666666666,287.75,37.375,6.766666666666667,29.541666666666668,,0.375,,77.875,57.333333333333336
2020-06-21,35.395833333333336,23.375,296.8333333333333,35.03333333333333,5.929166666666667,32.833333333333336,,0.4583333333333333,,74.875,54.458333333333336
2020-06-22,26.245833333333334,16.925,259.5833333333333,27.895833333333332,4.495833333333334,34.833333333333336,,0.6666666666666666,,64.70833333333333,39.458333333333336
2020-06-23,29.537499999999998,19.320833333333333,346.2916666666667,33.875,4.483333333333333,35.958333333333336,,1.375,,60.875,34.208333333333336
2020-06-24,32.920833333333334,19.575,295.1666666666667,32.30416666666667,5.75,35.375,,1.0,,67.41666666666667,40.833333333333336
2020-06-25,23.308333333333334,14.633333333333333,282.625,22.53333333333333,3.775,45.333333333333336,,1.625,,61.833333333333336,35.083333333333336
2020-06-26,25.712500000000002,14.408333333333333,245.45833333333334,15.508333333333333,2.8708333333333336,47.583333333333336,,1.7916666666666667,,55.958333333333336,29.583333333333332
2020-06-27,25.104166666666668,12.616666666666667,200.04166666666666,13.487499999999999,2.6333333333333333,50.958333333333336,,0.75,,51.791666666666664,26.25
2020-06-28,23.695833333333336,11.604166666666666,232.16666666666666,13.595833333333333,2.716666666666667,51.791666666666664,,0.0,,49.916666666666664,25.416666666666668
2020-06-29,26.0125,15.695833333333333,270.125,22.537499999999998,3.9958333333333336,43.541666666666664,,0.3333333333333333,,53.958333333333336,27.875
2020-06-30,33.324999999999996,19.354166666666668,304.125,36.19583333333333,4.729166666666667,34.708333333333336,,1.0,,61.208333333333336,34.583333333333336
2020-07-01,42.574999999999996,22.141666666666666,352.1666666666667,36.420833333333334,3.975,34.958333333333336,,1.0833333333333333,,70.29166666666667,46.25
2020-07-02,29.40833333333333,17.150000000000002,284.8333333333333,20.629166666666666,2.5458333333333334,49.958333333333336,,1.0,,65.08333333333333,39.416666666666664
2020-07-03,24.379166666666666,14.700000000000001,249.0,20.429166666666667,2.504166666666667,49.875,,1.0,,57.666666666666664,31.208333333333332
2020-07-04,27.03333333333333,16.037499999999998,260.5416666666667,21.7,2.8708333333333336,44.041666666666664,,1.0,,57.0,30.625
2020-07-05,29.8,18.445833333333333,231.54166666666666,20.054166666666667,3.0,48.0,,1.2083333333333333,,61.166666666666664,34.458333333333336
2020-07-06,31.483333333333334,16.908333333333335,213.875,18.958333333333332,3.329166666666667,56.916666666666664,,2.2083333333333335,,62.541666666666664,36.083333333333336
2020-07-07,36.88333333333333,19.329166666666666,272.3333333333333,20.150000000000002,3.795833333333333,53.583333333333336,,4.791666666666667,,63.0,36.208333333333336
2020-07-08,26.991666666666664,13.379166666666668,211.66666666666666,13.054166666666667,2.9,44.916666666666664,,0.7083333333333334,,60.416666666666664,34.041666666666664
2020-07-09,20.520833333333332,10.891666666666666,193.875,16.704166666666666,2.370833333333333,47.708333333333336,,0.0,,46.375,23.458333333333332
2020-07-10,20.695833333333333,11.079166666666666,173.625,15.070833333333333,1.9708333333333332,52.416666666666664,,0.0,,46.875,22.833333333333332
2020-07-11,26.162499999999998,14.133333333333333,176.16666666666666,13.829166666666666,2.470833333333333,64.08333333333333,,0.041666666666666664,,50.083333333333336,26.125
2020-07-12,28.045833333333334,14.987499999999999,226.04166666666666,16.441666666666666,2.7916666666666665,64.75,,0.0,,57.0,30.666666666666668
2020-07-13,28.8125,16.204166666666666,235.08333333333334,19.9875,3.4,40.291666666666664,,0.4166666666666667,,58.666666666666664,32.083333333333336
2020-07-14,18.854166666666668,9.745833333333334,169.25,13.825000000000001,2.5833333333333335,52.958333333333336,,0.0,,48.5,25.166666666666668
2020-07-15,18.725,10.391666666666667,207.125,18.429166666666667,3.1333333333333333,49.708333333333336,,0.0,,42.958333333333336,21.833333333333332
2020-07-16,20.825,11.004166666666668,241.83333333333334,23.1875,3.4416666666666664,44.375,,0.041666666666666664,,43.5,22.333333333333332
2020-07-17,22.420833333333334,12.674999999999999,258.0,25.491666666666664,3.1666666666666665,39.75,,0.0,,49.958333333333336,24.125
2020-07-18,22.233333333333334,13.3375,222.95833333333334,17.087500000000002,3.079166666666667,56.291666666666664,,0.0,,50.875,26.083333333333332
2020-07-19,28.900000000000002,16.770833333333332,260.4583333333333,16.008333333333333,3.0041666666666664,63.791666666666664,,0.8333333333333334,,55.916666666666664,30.083333333333332
2020-07-20,29.266666666666666,16.116666666666667,278.6666666666667,20.408333333333335,3.6458333333333335,50.458333333333336,,1.0833333333333333,,60.958333333333336,34.208333333333336
2020-07-21,29.0,16.8875,284.8333333333333,24.933333333333334,3.4875000000000003,42.958333333333336,,0.5416666666666666,,60.708333333333336,34.166666666666664
2020-07-22,24.425,14.237499999999999,296.0,19.837500000000002,2.908333333333333,63.5,,0.625,,56.083333333333336,30.833333333333332
2020-07-23,25.52916666666667,14.408333333333333,268.875,18.412499999999998,2.9416666666666664,63.208333333333336,,0.875,,54.166666666666664,28.666666666666668
2020-07-24,27.883333333333336,14.208333333333334,258.75,15.262500000000001,2.875,67.54166666666667,,0.5833333333333334,,55.833333333333336,30.083333333333332
2020-07-25,26.224999999999998,14.120833333333332,247.625,14.737499999999999,2.7541666666666664,74.375,,0.041666666666666664,,54.083333333333336,30.25
2020-07-26,29.833333333333332,16.833333333333332,303.2916666666667,20.083333333333332,2.8833333333333333,70.29166666666667,,0.4166666666666667,,58.375,32.541666666666664
2020-07-27,32.012499999999996,17.429166666666667,339.6666666666667,26.27916666666667,3.7541666666666664,51.791666666666664,,1.2916666666666667,,61.333333333333336,34.583333333333336
2020-07-28,31.670833333333334,17.808333333333334,351.5,25.995833333333334,3.35,55.333333333333336,,1.4166666666666667,,61.375,34.708333333333336
2020-07-29,32.84583333333333,18.875,322.5833333333333,30.641666666666666,3.3000000000000003,49.916666666666664,,1.7083333333333333,,62.916666666666664,36.25
2020-07-30,30.77916666666667,20.191666666666666,302.0416666666667,22.34166666666667,3.091666666666667,61.583333333333336,,1.6666666666666667,,67.41666666666667,41.083333333333336
2020-07-31,22.295833333333334,14.429166666666667,339.2083333333333,18.083333333333332,3.2875,53.208333333333336,,1.375,,61.416666666666664,34.75
2020-08-01,23.84583333333333,15.904166666666667,321.4166666666667,21.608333333333334,3.9166666666666665,42.25,,1.7083333333333333,,55.625,29.291666666666668
2020-08-02,19.529166666666665,12.0625,255.95833333333334,12.916666666666666,3.1791666666666667,66.95833333333333,,0.20833333333333334,,54.833333333333336,31.541666666666668
2020-08-03,18.420833333333334,10.866666666666667,265.25,14.025,3.1875,65.04166666666667,,0.041666666666666664,,48.208333333333336,26.333333333333332
2020-08-04,20.541666666666668,11.883333333333333,271.5833333333333,17.037499999999998,3.545833333333333,58.916666666666664,,0.0,,43.833333333333336,24.291666666666668
2020-08-05,23.375,12.108333333333334,278.2083333333333,17.358333333333334,3.8000000000000003,70.45833333333333,,0.0,,51.166666666666664,28.75
2020-08-06,26.570833333333336,13.779166666666667,307.0,18.8875,3.75,65.29166666666667,,1.2083333333333333,,51.25,27.041666666666668
2020-08-07,29.65416666666667,15.220833333333333,308.0416666666667,17.95,3.891666666666667,67.83333333333333,,2.7083333333333335,,55.583333333333336,29.625
2020-08-08,30.945833333333336,15.879166666666668,280.4166666666667,16.433333333333334,3.5124999999999997,65.66666666666667,,1.375,,57.791666666666664,31.166666666666668
2020-08-09,34.104166666666664,18.0,267.625,14.558333333333332,3.3833333333333333,72.70833333333333,,0.6666666666666666,,60.75,33.958333333333336
2020-08-10,29.837500000000002,15.408333333333333,284.875,17.962500000000002,3.654166666666667,60.875,,0.3333333333333333,,60.666666666666664,33.958333333333336
2020-08-11,28.8125,14.045833333333334,335.5,22.766666666666666,3.841666666666667,61.375,,0.041666666666666664,,55.041666666666664,29.875
2020-08-12,30.258333333333336,16.095833333333335,346.0833333333333,26.629166666666666,3.75,53.041666666666664,,0.20833333333333334,,56.833333333333336,30.666666666666668
2020-08-13,29.629166666666666,15.679166666666667,341.7916666666667,24.808333333333334,3.7375000000000003,53.125,,0.20833333333333334,,59.333333333333336,32.75
2020-08-14,21.825,10.966666666666667,310.2916666666667,17.945833333333333,3.4166666666666665,58.458333333333336,,0.16666666666666666,,52.291666666666664,26.791666666666668
2020-08-15,22.425,11.395833333333334,286.75,18.420833333333334,3.0541666666666667,61.458333333333336,,0.3333333333333333,,44.291666666666664,25.041666666666668
2020-08-16,21.616666666666664,10.799999999999999,281.1666666666667,16.766666666666666,2.8041666666666667,59.541666666666664,,0.08333333333333333,,47.333333333333336,25.416666666666668
2020-08-17,25.354166666666668,12.433333333333332,283.625,18.775000000000002,3.5749999999999997,68.125,,0.0,,48.833333333333336,27.208333333333332
2020-08-18,25.875,13.783333333333333,324.7083333333333,23.78333333333333,3.3833333333333333,68.41666666666667,,0.0,,51.458333333333336,28.666666666666668
2020-08-19,28.554166666666664,15.016666666666666,365.0416666666667,27.479166666666668,3.75,58.5,,0.041666666666666664,,55.291666666666664,30.333333333333332
2020-08-20,27.741666666666664,16.099999999999998,371.9583333333333,31.795833333333334,5.304166666666666,45.875,,0.2916666666666667,,57.166666666666664,30.625
2020-08-21,32.958333333333336,20.129166666666666,318.0416666666667,32.387499999999996,4.7875000000000005,41.583333333333336,,0.3333333333333333,,65.66666666666667,39.0
2020-08-22,38.4125,22.883333333333336,400.25,32.25416666666667,3.404166666666667,38.0,,0.2916666666666667,,68.95833333333333,44.083333333333336
2020-08-23,29.8625,17.575,384.2916666666667,25.787499999999998,2.733333333333333,47.25,,0.08333333333333333,,66.54166666666667,41.416666666666664
2020-08-24,29.620833333333334,17.629166666666666,315.375,22.59166666666667,2.5500000000000003,52.666666666666664,,0.25,,62.083333333333336,35.375
2020-08-25,24.508333333333336,12.975,305.375,22.40833333333333,3.141666666666667,57.583333333333336,,0.08333333333333333,,57.25,31.75
2020-08-26,25.758333333333336,13.691666666666668,315.5416666666667,25.808333333333334,3.75,45.041666666666664,,0.041666666666666664,,52.375,26.916666666666668
2020-08-27,28.7375,15.766666666666666,315.625,29.3125,3.795833333333333,39.625,,0.4166666666666667,,55.958333333333336,29.583333333333332
2020-08-28,31.55,16.2375,340.2083333333333,31.983333333333334,3.9416666666666664,35.0,,0.2916666666666667,,58.958333333333336,32.291666666666664
2020-08-29,23.8875,12.479166666666666,319.5833333333333,23.945833333333336,3.2458333333333336,49.666666666666664,,0.4166666666666667,,54.166666666666664,28.416666666666668
2020-08-30,24.4875,12.362499999999999,352.4583333333333,17.479166666666668,3.3125,48.333333333333336,,0.20833333333333334,,51.458333333333336,25.666666666666668
2020-08-31,25.270833333333332,14.508333333333333,318.7916666666667,20.758333333333333,3.279166666666667,47.916666666666664,,0.25,,53.416666666666664,27.166666666666668
2020-09-01,26.120833333333334,13.895833333333334,307.0833333333333,27.870833333333334,4.2875000000000005,49.041666666666664,,0.20833333333333334,,53.25,27.583333333333332
2020-09-02,30.941666666666666,17.175,299.2916666666667,29.058333333333334,3.9250000000000003,39.083333333333336,,0.5,,58.958333333333336,32.458333333333336
2020-09-03,24.525000000000002,13.604166666666666,307.875,24.454166666666666,3.6208333333333336,34.708333333333336,,0.75,,56.291666666666664,29.791666666666668
2020-09-04,30.175,14.366666666666667,300.125,23.004166666666666,3.483333333333333,41.958333333333336,,0.9583333333333334,,54.791666666666664,28.666666666666668
2020-09-05,22.566666666666666,12.758333333333333,262.625,18.441666666666666,3.7875,46.041666666666664,,0.041666666666666664,,51.75,26.541666666666668
2020-09-06,39.9375,23.320833333333336,378.625,36.608333333333334,5.241666666666666,33.958333333333336,,0.8333333333333334,,65.875,41.75
2020-09-07,43.73333333333333,21.212500000000002,311.125,30.816666666666666,4.833333333333333,38.625,,2.4583333333333335,,70.5,46.625
2020-09-08,38.07083333333333,18.116666666666667,320.0416666666667,25.0125,3.5124999999999997,43.166666666666664,,3.4583333333333335,,66.16666666666667,44.041666666666664
2020-09-09,33.00833333333333,15.779166666666667,263.75,18.825,3.1999999999999997,53.333333333333336,,3.75,,60.25,33.958333333333336
2020-09-10,25.979166666666668,12.333333333333334,234.95833333333334,19.441666666666666,3.0083333333333333,52.583333333333336,,1.5416666666666667,,52.958333333333336,28.75
2020-09-11,29.03333333333333,13.091666666666667,261.8333333333333,20.720833333333335,3.358333333333333,57.041666666666664,,0.9583333333333334,,52.25,28.458333333333332
2020-09-12,28.858333333333334,14.4,237.20833333333334,18.55,3.2916666666666665,67.16666666666667,,0.9166666666666666,,53.75,29.041666666666668
2020-09-13,36.09166666666667,17.604166666666668,261.0416666666667,17.125,2.841666666666667,60.083333333333336,,1.3333333333333333,,58.916666666666664,33.416666666666664
2020-09-14,36.670833333333334,15.716666666666667,256.0416666666667,17.229166666666668,2.9166666666666665,49.666666666666664,,1.0,,59.875,35.833333333333336
2020-09-15,36.708333333333336,16.441666666666666,243.75,17.875,3.266666666666667,61.791666666666664,,0.5416666666666666,,58.041666666666664,36.083333333333336
2020-09-16,33.108333333333334,14.6625,248.45833333333334,17.3125,3.3208333333333333,51.0,,0.041666666666666664,,59.833333333333336,36.416666666666664
2020-09-17,33.94583333333333,15.720833333333333,315.0416666666667,24.25,4.441666666666667,46.125,,0.25,,55.833333333333336,32.375
2020-09-18,35.704166666666666,15.604166666666666,300.4166666666667,28.204166666666666,4.054166666666666,29.25,,0.625,,59.291666666666664,36.916666666666664
2020-09-19,22.554166666666664,10.1875,196.20833333333334,14.345833333333333,2.4125,45.5,,0.2916666666666667,,49.958333333333336,27.666666666666668
2020-09-20,18.991666666666667,8.25,213.5,16.983333333333334,2.3583333333333334,39.541666666666664,,0.041666666666666664,,36.958333333333336,20.458333333333332
2020-09-21,22.962500000000002,9.745833333333334,242.5,20.1875,2.8166666666666664,43.041666666666664,,0.0,,37.833333333333336,21.166666666666668
2020-09-22,28.03333333333333,11.783333333333333,254.70833333333334,23.391666666666666,3.1,45.083333333333336,,0.25,,42.666666666666664,25.25
2020-09-23,37.4375,17.45,349.7083333333333,35.208333333333336,4.645833333333333,24.041666666666668,,1.0,,55.166666666666664,31.666666666666668
2020-09-24,52.15416666666667,29.016666666666666,362.2083333333333,47.9375,6.870833333333334,20.833333333333332,,1.5,,73.16666666666667,52.916666666666664
2020-09-25,54.47083333333333,32.979166666666664,339.0833333333333,52.09166666666667,7.433333333333334,22.0,,3.25,,93.45833333333333,65.95833333333333
2020-09-26,50.55416666666667,27.483333333333334,337.875,48.15833333333333,5.758333333333333,24.0,,9.583333333333334,,90.04166666666667,64.58333333333333
2020-09-27,37.175,17.341666666666665,229.79166666666666,29.474999999999998,5.920833333333333,38.708333333333336,,4.5,,73.95833333333333,52.75
2020-09-28,46.54583333333333,21.47083333333333,367.2083333333333,45.737500000000004,6.929166666666667,19.625,,2.3333333333333335,,61.416666666666664,40.333333333333336
2020-09-29,56.18333333333334,26.195833333333336,322.75,39.8125,4.55,18.625,,13.041666666666666,,76.625,60.083333333333336
2020-09-30,31.587500000000002,14.975,328.5,31.858333333333334,4.670833333333333,24.333333333333332,,0.625,,68.83333333333333,48.458333333333336
2020-10-01,29.745833333333334,15.358333333333334,345.875,37.90416666666666,8.75,17.458333333333332,,0.20833333333333334,,55.916666666666664,30.541666666666668
2020-10-02,35.925000000000004,19.866666666666667,387.5,46.75833333333333,7.133333333333333,19.833333333333332,,0.5416666666666666,,63.041666666666664,36.291666666666664
2020-10-03,46.2875,25.195833333333336,402.25,56.81666666666666,8.225,14.708333333333334,,0.9166666666666666,,70.0,45.625
2020-10-04,50.13333333333333,29.229166666666668,400.0833333333333,58.72083333333333,7.7124999999999995,17.833333333333332,,1.4166666666666667,,82.33333333333333,61.666666666666664
2020-10-05,75.16250000000001,40.82083333333333,463.25,67.09583333333333,10.7875,11.333333333333334,,12.625,,97.29166666666667,67.20833333333333
2020-10-06,99.55416666666667,49.583333333333336,470.25,76.52499999999999,11.720833333333333,14.208333333333334,,22.666666666666668,,128.16666666666666,77.45833333333333
2020-10-07,90.57083333333333,48.512499999999996,398.8333333333333,60.62916666666666,9.475,13.375,,30.708333333333332,,138.66666666666666,81.04166666666667
2020-10-08,70.2625,35.6,321.125,45.8375,5.866666666666667,12.333333333333334,,24.416666666666668,,113.08333333333333,73.125
2020-10-09,27.929166666666664,15.5875,346.5,30.650000000000002,10.0375,10.75,,1.5416666666666667,,74.16666666666667,49.041666666666664
2020-10-10,33.887499999999996,19.675,400.0416666666667,32.30416666666667,7.6125,9.791666666666666,,1.5416666666666667,,63.875,37.041666666666664
2020-10-11,44.0375,25.474999999999998,412.5833333333333,35.891666666666666,5.370833333333334,16.5,,2.1666666666666665,,75.875,54.958333333333336
2020-10-12,47.975,29.287499999999998,428.9583333333333,47.8125,9.741666666666667,13.416666666666666,,1.4583333333333333,,75.66666666666667,54.708333333333336
2020-10-13,57.65416666666667,32.983333333333334,349.8333333333333,49.849999999999994,6.483333333333333,16.833333333333332,,3.1666666666666665,,97.75,67.5
2020-10-14,30.241666666666664,14.5875,333.25,32.108333333333334,5.8,26.083333333333332,,1.375,,71.29166666666667,47.458333333333336
2020-10-15,54.15416666666667,28.108333333333334,473.0833333333333,51.30416666666667,8.75,12.0,,0.7916666666666666,,72.75,50.0
2020-10-16,57.112500000000004,27.483333333333334,403.125,52.574999999999996,7.908333333333334,13.458333333333334,,1.125,,84.0,63.166666666666664
2020-10-17,64.60833333333333,31.525000000000002,344.0,54.4625,7.3,9.458333333333334,,10.333333333333334,,86.29166666666667,63.708333333333336
2020-10-18,33.63333333333333,15.2125,330.9583333333333,27.662499999999998,4.841666666666667,21.625,,2.2916666666666665,,75.04166666666667,55.041666666666664
2020-10-19,22.933333333333334,10.808333333333332,293.0,20.2625,4.108333333333333,30.166666666666668,,0.0,,46.458333333333336,24.833333333333332
2020-10-20,21.879166666666666,9.779166666666667,287.25,22.795833333333334,3.7125,31.208333333333332,,0.0,,45.708333333333336,23.5
2020-10-21,20.912499999999998,8.770833333333334,258.5,17.070833333333333,3.295833333333333,38.291666666666664,,0.125,,37.0,20.625
2020-10-22,28.2625,11.991666666666667,352.7083333333333,32.35,4.445833333333334,24.541666666666668,,1.0416666666666667,,41.875,24.291666666666668
2020-10-23,43.458333333333336,20.345833333333335,446.2916666666667,42.041666666666664,5.958333333333333,10.375,,2.0416666666666665,,55.791666666666664,33.916666666666664
2020-10-24,75.15416666666667,42.38333333333333,554.875,50.11666666666667,8.341666666666667,5.791666666666667,,5.708333333333333,,90.75,63.833333333333336
2020-10-25,100.575,65.44166666666666,617.4583333333334,66.8125,12.375,7.333333333333333,,8.666666666666666,,145.04166666666666,85.08333333333333
2020-10-26,85.12083333333334,51.13333333333333,445.8333333333333,52.34583333333333,14.583333333333334,11.541666666666666,,7.583333333333333,,152.08333333333334,88.58333333333333
2020-10-27,59.666666666666664,34.729166666666664,411.75,35.395833333333336,8.279166666666667,17.708333333333332,,4.541666666666667,,113.08333333333333,72.625
2020-10-28,43.34583333333333,25.833333333333332,405.3333333333333,35.979166666666664,7.075,23.5,,3.75,,87.33333333333333,63.666666666666664
2020-10-29,34.71666666666667,23.266666666666666,377.5,34.612500000000004,6.658333333333334,17.333333333333332,,3.2083333333333335,,77.125,58.083333333333336
2020-10-30,40.270833333333336,22.4375,405.7916666666667,37.358333333333334,6.4375,10.208333333333334,,1.875,,74.58333333333333,54.125
2020-10-31,19.037499999999998,11.004166666666668,305.9166666666667,25.729166666666668,4.570833333333334,20.208333333333332,,0.0,,59.916666666666664,34.208333333333336
2020-11-01,19.841666666666665,11.525,291.0416666666667,23.433333333333334,6.420833333333333,28.208333333333332,,0.0,,43.041666666666664,20.875
2020-11-02,56.729166666666664,33.425000000000004,528.875,45.112500000000004,13.920833333333334,4.916666666666667,,0.0,,72.83333333333333,48.875
2020-11-03,68.875,40.27916666666666,618.375,52.17083333333333,15.341666666666667,2.625,,0.0,,105.66666666666667,70.20833333333333
2020-11-04,28.4375,17.129166666666666,365.1666666666667,31.133333333333336,5.7250000000000005,21.041666666666668,,0.08333333333333333,,88.08333333333333,60.375
2020-11-05,25.012500000000003,13.950000000000001,350.2083333333333,22.5125,3.9250000000000003,27.666666666666668,,2.1666666666666665,,52.625,26.458333333333332
2020-11-06,27.483333333333334,15.4375,291.5416666666667,18.087500000000002,3.8166666666666664,33.583333333333336,,1.5833333333333333,,57.416666666666664,31.083333333333332
2020-11-07,25.4875,12.216666666666667,304.0416666666667,23.34166666666667,3.4166666666666665,25.333333333333332,,0.0,,52.625,26.5
2020-11-08,19.508333333333333,10.5625,278.625,21.2,3.420833333333333,23.875,,0.20833333333333334,,49.541666666666664,24.666666666666668
2020-11-09,23.837500000000002,10.908333333333333,318.25,25.525000000000002,4.25,27.75,,0.25,,42.125,20.375
2020-11-10,24.020833333333332,11.8125,262.2916666666667,22.09166666666667,3.7083333333333335,31.833333333333332,,0.0,,48.083333333333336,24.75
2020-11-11,19.933333333333334,10.154166666666667,248.0,18.458333333333332,3.845833333333333,29.958333333333332,,0.0,,46.416666666666664,22.375
2020-11-12,25.429166666666664,12.941666666666668,279.4166666666667,22.554166666666664,4.7124999999999995,29.458333333333332,,0.0,,44.375,21.458333333333332
2020-11-13,31.704166666666666,16.620833333333334,347.9166666666667,28.108333333333334,5.15,21.708333333333332,,0.8333333333333334,,57.708333333333336,31.208333333333332
2020-11-14,23.6125,11.254166666666668,330.875,25.229166666666668,4.470833333333333,28.5,,0.5,,54.25,28.458333333333332
2020-11-15,24.433333333333334,15.129166666666668,352.6666666666667,28.175,5.145833333333333,19.875,,0.6666666666666666,,49.333333333333336,24.25
2020-11-16,46.475,26.920833333333334,420.375,37.90833333333333,12.720833333333333,10.25,,1.5833333333333333,,73.04166666666667,50.708333333333336
2020-11-17,44.78333333333333,24.666666666666668,457.375,38.80833333333333,11.245833333333332,9.791666666666666,,1.0833333333333333,,76.79166666666667,57.75
2020-11-18,35.0625,18.587500000000002,338.9166666666667,35.1625,6.029166666666666,14.958333333333334,,0.4583333333333333,,73.29166666666667,51.958333333333336
2020-11-19,19.370833333333334,8.879166666666666,231.66666666666666,14.383333333333333,3.5625,38.916666666666664,,1.7083333333333333,,50.5,26.041666666666668
2020-11-20,19.566666666666666,8.950000000000001,239.54166666666666,18.029166666666665,4.3374999999999995,36.583333333333336,,2.5416666666666665,,35.791666666666664,18.583333333333332
2020-11-21,19.954166666666666,9.154166666666667,262.4583333333333,19.675,4.3,28.958333333333332,,3.25,,38.583333333333336,21.125
2020-11-22,15.804166666666667,9.066666666666666,278.4583333333333,20.5,4.379166666666666,28.125,,0.7916666666666666,,36.541666666666664,18.208333333333332
2020-11-23,31.05,16.666666666666668,378.25,33.5,7.4375,15.333333333333334,,0.9583333333333334,,50.833333333333336,26.0
2020-11-24,38.854166666666664,20.75,432.8333333333333,35.99583333333333,9.237499999999999,14.75,,1.0416666666666667,,66.91666666666667,40.833333333333336
2020-11-25,23.5125,10.237499999999999,281.0,20.2625,4.079166666666667,35.833333333333336,,0.0,,55.75,30.625
2020-11-26,25.416666666666668,10.975,308.9583333333333,28.416666666666668,4.7625,28.666666666666668,,0.08333333333333333,,41.5,23.666666666666668
2020-11-27,42.62083333333333,25.974999999999998,481.7083333333333,44.8375,6.875,9.708333333333334,,0.0,,61.166666666666664,37.125
2020-11-28,62.637499999999996,35.78333333333333,484.9166666666667,49.80416666666667,8.770833333333334,8.0,,0.08333333333333333,,94.70833333333333,66.33333333333333
2020-11-29,64.97500000000001,38.862500000000004,428.5833333333333,56.24166666666667,10.975,5.708333333333333,,0.75,,105.33333333333333,70.25
2020-11-30,67.875,41.483333333333334,346.3333333333333,42.045833333333334,9.958333333333334,12.958333333333334,,1.625,,118.29166666666667,74.20833333333333
2020-12-01,17.116666666666667,9.866666666666667,292.2916666666667,20.529166666666665,3.7458333333333336,27.416666666666668,,0.0,,70.29166666666667,44.25
2020-12-02,25.670833333333334,15.891666666666667,340.75,25.587500000000002,4.995833333333334,21.041666666666668,,0.5833333333333334,,48.875,24.291666666666668
2020-12-03,34.520833333333336,20.375,387.0833333333333,33.237500000000004,8.6625,15.041666666666666,,1.75,,62.791666666666664,36.0
2020-12-04,59.854166666666664,40.44583333333333,501.6666666666667,46.395833333333336,16.5125,6.333333333333333,,4.333333333333333,,88.625,62.041666666666664
2020-12-05,66.32083333333334,45.4125,506.1666666666667,36.3,13.295833333333334,15.0,,6.291666666666667,,124.875,76.375
2020-12-06,38.07083333333333,22.683333333333334,326.9583333333333,22.441666666666666,5.833333333333333,32.041666666666664,,4.125,,96.875,66.75
2020-12-07,29.991666666666664,16.7,318.125,25.820833333333336,5.675,31.291666666666668,,2.125,,64.08333333333333,37.958333333333336
2020-12-08,39.479166666666664,23.729166666666668,373.4166666666667,37.954166666666666,9.016666666666667,17.541666666666668,,3.3333333333333335,,66.33333333333333,41.208333333333336
2020-12-09,51.0375,27.962500000000002,507.4583333333333,46.487500000000004,10.779166666666667,7.041666666666667,,1.2916666666666667,,79.66666666666667,60.333333333333336
2020-12-10,46.34166666666667,25.375,325.0416666666667,49.762499999999996,10.075000000000001,9.125,,2.25,,86.20833333333333,63.083333333333336
2020-12-11,31.46666666666667,16.158333333333335,306.6666666666667,38.00833333333333,7.375,22.5,,1.4583333333333333,,68.625,44.375
2020-12-12,36.920833333333334,23.575,373.0833333333333,47.362500000000004,9.004166666666666,10.125,,2.125,,61.166666666666664,34.875
2020-12-13,31.875,21.004166666666666,365.2916666666667,39.475,10.3125,12.5,,4.208333333333333,,72.91666666666667,50.833333333333336
2020-12-14,26.066666666666666,14.879166666666668,310.7916666666667,20.05,5.5125,26.666666666666668,,4.0,,63.666666666666664,37.0
2020-12-15,24.4875,12.529166666666667,309.4583333333333,15.433333333333335,4.258333333333334,27.333333333333332,,2.375,,55.166666666666664,28.791666666666668
2020-12-16,29.991666666666664,16.416666666666668,401.5833333333333,27.3875,6.204166666666667,22.166666666666668,,1.9583333333333333,,48.5,23.833333333333332
2020-12-17,29.879166666666666,16.3,384.75,31.46666666666667,5.625,19.166666666666668,,1.625,,63.875,37.0
2020-12-18,33.2125,16.5125,372.0833333333333,30.833333333333332,6.8125,21.083333333333332,,1.0416666666666667,,57.041666666666664,30.791666666666668
2020-12-19,34.9125,18.412499999999998,430.8333333333333,29.587500000000002,9.016666666666667,16.541666666666668,,0.9583333333333334,,62.416666666666664,35.708333333333336
2020-12-20,25.516666666666666,13.679166666666667,331.4166666666667,24.295833333333334,4.8999999999999995,25.333333333333332,,0.9583333333333334,,61.0,34.25
2020-12-21,21.754166666666666,11.441666666666668,302.6666666666667,26.0,5.95,26.458333333333332,,0.08333333333333333,,48.916666666666664,23.666666666666668
2020-12-22,27.7375,15.100000000000001,369.5833333333333,32.516666666666666,8.708333333333334,18.125,,0.0,,51.083333333333336,25.25
2020-12-23,50.19166666666666,28.258333333333336,539.0833333333334,49.887499999999996,10.854166666666666,4.875,,0.25,,69.5,45.583333333333336
2020-12-24,37.391666666666666,22.558333333333334,331.125,38.65,7.866666666666667,17.583333333333332,,0.9583333333333334,,79.16666666666667,58.333333333333336
2020-12-25,39.516666666666666,24.5125,273.125,40.141666666666666,8.137500000000001,20.708333333333332,,0.375,,79.25,59.666666666666664
2020-12-26,28.087500000000002,15.458333333333334,233.95833333333334,26.266666666666666,7.0874999999999995,36.625,,1.0,,64.875,39.583333333333336
2020-12-27,44.99583333333334,29.791666666666668,431.625,38.875,11.170833333333334,14.791666666666666,,0.7083333333333334,,64.25,39.291666666666664
2020-12-28,46.90833333333333,29.425,336.625,42.1625,9.108333333333333,13.75,,1.7916666666666667,,101.33333333333333,68.79166666666667
2020-12-29,27.8,13.266666666666666,263.5833333333333,32.77916666666667,6.670833333333333,33.416666666666664,,2.1666666666666665,,64.625,40.291666666666664
2020-12-30,35.87916666666667,20.724999999999998,404.8333333333333,43.229166666666664,9.108333333333333,23.666666666666668,,6.458333333333333,,59.083333333333336,33.041666666666664
2020-12-31,34.78333333333334,21.75,331.875,44.69166666666666,10.6125,21.666666666666668,,6.875,,71.66666666666667,48.958333333333336
2021-01-01,27.754166666666666,16.416666666666668,334.3333333333333,28.270833333333332,10.958333333333334,40.041666666666664,,4.833333333333333,,61.583333333333336,35.541666666666664
2021-01-02,53.762499999999996,34.045833333333334,517.6666666666666,47.637499999999996,19.254166666666666,10.25,,5.625,,76.75,52.25
2021-01-03,64.46666666666667,40.300000000000004,511.0,50.112500000000004,25.6375,9.166666666666666,,9.625,,107.83333333333333,71.0
2021-01-04,76.78333333333333,49.56666666666666,478.4166666666667,64.9375,21.05,8.166666666666666,,12.083333333333334,,126.25,76.79166666666667
2021-01-05,45.75416666666666,27.84583333333333,377.1666666666667,47.76666666666667,11.558333333333332,24.75,,6.666666666666667,,113.41666666666667,72.5
2021-01-06,35.93333333333333,22.708333333333332,429.9166666666667,60.0625,17.150000000000002,14.541666666666666,,1.0833333333333333,,71.25,47.541666666666664
2021-01-07,38.645833333333336,23.670833333333334,324.6666666666667,45.324999999999996,11.6875,25.208333333333332,,1.5416666666666667,,77.29166666666667,58.541666666666664
2021-01-08,38.204166666666666,22.40833333333333,279.8333333333333,33.608333333333334,9.525,35.875,,6.416666666666667,,68.625,43.416666666666664
2021-01-09,27.175,16.895833333333332,289.0,22.95,8.8125,37.875,,4.833333333333333,,72.95833333333333,51.541666666666664
2021-01-10,11.270833333333334,7.758333333333333,305.25,24.462500000000002,8.133333333333333,30.208333333333332,,0.08333333333333333,,38.833333333333336,20.666666666666668
2021-01-11,46.78333333333333,30.27916666666667,418.9166666666667,47.875,16.095833333333335,10.666666666666666,,15.166666666666666,,56.0,34.125
2021-01-12,58.57083333333333,31.445833333333336,366.9583333333333,41.420833333333334,13.654166666666667,18.125,,16.5,,97.75,67.5
2021-01-13,16.941666666666666,11.262500000000001,381.4583333333333,30.154166666666665,10.241666666666667,25.083333333333332,,0.5416666666666666,,69.83333333333333,46.208333333333336
2021-01-14,24.320833333333336,16.537499999999998,418.1666666666667,35.800000000000004,14.475,24.458333333333332,,0.125,,51.625,25.958333333333332
2021-01-15,28.816666666666666,20.3875,390.6666666666667,45.85833333333333,20.433333333333334,24.791666666666668,,0.16666666666666666,,62.708333333333336,35.916666666666664
2021-01-16,39.354166666666664,29.27916666666667,449.5833333333333,50.5625,17.89166666666667,16.458333333333332,,0.0,,85.0,60.416666666666664
2021-01-17,17.091666666666665,12.741666666666667,306.125,17.845833333333335,6.7124999999999995,46.0,,0.0,,63.833333333333336,39.166666666666664
2021-01-18,41.729166666666664,30.900000000000002,463.6666666666667,40.40416666666667,17.8625,31.125,,0.0,,61.291666666666664,35.583333333333336
2021-01-19,61.49583333333334,46.4125,644.9583333333334,61.487500000000004,41.512499999999996,11.875,,0.0,,118.0,74.16666666666667
2021-01-20,53.72083333333333,40.74166666666667,521.9583333333334,51.7875,27.066666666666666,16.083333333333332,,0.0,,130.0,78.04166666666667
2021-01-21,29.729166666666668,20.158333333333335,369.25,36.37083333333333,12.112499999999999,34.083333333333336,,0.0,,83.25,57.208333333333336
2021-01-22,27.883333333333336,15.520833333333334,346.4166666666667,36.916666666666664,8.920833333333333,35.958333333333336,,0.0,,62.833333333333336,36.041666666666664
2021-01-23,25.599999999999998,13.520833333333334,319.9583333333333,30.150000000000002,9.633333333333333,41.625,,0.0,,54.583333333333336,28.291666666666668
2021-01-24,20.8625,12.266666666666666,322.5,27.662499999999998,10.554166666666667,41.666666666666664,,1.0,,53.416666666666664,27.208333333333332
2021-01-25,23.2,12.15,281.8333333333333,27.258333333333336,8.091666666666667,44.916666666666664,,3.4583333333333335,,48.708333333333336,23.416666666666668
2021-01-26,26.90416666666667,14.120833333333332,263.5,31.587500000000002,7.270833333333333,35.5,,1.0,,51.458333333333336,25.416666666666668
2021-01-27,16.837500000000002,11.4125,320.5833333333333,28.3125,7.470833333333334,33.458333333333336,,2.0833333333333335,,55.166666666666664,28.875
2021-01-28,25.474999999999998,17.641666666666666,401.7916666666667,36.829166666666666,13.183333333333332,31.125,,0.0,,46.416666666666664,23.25
2021-01-29,28.933333333333334,19.391666666666666,336.5833333333333,35.454166666666666,11.35,30.916666666666668,,0.0,,71.29166666666667,48.5
2021-01-30,19.150000000000002,12.9625,325.7916666666667,29.266666666666666,10.108333333333333,33.625,,0.0,,54.708333333333336,28.458333333333332
2021-01-31,22.491666666666664,16.170833333333334,350.5416666666667,34.295833333333334,12.679166666666667,27.291666666666668,,0.0,,56.0,29.666666666666668
2021-02-01,29.65416666666667,18.283333333333335,391.4166666666667,47.050000000000004,11.6,18.458333333333332,,3.2083333333333335,,61.375,34.583333333333336
2021-02-02,27.754166666666666,16.474999999999998,339.8333333333333,43.42916666666667,9.891666666666667,27.208333333333332,,5.958333333333333,,61.666666666666664,34.958333333333336
2021-02-03,43.604166666666664,27.666666666666668,532.25,62.604166666666664,22.683333333333334,9.666666666666666,,5.958333333333333,,68.04166666666667,44.5
2021-02-04,55.425000000000004,36.637499999999996,507.4583333333333,61.4625,19.858333333333334,12.875,,5.166666666666667,,99.66666666666667,68.04166666666667
2021-02-05,51.725,36.520833333333336,578.5833333333334,57.949999999999996,31.116666666666664,12.708333333333334,,0.9166666666666666,,97.66666666666667,67.5
2021-02-06,65.35833333333333,47.458333333333336,462.0,63.604166666666664,19.766666666666666,14.333333333333334,,1.5,,124.375,76.16666666666667
2021-02-07,56.57916666666667,43.574999999999996,393.5416666666667,50.775,16.7,16.958333333333332,,2.3333333333333335,,121.95833333333333,75.29166666666667
2021-02-08,39.525,23.15833333333333,286.2916666666667,39.80833333333333,14.983333333333334,34.708333333333336,,3.0833333333333335,,95.95833333333333,66.29166666666667
2021-02-09,33.675,15.987499999999999,263.1666666666667,26.395833333333332,7.175,47.458333333333336,,6.375,,63.916666666666664,38.416666666666664
2021-02-10,29.383333333333336,15.258333333333333,281.7083333333333,29.3125,7.366666666666667,47.25,,3.875,,56.291666666666664,30.333333333333332
2021-02-11,42.76666666666667,20.404166666666665,269.4583333333333,33.5375,8.366666666666667,42.833333333333336,,6.75,,62.166666666666664,37.0
2021-02-12,27.808333333333334,17.5375,383.4166666666667,33.4,10.15,38.958333333333336,,1.5416666666666667,,65.70833333333333,40.416666666666664
2021-02-13,26.420833333333334,18.083333333333332,337.125,30.729166666666668,7.754166666666666,42.291666666666664,,0.08333333333333333,,63.5,36.625
2021-02-14,13.458333333333334,9.879166666666666,280.25,20.912499999999998,5.4624999999999995,54.916666666666664,,0.0,,54.375,28.416666666666668
2021-02-15,13.170833333333334,8.012500000000001,299.125,23.045833333333334,6.441666666666666,52.041666666666664,,0.0,,33.958333333333336,20.791666666666668
2021-02-16,13.866666666666667,8.391666666666667,299.625,21.679166666666664,6.529166666666666,57.208333333333336,,0.0,,35.541666666666664,22.833333333333332
2021-02-17,24.870833333333334,14.674999999999999,375.0,34.3125,14.895833333333334,46.666666666666664,,0.0,,37.75,23.708333333333332
2021-02-18,36.1125,27.5,475.4166666666667,53.09583333333333,15.641666666666666,25.291666666666668,,0.0,,73.20833333333333,52.0
2021-02-19,34.61666666666667,27.133333333333336,495.7083333333333,51.9375,14.404166666666667,24.416666666666668,,0.0,,85.33333333333333,62.916666666666664
2021-02-20,43.55416666666667,34.079166666666666,556.5416666666666,62.229166666666664,19.266666666666666,20.375,,0.0,,86.125,63.166666666666664
2021-02-21,32.81666666666667,23.020833333333332,409.375,37.487500000000004,13.470833333333333,39.208333333333336,,0.0,,88.75,63.791666666666664
2021-02-22,41.4,30.204166666666666,465.2083333333333,63.4,23.079166666666666,19.541666666666668,,0.0,,75.54166666666667,53.833333333333336
2021-02-23,93.90833333333335,70.83749999999999,687.5833333333334,86.60833333333333,40.11666666666667,7.375,,0.0,,128.58333333333334,79.66666666666667
2021-02-24,56.0375,41.300000000000004,479.6666666666667,49.354166666666664,11.275,25.291666666666668,,0.5833333333333334,,149.41666666666666,90.25
2021-02-25,25.766666666666666,15.933333333333332,363.8333333333333,35.15416666666667,9.220833333333333,36.375,,2.2916666666666665,,77.29166666666667,50.291666666666664
2021-02-26,28.379166666666666,18.004166666666666,430.5833333333333,50.89166666666667,14.308333333333332,21.5,,3.5416666666666665,,57.375,30.791666666666668
2021-02-27,69.45416666666667,47.82083333333333,637.375,68.04166666666667,39.05416666666667,9.041666666666666,,6.458333333333333,,87.66666666666667,58.791666666666664
2021-02-28,36.625,21.95,341.2916666666667,26.920833333333334,9.0375,37.916666666666664,,2.4583333333333335,,119.25,74.08333333333333
2021-03-01,38.37916666666667,27.195833333333336,512.375,50.75,23.604166666666668,19.125,,0.041666666666666664,,71.625,48.125
2021-03-02,15.85,9.858333333333333,284.875,27.212500000000002,7.2749999999999995,37.125,,0.0,,61.5,38.416666666666664
2021-03-03,29.525000000000002,19.125,396.25,38.266666666666666,13.141666666666666,25.416666666666668,,0.0,,51.125,26.916666666666668
2021-03-04,47.270833333333336,30.795833333333334,515.1666666666666,57.00833333333333,19.691666666666666,15.458333333333334,,0.0,,76.08333333333333,54.083333333333336
2021-03-05,54.39166666666667,37.362500000000004,399.875,58.5375,18.266666666666666,26.041666666666668,,0.0,,101.04166666666667,68.625
2021-03-06,45.4125,30.4375,286.5416666666667,52.00833333333333,13.358333333333334,30.375,,1.0,,103.375,69.41666666666667
2021-03-07,17.162499999999998,9.020833333333334,309.6666666666667,26.65416666666667,7.804166666666667,47.041666666666664,,0.0,,58.416666666666664,36.25
2021-03-08,39.300000000000004,25.316666666666666,485.8333333333333,55.51666666666667,21.358333333333334,18.208333333333332,,0.3333333333333333,,57.958333333333336,36.958333333333336
2021-03-09,50.2875,36.266666666666666,478.875,59.89166666666667,18.533333333333335,23.25,,1.0,,93.29166666666667,65.83333333333333
2021-03-10,39.458333333333336,24.77916666666667,480.2916666666667,39.1625,12.195833333333333,42.25,,1.2083333333333333,,87.33333333333333,62.958333333333336
2021-03-11,23.816666666666666,12.933333333333332,303.3333333333333,26.787499999999998,7.429166666666667,52.5,,0.5416666666666666,,68.08333333333333,44.708333333333336
2021-03-12,35.25,17.412499999999998,443.9166666666667,40.25833333333333,17.754166666666666,36.291666666666664,,0.25,,48.333333333333336,25.291666666666668
2021-03-13,45.2125,29.354166666666668,456.0833333333333,61.041666666666664,20.166666666666668,21.208333333333332,,0.7916666666666666,,75.125,52.25
2021-03-14,58.362500000000004,43.475,499.5,69.75,28.175,20.583333333333332,,0.8333333333333334,,106.45833333333333,70.29166666666667
2021-03-15,61.73333333333333,43.737500000000004,383.25,70.89999999999999,18.2,23.333333333333332,,1.6666666666666667,,127.83333333333333,77.29166666666667
2021-03-16,23.191666666666666,11.570833333333333,300.25,32.34583333333333,7.1625000000000005,49.416666666666664,,0.16666666666666666,,80.08333333333333,51.25
2021-03-17,21.9375,14.495833333333332,365.0416666666667,38.80416666666667,10.645833333333334,33.458333333333336,,0.0,,47.625,23.333333333333332
2021-03-18,28.74166666666667,19.995833333333334,467.7083333333333,39.50416666666667,13.541666666666666,24.333333333333332,,0.0,,60.291666666666664,33.708333333333336
2021-03-19,29.1875,21.150000000000002,504.9583333333333,53.42916666666667,18.0625,20.0,,0.0,,70.875,47.25
2021-03-20,24.575,16.3125,363.5416666666667,43.025,11.229166666666666,35.041666666666664,,0.0,,64.0,37.583333333333336
2021-03-21,15.508333333333333,11.1875,309.9166666666667,23.53333333333333,5.875,58.375,,0.3333333333333333,,53.5,27.583333333333332
2021-03-22,24.291666666666668,14.7875,447.2083333333333,34.7875,9.508333333333333,41.791666666666664,,2.375,,47.75,24.125
2021-03-23,14.225,8.512500000000001,293.7083333333333,24.729166666666668,6.1875,52.625,,0.125,,49.291666666666664,25.083333333333332
2021-03-24,18.845833333333335,10.479166666666666,291.75,25.195833333333336,7.804166666666667,50.125,,0.0,,40.458333333333336,21.25
2021-03-25,23.474999999999998,13.612499999999999,366.0833333333333,32.729166666666664,8.475,41.291666666666664,,0.041666666666666664,,46.5,22.5
2021-03-26,43.6,26.40416666666667,474.625,49.300000000000004,17.904166666666665,28.416666666666668,,0.7083333333333334,,67.125,43.25
2021-03-27,44.56666666666666,31.150000000000002,464.2916666666667,54.0625,22.224999999999998,26.708333333333332,,0.7083333333333334,,85.625,63.0
2021-03-28,55.96666666666667,39.74166666666667,450.75,64.74166666666666,21.837500000000002,29.25,,1.875,,104.16666666666667,69.625
2021-03-29,40.141666666666666,24.829166666666666,374.0416666666667,47.22083333333333,13.154166666666667,33.708333333333336,,0.3333333333333333,,96.875,67.0
2021-03-30,32.46666666666667,20.5125,368.625,44.82916666666667,11.645833333333334,27.041666666666668,,0.0,,73.16666666666667,51.625
2021-03-31,21.025000000000002,11.083333333333334,278.0833333333333,26.604166666666668,6.445833333333333,54.125,,0.0,,49.916666666666664,26.791666666666668
2021-04-01,26.391666666666666,14.283333333333333,330.3333333333333,33.2875,9.5375,45.416666666666664,,0.08333333333333333,,51.375,25.583333333333332
2021-04-02,42.25833333333333,28.041666666666668,452.0833333333333,47.40416666666667,15.766666666666666,29.916666666666668,,1.4166666666666667,,70.79166666666667,47.666666666666664
2021-04-03,36.69166666666667,23.579166666666666,303.5833333333333,38.975,11.299999999999999,47.5,,1.0416666666666667,,78.75,58.583333333333336
2021-04-04,29.3125,17.541666666666668,297.0416666666667,26.741666666666664,8.041666666666666,49.666666666666664,,1.5416666666666667,,71.83333333333333,49.25
2021-04-05,15.808333333333335,9.387500000000001,396.8333333333333,32.699999999999996,8.583333333333334,37.208333333333336,,0.3333333333333333,,44.625,24.625
2021-04-06,49.74166666666667,30.945833333333336,483.4583333333333,56.262499999999996,13.295833333333334,12.041666666666666,,15.791666666666666,,64.29166666666667,42.083333333333336
2021-04-07,53.61666666666667,25.03333333333333,280.8333333333333,34.291666666666664,9.833333333333334,45.583333333333336,,14.791666666666666,,92.79166666666667,66.08333333333333
2021-04-08,15.395833333333334,8.35,307.375,25.641666666666666,6.25,38.791666666666664,,0.25,,55.25,32.916666666666664
2021-04-09,19.733333333333334,12.075000000000001,333.0833333333333,31.833333333333332,7.4375,45.25,,0.0,,37.958333333333336,20.083333333333332
2021-04-10,29.4875,17.158333333333335,345.75,38.949999999999996,10.666666666666666,36.583333333333336,,0.0,,56.666666666666664,30.291666666666668
2021-04-11,29.775000000000002,17.958333333333332,392.1666666666667,36.479166666666664,12.579166666666666,37.708333333333336,,0.0,,62.208333333333336,35.583333333333336
2021-04-12,35.208333333333336,23.366666666666664,430.4583333333333,47.458333333333336,18.416666666666668,35.791666666666664,,0.16666666666666666,,66.58333333333333,40.958333333333336
2021-04-13,43.475,30.916666666666668,422.0833333333333,61.5,16.658333333333335,23.791666666666668,,2.4166666666666665,,83.125,61.5
2021-04-14,42.59166666666667,25.675,356.5416666666667,54.637499999999996,13.958333333333334,38.25,,6.125,,86.20833333333333,63.291666666666664
2021-04-15,23.145833333333332,12.429166666666667,389.125,35.07083333333333,8.308333333333334,37.791666666666664,,2.5,,64.91666666666667,41.083333333333336
2021-04-16,21.391666666666666,11.604166666666666,358.8333333333333,32.87083333333333,6.7749999999999995,41.25,,1.0,,46.916666666666664,22.583333333333332
2021-04-17,23.020833333333332,13.358333333333334,291.125,25.641666666666666,5.504166666666666,53.333333333333336,,1.8333333333333333,,52.291666666666664,26.208333333333332
2021-04-18,26.645833333333332,14.354166666666666,365.0416666666667,26.020833333333332,7.670833333333333,47.5,,7.583333333333333,,51.708333333333336,25.583333333333332
2021-04-19,27.275000000000002,16.9375,365.125,36.5375,6.241666666666667,36.875,,7.5,,57.0,30.583333333333332
2021-04-20,23.229166666666668,14.816666666666668,352.1666666666667,35.38333333333333,9.229166666666666,46.916666666666664,,3.2916666666666665,,60.291666666666664,33.666666666666664
2021-04-21,35.362500000000004,25.1375,399.25,51.833333333333336,12.870833333333332,28.25,,1.625,,67.04166666666667,43.541666666666664
2021-04-22,32.78333333333333,22.8625,421.0416666666667,51.44166666666666,17.787499999999998,31.083333333333332,,0.9583333333333334,,76.0,56.458333333333336
2021-04-23,49.46666666666667,31.8625,477.7083333333333,61.354166666666664,14.15,28.0,,3.2083333333333335,,84.125,61.416666666666664
2021-04-24,38.199999999999996,25.15833333333333,330.0833333333333,38.75833333333333,9.55,34.791666666666664,,3.7083333333333335,,86.16666666666667,63.125
2021-04-25,16.279166666666665,9.8375,267.0833333333333,17.920833333333334,4.5249999999999995,66.04166666666667,,1.4166666666666667,,58.541666666666664,36.416666666666664
2021-04-26,22.629166666666666,11.466666666666667,312.75,29.895833333333332,6.166666666666667,56.333333333333336,,1.75,,42.5,24.791666666666668
2021-04-27,44.6,30.09583333333333,393.2083333333333,59.28333333333333,16.0,21.958333333333332,,1.7916666666666667,,68.41666666666667,45.75
2021-04-28,52.50416666666666,28.525000000000002,465.8333333333333,57.987500000000004,13.679166666666667,28.291666666666668,,4.291666666666667,,91.25,65.125
2021-04-29,34.137499999999996,16.741666666666667,339.4166666666667,33.987500000000004,7.675,53.916666666666664,,5.583333333333333,,69.125,44.833333333333336
2021-04-30,54.0,29.745833333333334,392.5,50.34583333333333,15.670833333333334,34.125,,13.5,,68.375,44.666666666666664
2021-05-01,77.7625,41.175000000000004,409.9583333333333,63.67083333333333,17.929166666666667,27.791666666666668,,23.208333333333332,,110.625,71.79166666666667
2021-05-02,68.325,35.00833333333333,296.875,50.137499999999996,13.529166666666667,40.75,,32.458333333333336,,107.20833333333333,70.66666666666667
2021-05-03,63.25,28.558333333333334,306.25,43.05416666666667,10.166666666666666,40.291666666666664,,29.208333333333332,,90.45833333333333,66.54166666666667
2021-05-04,28.46666666666667,13.458333333333334,264.7916666666667,25.733333333333334,6.083333333333333,55.5,,5.125,,68.08333333333333,48.0
2021-05-05,23.295833333333334,12.554166666666667,351.2916666666667,29.587500000000002,7.191666666666666,49.916666666666664,,2.0,,48.625,24.625
2021-05-06,44.729166666666664,27.429166666666664,374.5,51.09583333333333,15.979166666666666,30.541666666666668,,4.875,,69.04166666666667,46.375
2021-05-07,42.775,25.55,418.625,57.895833333333336,17.166666666666668,25.458333333333332,,6.458333333333333,,80.70833333333333,61.083333333333336
2021-05-08,44.42916666666667,24.445833333333336,321.2083333333333,48.145833333333336,10.616666666666667,34.583333333333336,,4.916666666666667,,81.95833333333333,61.541666666666664
2021-05-09,15.924999999999999,7.3999999999999995,240.5,16.554166666666667,5.879166666666666,63.25,,0.0,,51.75,34.041666666666664
2021-05-10,17.266666666666666,7.3374999999999995,246.45833333333334,19.529166666666665,5.345833333333334,65.41666666666667,,0.0,,30.583333333333332,26.083333333333332
2021-05-11,18.8,7.75,230.54166666666666,21.316666666666666,5.570833333333333,63.208333333333336,,0.0,,31.916666666666668,25.416666666666668
2021-05-12,17.254166666666666,8.1875,230.83333333333334,26.370833333333334,6.666666666666667,62.125,,0.2916666666666667,,32.791666666666664,25.0
2021-05-13,26.3,14.8375,311.6666666666667,36.550000000000004,13.279166666666667,62.416666666666664,,1.4166666666666667,,43.958333333333336,25.916666666666668
2021-05-14,32.65,17.254166666666666,282.0,37.391666666666666,8.020833333333334,51.416666666666664,,4.625,,61.125,34.458333333333336
2021-05-15,31.483333333333334,17.099999999999998,326.0833333333333,40.17916666666667,11.058333333333332,42.083333333333336,,0.875,,62.375,35.666666666666664
2021-05-16,26.683333333333334,15.5375,305.7916666666667,30.854166666666668,9.058333333333334,53.666666666666664,,2.1666666666666665,,57.208333333333336,30.791666666666668
2021-05-17,27.258333333333336,16.979166666666668,280.3333333333333,34.854166666666664,9.112499999999999,41.291666666666664,,1.375,,60.583333333333336,33.791666666666664
2021-05-18,31.666666666666668,18.308333333333334,294.8333333333333,48.19166666666666,9.620833333333334,30.791666666666668,,0.4583333333333333,,61.541666666666664,35.0
2021-05-19,24.633333333333336,13.183333333333332,246.25,38.37916666666667,10.025,43.875,,0.041666666666666664,,57.291666666666664,31.416666666666668
2021-05-20,39.53333333333333,19.5,260.2916666666667,42.987500000000004,9.858333333333333,44.5,,0.4166666666666667,,59.583333333333336,33.875
2021-05-21,17.420833333333334,8.8125,245.91666666666666,25.704166666666666,6.304166666666667,51.458333333333336,,0.0,,54.125,30.625
2021-05-22,16.591666666666665,10.674999999999999,261.0416666666667,25.679166666666664,6.816666666666666,53.625,,0.0,,33.708333333333336,23.041666666666668
2021-05-23,34.012499999999996,22.370833333333334,378.125,46.020833333333336,13.416666666666666,36.458333333333336,,0.0,,62.125,38.291666666666664
2021-05-24,41.925000000000004,25.958333333333332,382.0833333333333,49.199999999999996,13.575000000000001,38.666666666666664,,0.5416666666666666,,77.375,56.958333333333336
2021-05-25,27.179166666666664,15.229166666666666,258.2916666666667,28.941666666666666,6.2375,62.708333333333336,,0.6666666666666666,,69.66666666666667,46.916666666666664
2021-05-26,18.783333333333335,8.858333333333333,230.58333333333334,26.724999999999998,5.670833333333333,53.708333333333336,,0.7916666666666666,,42.333333333333336,24.166666666666668
2021-05-27,23.208333333333332,11.329166666666666,219.75,23.504166666666666,6.245833333333334,56.833333333333336,,0.8333333333333334,,40.708333333333336,23.166666666666668
2021-05-28,24.275000000000002,12.766666666666666,226.16666666666666,24.974999999999998,6.816666666666666,51.291666666666664,,1.3333333333333333,,50.5,25.208333333333332
2021-05-29,23.516666666666666,15.916666666666666,262.4583333333333,27.170833333333334,7.3625,32.208333333333336,,1.8333333333333333,,54.25,28.083333333333332
2021-05-30,31.691666666666666,23.474999999999998,312.0,37.8125,13.058333333333332,30.458333333333332,,1.125,,72.54166666666667,50.833333333333336
2021-05-31,17.983333333333334,10.85,230.95833333333334,31.008333333333336,5.666666666666667,39.125,,0.875,,56.625,31.333333333333332
2021-06-01,14.799999999999999,10.450000000000001,226.29166666666666,27.891666666666666,5.854166666666667,34.208333333333336,,0.125,,39.833333333333336,19.208333333333332
2021-06-02,17.95,11.283333333333333,228.875,30.516666666666666,5.791666666666667,25.625,,0.0,,48.625,23.583333333333332
2021-06-03,23.608333333333334,13.791666666666666,266.2083333333333,38.03333333333333,6.366666666666667,30.875,,0.0,,49.416666666666664,24.916666666666668
2021-06-04,28.570833333333336,16.7,271.4583333333333,38.9,7.5249999999999995,34.666666666666664,,0.0,,58.583333333333336,32.041666666666664
2021-06-05,35.59583333333334,19.95,296.2916666666667,47.54583333333333,10.241666666666667,41.166666666666664,,0.0,,61.833333333333336,35.0
2021-06-06,41.27916666666666,26.287499999999998,285.9583333333333,54.55416666666667,11.116666666666667,43.875,,0.0,,77.5,56.333333333333336
2021-06-07,50.074999999999996,30.8,392.7916666666667,68.04583333333333,12.266666666666666,26.791666666666668,,0.041666666666666664,,80.875,60.833333333333336
2021-06-08,32.541666666666664,19.900000000000002,275.375,42.82083333333333,7.579166666666667,56.25,,0.4583333333333333,,81.0,58.333333333333336
2021-06-09,25.358333333333334,13.666666666666666,259.6666666666667,40.53333333333333,6.441666666666666,51.583333333333336,,0.25,,59.208333333333336,33.208333333333336
2021-06-10,26.254166666666666,14.845833333333333,242.79166666666666,36.329166666666666,6.679166666666667,49.416666666666664,,0.125,,54.875,28.958333333333332
2021-06-11,24.4875,14.733333333333334,234.16666666666666,36.84166666666667,5.991666666666667,50.333333333333336,,0.0,,56.208333333333336,30.208333333333332
2021-06-12,24.016666666666666,13.799999999999999,248.04166666666666,38.358333333333334,6.1375,46.5,,0.0,,53.958333333333336,28.041666666666668
2021-06-13,24.849999999999998,16.729166666666668,257.9166666666667,36.425000000000004,8.058333333333334,50.25,,0.0,,56.833333333333336,30.666666666666668
2021-06-14,20.525000000000002,9.637500000000001,225.0,23.65416666666667,4.366666666666666,46.833333333333336,,0.0,,51.666666666666664,26.625
2021-06-15,23.45,13.924999999999999,250.0,35.90833333333333,5.616666666666667,25.25,,0.0,,46.0,23.541666666666668
2021-06-16,19.3875,11.933333333333332,229.16666666666666,28.849999999999998,4.591666666666667,38.625,,0.0,,53.375,27.208333333333332
2021-06-17,31.083333333333332,19.441666666666666,284.3333333333333,40.50833333333333,9.420833333333333,34.458333333333336,,0.08333333333333333,,55.291666666666664,29.083333333333332
2021-06-18,41.920833333333334,26.645833333333332,363.8333333333333,53.225,12.75,25.0,,0.125,,77.58333333333333,56.083333333333336
2021-06-19,28.104166666666668,18.983333333333334,300.3333333333333,46.84583333333333,7.145833333333333,25.958333333333332,,0.08333333333333333,,72.54166666666667,49.708333333333336
2021-06-20,28.0,18.495833333333334,348.75,36.05833333333333,9.433333333333334,38.958333333333336,,0.0,,63.958333333333336,37.083333333333336
2021-06-21,19.408333333333335,12.595833333333333,280.125,30.808333333333334,6.666666666666667,43.0,,0.0,,56.458333333333336,30.083333333333332
2021-06-22,40.67916666666667,25.854166666666668,358.4166666666667,49.92916666666667,14.691666666666668,28.125,,0.6666666666666666,,61.75,37.083333333333336
2021-06-23,52.92916666666667,33.483333333333334,445.1666666666667,63.9625,12.558333333333332,32.041666666666664,,1.4166666666666667,,92.95833333333333,65.75
2021-06-24,39.983333333333334,24.629166666666666,351.25,47.99166666666667,12.266666666666666,38.666666666666664,,1.8333333333333333,,82.08333333333333,60.916666666666664
2021-06-25,68.95833333333333,44.8125,391.625,63.8375,17.279166666666665,34.75,,4.208333333333333,,101.0,68.375
2021-06-26,48.791666666666664,27.820833333333336,284.0416666666667,40.62916666666667,8.445833333333333,41.375,,8.291666666666666,,105.91666666666667,70.08333333333333
2021-06-27,50.45416666666667,28.691666666666666,356.625,41.47083333333333,11.5,35.708333333333336,,10.708333333333334,,85.45833333333333,62.791666666666664
2021-06-28,34.270833333333336,19.654166666666665,276.375,30.708333333333332,6.133333333333333,45.833333333333336,,9.166666666666666,,75.20833333333333,52.208333333333336
2021-06-29,24.974999999999998,13.283333333333333,277.7916666666667,31.645833333333332,5.333333333333333,46.125,,2.4166666666666665,,58.875,32.25
2021-06-30,25.045833333333334,13.145833333333334,272.0833333333333,34.708333333333336,6.316666666666666,48.375,,0.7916666666666666,,51.333333333333336,26.125
2021-07-01,35.84583333333333,20.891666666666666,319.8333333333333,48.074999999999996,12.325000000000001,42.666666666666664,,1.125,,58.375,32.041666666666664
2021-07-02,37.233333333333334,18.575,251.20833333333334,35.15833333333333,6.5249999999999995,53.0,,3.0,,71.33333333333333,48.375
2021-07-03,25.995833333333334,13.816666666666668,219.95833333333334,24.558333333333334,5.858333333333333,57.375,,2.7083333333333335,,56.5,30.125
2021-07-04,23.995833333333334,14.566666666666668,252.54166666666666,31.1875,6.429166666666667,52.791666666666664,,0.20833333333333334,,55.125,28.791666666666668
2021-07-05,29.929166666666664,19.808333333333334,296.9583333333333,46.27916666666667,9.299999999999999,44.833333333333336,,0.25,,59.916666666666664,33.541666666666664
2021-07-06,28.379166666666666,17.662499999999998,272.125,37.84166666666667,6.770833333333333,32.333333333333336,,0.5,,66.625,40.0
2021-07-07,26.870833333333334,16.154166666666665,231.125,25.6875,4.958333333333333,36.25,,1.2916666666666667,,59.416666666666664,32.791666666666664
2021-07-08,23.129166666666666,13.916666666666666,254.54166666666666,22.329166666666666,4.9624999999999995,49.083333333333336,,0.3333333333333333,,57.833333333333336,31.125
2021-07-09,25.366666666666664,12.200000000000001,218.625,24.287499999999998,4.683333333333334,53.208333333333336,,0.5833333333333334,,49.208333333333336,25.458333333333332
2021-07-10,28.441666666666666,13.570833333333333,222.75,26.77916666666667,4.954166666666667,56.125,,0.0,,52.166666666666664,28.0
2021-07-11,29.920833333333334,16.729166666666668,231.25,23.208333333333332,5.2625,56.666666666666664,,0.0,,56.958333333333336,30.833333333333332
2021-07-12,28.7,15.870833333333332,245.125,25.416666666666668,5.633333333333333,56.041666666666664,,0.4583333333333333,,58.375,31.916666666666668
2021-07-13,27.541666666666668,16.141666666666666,237.875,31.854166666666668,6.720833333333334,59.041666666666664,,0.5416666666666666,,59.0,32.625
2021-07-14,28.474999999999998,17.658333333333335,223.91666666666666,32.24583333333333,5.420833333333333,55.666666666666664,,0.8333333333333334,,61.833333333333336,35.25
2021-07-15,28.416666666666668,14.5375,247.54166666666666,29.34583333333333,5.0,53.5,,0.8333333333333334,,57.791666666666664,31.458333333333332
2021-07-16,31.97083333333333,14.387500000000001,242.875,27.71666666666667,4.766666666666667,51.666666666666664,,1.0,,55.208333333333336,30.75
2021-07-17,30.570833333333336,15.5875,233.91666666666666,25.462500000000002,5.7749999999999995,50.916666666666664,,2.0,,55.125,31.333333333333332
2021-07-18,27.816666666666666,14.929166666666667,217.20833333333334,20.595833333333335,5.05,51.833333333333336,,3.5,,58.375,31.791666666666668
2021-07-19,41.020833333333336,24.84583333333333,268.5416666666667,29.595833333333335,7.2375,55.291666666666664,,2.25,,64.58333333333333,39.708333333333336
2021-07-20,40.00416666666667,24.745833333333334,274.1666666666667,33.84166666666667,8.870833333333334,43.708333333333336,,2.4583333333333335,,80.20833333333333,60.833333333333336
2021-07-21,28.333333333333332,17.349999999999998,270.4583333333333,35.02916666666667,6.824999999999999,45.083333333333336,,1.3333333333333333,,69.83333333333333,46.166666666666664
2021-07-22,18.974999999999998,10.262500000000001,223.95833333333334,21.354166666666668,5.125,51.708333333333336,,0.5,,52.541666666666664,27.875
2021-07-23,19.8625,9.9,194.375,23.804166666666664,4.7375,50.416666666666664,,0.0,,40.5,22.25
2021-07-24,18.620833333333334,9.395833333333334,191.20833333333334,22.27916666666667,4.904166666666667,60.0,,0.0,,38.75,24.125
2021-07-25,20.908333333333335,11.170833333333334,202.75,20.466666666666665,4.779166666666667,72.54166666666667,,0.0,,43.583333333333336,28.916666666666668
2021-07-26,25.474999999999998,14.633333333333333,227.20833333333334,25.962500000000002,5.104166666666667,66.25,,0.25,,51.083333333333336,27.166666666666668
2021-07-27,31.208333333333332,17.0,262.0416666666667,30.754166666666666,6.079166666666667,54.958333333333336,,0.875,,59.083333333333336,32.625
2021-07-28,29.375,16.400000000000002,292.4166666666667,30.620833333333334,5.816666666666666,55.458333333333336,,1.3333333333333333,,60.75,34.166666666666664
2021-07-29,29.083333333333332,15.637500000000001,291.7916666666667,33.06666666666667,5.995833333333334,53.333333333333336,,1.875,,56.791666666666664,30.791666666666668
2021-07-30,33.958333333333336,19.079166666666666,309.375,49.145833333333336,6.420833333333333,47.75,,3.375,,60.916666666666664,34.25
2021-07-31,38.166666666666664,21.245833333333334,291.25,45.925000000000004,6.945833333333334,48.541666666666664,,6.083333333333333,,68.375,42.583333333333336
2021-08-01,27.175,15.433333333333332,309.4583333333333,30.61666666666667,5.920833333333333,58.916666666666664,,3.5,,64.58333333333333,38.25
2021-08-02,31.629166666666666,18.816666666666666,436.5833333333333,54.76666666666667,9.104166666666666,44.375,,3.2083333333333335,,57.625,31.875
2021-08-03,50.175000000000004,28.77916666666667,366.8333333333333,56.8375,10.262500000000001,45.458333333333336,,5.291666666666667,,78.79166666666667,56.625
2021-08-04,32.550000000000004,18.654166666666665,275.6666666666667,32.324999999999996,6.2875000000000005,54.541666666666664,,4.208333333333333,,74.16666666666667,51.166666666666664
2021-08-05,33.199999999999996,19.641666666666666,364.9583333333333,39.80833333333333,7.070833333333333,48.625,,5.083333333333333,,63.333333333333336,36.5
2021-08-06,56.19583333333333,29.27916666666667,335.5,61.5875,11.1875,42.375,,10.083333333333334,,76.45833333333333,54.625
2021-08-07,30.59583333333333,13.654166666666667,286.5416666666667,24.254166666666666,4.504166666666666,56.208333333333336,,3.2083333333333335,,72.95833333333333,51.583333333333336
2021-08-08,20.462500000000002,9.950000000000001,291.5833333333333,29.195833333333336,5.220833333333333,59.708333333333336,,0.3333333333333333,,46.166666666666664,27.833333333333332
2021-08-09,22.170833333333334,12.916666666666666,330.125,45.225,9.241666666666667,46.125,,0.0,,46.583333333333336,27.041666666666668
2021-08-10,28.2625,16.5875,361.7083333333333,51.987500000000004,9.887500000000001,40.833333333333336,,0.20833333333333334,,55.291666666666664,31.208333333333332
2021-08-11,35.38333333333333,19.758333333333333,362.375,51.958333333333336,8.504166666666666,43.166666666666664,,1.0,,64.79166666666667,38.125
2021-08-12,27.129166666666666,14.225,281.5416666666667,35.737500000000004,5.758333333333333,50.25,,0.4583333333333333,,60.375,33.833333333333336
2021-08-13,25.254166666666666,12.066666666666668,269.8333333333333,32.2875,4.933333333333333,55.583333333333336,,0.0,,52.25,27.791666666666668
2021-08-14,21.962500000000002,9.620833333333334,255.25,28.204166666666666,4.8374999999999995,56.708333333333336,,0.0,,43.666666666666664,24.958333333333332
2021-08-15,20.4875,9.487499999999999,267.375,29.570833333333336,6.191666666666666,56.541666666666664,,0.0,,40.625,25.625
2021-08-16,22.929166666666664,10.8125,334.75,34.62916666666667,6.208333333333333,52.125,,0.08333333333333333,,40.791666666666664,25.541666666666668
2021-08-17,25.491666666666664,13.266666666666666,292.625,31.59583333333333,5.1499999999999995,60.041666666666664,,1.7916666666666667,,49.333333333333336,26.333333333333332
2021-08-18,25.270833333333332,13.820833333333333,294.8333333333333,31.72083333333333,5.466666666666666,50.875,,1.75,,54.291666666666664,28.166666666666668
2021-08-19,28.875,15.700000000000001,265.0,28.962500000000002,5.491666666666667,49.375,,1.6666666666666667,,56.583333333333336,30.25
2021-08-20,19.270833333333332,9.845833333333333,265.5,32.891666666666666,4.895833333333333,53.333333333333336,,0.0,,48.416666666666664,26.5
2021-08-21,24.05,11.770833333333334,266.9166666666667,37.6875,4.608333333333333,51.25,,0.3333333333333333,,45.875,27.125
2021-08-22,23.058333333333334,11.387500000000001,231.16666666666666,24.75,4.229166666666667,65.91666666666667,,1.0416666666666667,,47.833333333333336,27.375
2021-08-23,27.21666666666667,12.945833333333333,244.41666666666666,26.558333333333334,4.316666666666666,67.125,,3.25,,50.541666666666664,27.541666666666668
2021-08-24,27.054166666666664,13.541666666666666,276.9583333333333,27.754166666666666,4.183333333333334,66.33333333333333,,1.4166666666666667,,52.25,28.416666666666668
2021-08-25,33.49583333333333,18.441666666666666,261.5,31.429166666666664,5.316666666666667,59.208333333333336,,2.2083333333333335,,59.125,32.541666666666664
2021-08-26,34.520833333333336,20.820833333333333,379.5,53.1875,9.612499999999999,37.375,,2.0,,65.58333333333333,38.916666666666664
2021-08-27,52.26666666666667,30.8875,444.5,68.02083333333333,12.908333333333333,42.75,,3.9166666666666665,,78.375,56.666666666666664
2021-08-28,51.9375,29.954166666666666,299.25,53.50833333333333,7.3125,41.375,,4.333333333333333,,95.0,66.54166666666667
2021-08-29,33.12916666666667,17.958333333333332,244.41666666666666,29.63333333333333,7.320833333333333,39.583333333333336,,3.3333333333333335,,70.25,45.666666666666664
2021-08-30,32.32083333333333,16.854166666666668,278.875,34.137499999999996,6.991666666666667,36.583333333333336,,2.625,,63.833333333333336,36.916666666666664
2021-08-31,22.8,11.487499999999999,249.5,31.270833333333332,5.879166666666666,56.958333333333336,,0.6666666666666666,,53.541666666666664,28.458333333333332
2021-09-01,22.21666666666667,12.295833333333334,284.5,37.25,6.8500000000000005,49.291666666666664,,0.0,,47.916666666666664,25.0
2021-09-02,22.84166666666667,11.6875,282.5,28.162499999999998,6.2250000000000005,51.75,,0.0,,51.041666666666664,25.166666666666668
2021-09-03,20.349999999999998,10.004166666666666,270.4583333333333,32.96666666666667,5.8125,37.291666666666664,,0.0,,45.041666666666664,22.375
2021-09-04,20.175,10.370833333333334,268.6666666666667,33.958333333333336,5.829166666666667,36.958333333333336,,0.0,,41.708333333333336,21.625
2021-09-05,18.55,9.495833333333334,231.08333333333334,25.47083333333333,4.4375,53.041666666666664,,0.041666666666666664,,41.25,24.166666666666668
2021-09-06,23.745833333333334,11.208333333333334,236.95833333333334,20.108333333333334,3.5708333333333333,68.08333333333333,,0.0,,42.625,27.166666666666668
2021-09-07,26.233333333333334,11.829166666666666,252.95833333333334,18.354166666666668,3.108333333333333,67.0,,0.0,,47.125,26.833333333333332
2021-09-08,25.150000000000002,11.141666666666666,252.16666666666666,20.662499999999998,3.3791666666666664,68.66666666666667,,0.0,,49.25,28.25
2021-09-09,22.5625,10.725,250.91666666666666,23.554166666666664,3.641666666666667,66.0,,0.0,,45.0,26.625
2021-09-10,22.224999999999998,11.2125,267.125,29.941666666666666,4.783333333333333,48.291666666666664,,0.041666666666666664,,45.833333333333336,22.916666666666668
2021-09-11,38.137499999999996,19.316666666666666,332.7916666666667,42.875,7.304166666666667,32.916666666666664,,0.125,,56.333333333333336,31.041666666666668
2021-09-12,36.4,21.71666666666667,398.8333333333333,46.8125,10.270833333333334,35.791666666666664,,0.0,,70.16666666666667,45.833333333333336
2021-09-13,34.045833333333334,18.1875,308.5833333333333,44.46666666666667,7.129166666666666,40.208333333333336,,0.875,,64.75,38.5
2021-09-14,30.099999999999998,15.875,275.5833333333333,37.604166666666664,6.9624999999999995,36.458333333333336,,2.3333333333333335,,61.791666666666664,35.0
2021-09-15,32.670833333333334,18.741666666666667,272.3333333333333,33.541666666666664,5.695833333333333,48.875,,0.6666666666666666,,59.083333333333336,32.666666666666664
2021-09-16,34.420833333333334,19.858333333333334,280.9166666666667,34.43333333333333,5.6625000000000005,45.833333333333336,,0.2916666666666667,,69.29166666666667,44.5
2021-09-17,37.59166666666667,22.462500000000002,353.125,57.25,10.358333333333333,28.041666666666668,,0.7083333333333334,,66.95833333333333,40.958333333333336
2021-09-18,47.887499999999996,28.474999999999998,317.1666666666667,63.82916666666667,10.637500000000001,40.208333333333336,,5.0,,78.54166666666667,59.083333333333336
2021-09-19,42.40416666666667,23.645833333333332,338.0,45.40416666666667,11.0625,38.375,,3.9583333333333335,,83.125,61.875
2021-09-20,48.54583333333333,26.65833333333333,352.2916666666667,58.625,12.483333333333334,30.916666666666668,,11.708333333333334,,73.95833333333333,52.791666666666664
2021-09-21,36.204166666666666,18.841666666666665,250.91666666666666,32.9,6.0874999999999995,43.208333333333336,,3.75,,78.79166666666667,57.416666666666664
2021-09-22,18.766666666666666,10.366666666666667,274.4166666666667,28.962500000000002,5.545833333333333,41.875,,0.0,,49.083333333333336,24.625
2021-09-23,16.933333333333334,10.545833333333333,268.2083333333333,25.925,4.933333333333334,46.083333333333336,,0.0,,44.291666666666664,21.416666666666668
2021-09-24,23.400000000000002,15.295833333333334,298.2083333333333,36.733333333333334,8.616666666666667,34.458333333333336,,0.0,,50.208333333333336,25.0
2021-09-25,30.766666666666666,19.483333333333334,311.5,42.266666666666666,9.049999999999999,43.708333333333336,,0.0,,61.375,34.666666666666664
2021-09-26,30.775000000000002,17.825,313.875,45.112500000000004,7.683333333333334,32.833333333333336,,0.0,,67.25,40.916666666666664
2021-09-27,24.958333333333332,13.016666666666666,274.9583333333333,39.53333333333333,5.616666666666667,40.583333333333336,,0.0,,55.25,29.041666666666668
2021-09-28,24.741666666666664,12.450000000000001,280.0,33.887499999999996,5.175,40.458333333333336,,0.0,,52.333333333333336,26.125
2021-09-29,20.641666666666666,10.616666666666667,277.4583333333333,23.52916666666667,4.541666666666667,49.333333333333336,,0.041666666666666664,,45.916666666666664,22.458333333333332
2021-09-30,22.791666666666668,11.65,287.7916666666667,27.175,4.5625,45.625,,3.125,,46.583333333333336,22.291666666666668
2021-10-01,20.716666666666665,10.775,273.7083333333333,28.241666666666664,4.741666666666666,44.708333333333336,,1.3333333333333333,,46.125,22.208333333333332
2021-10-02,20.9875,11.487499999999999,265.7916666666667,31.375,4.7625,37.041666666666664,,0.6666666666666666,,46.333333333333336,22.291666666666668
2021-10-03,21.72083333333333,11.633333333333333,291.4166666666667,29.59166666666667,6.395833333333333,39.625,,0.125,,49.083333333333336,23.625
2021-10-04,22.754166666666666,12.066666666666668,302.0,34.074999999999996,6.7124999999999995,36.625,,1.875,,49.0,23.458333333333332
2021-10-05,26.2,12.2875,301.625,30.245833333333334,4.741666666666666,42.916666666666664,,4.125,,50.083333333333336,24.958333333333332
2021-10-06,21.099999999999998,11.829166666666666,329.7083333333333,32.766666666666666,6.291666666666667,36.833333333333336,,2.9583333333333335,,50.791666666666664,25.083333333333332
2021-10-07,20.366666666666667,10.570833333333333,272.8333333333333,29.358333333333334,5.054166666666666,34.916666666666664,,3.3333333333333335,,45.25,21.666666666666668
2021-10-08,27.066666666666666,12.799999999999999,260.6666666666667,29.90833333333333,4.4750000000000005,36.5,,5.875,,47.5,23.583333333333332
2021-10-09,24.820833333333336,12.504166666666668,291.625,30.520833333333332,4.829166666666667,34.708333333333336,,4.875,,51.875,27.291666666666668
2021-10-10,27.45,12.975,279.125,23.829166666666666,4.608333333333333,37.875,,6.916666666666667,,51.583333333333336,25.708333333333332
2021-10-11,29.245833333333334,14.975,325.5416666666667,33.12083333333333,6.216666666666666,37.625,,4.875,,53.666666666666664,28.833333333333332
2021-10-12,38.625,23.5125,346.3333333333333,42.295833333333334,10.2375,16.208333333333332,,8.416666666666666,,64.91666666666667,39.875
2021-10-13,23.458333333333332,15.295833333333334,320.25,33.025,7.554166666666667,30.791666666666668,,1.0,,66.04166666666667,41.5
2021-10-14,29.891666666666666,18.466666666666665,302.9166666666667,35.09166666666667,6.770833333333333,33.25,,1.125,,61.625,34.875
2021-10-15,35.15,19.95,385.6666666666667,37.22083333333333,9.104166666666666,26.958333333333332,,1.75,,62.291666666666664,35.458333333333336
2021-10-16,37.07083333333333,23.195833333333336,334.7083333333333,43.19583333333333,9.049999999999999,23.416666666666668,,4.708333333333333,,74.58333333333333,54.416666666666664
2021-10-17,31.483333333333334,20.966666666666665,339.625,31.375,7.3625,22.791666666666668,,1.3333333333333333,,71.83333333333333,49.208333333333336
2021-10-18,35.87083333333333,23.879166666666666,297.5833333333333,30.679166666666664,6.591666666666666,27.083333333333332,,1.375,,72.04166666666667,49.583333333333336
2021-10-19,29.604166666666668,16.820833333333333,282.75,37.77916666666667,8.391666666666667,23.458333333333332,,0.9583333333333334,,65.41666666666667,40.083333333333336
2021-10-20,32.15,18.7625,307.9583333333333,42.925000000000004,8.404166666666667,26.541666666666668,,0.4166666666666667,,62.166666666666664,35.541666666666664
2021-10-21,40.041666666666664,26.679166666666664,394.5,53.15416666666667,13.245833333333332,17.125,,0.75,,69.33333333333333,44.875
2021-10-22,46.27916666666667,32.324999999999996,362.875,55.729166666666664,13.845833333333333,31.375,,0.7916666666666666,,93.70833333333333,66.0
2021-10-23,58.85833333333333,40.9125,370.8333333333333,61.19166666666666,12.416666666666666,21.041666666666668,,1.5416666666666667,,100.25,68.375
2021-10-24,45.71666666666667,29.641666666666666,316.2083333333333,41.916666666666664,8.758333333333335,30.541666666666668,,0.6666666666666666,,112.41666666666667,72.45833333333333
2021-10-25,21.0125,9.200000000000001,244.41666666666666,28.445833333333336,5.770833333333333,45.166666666666664,,0.0,,52.291666666666664,30.666666666666668
2021-10-26,21.825,12.0875,283.4583333333333,32.487500000000004,6.883333333333333,32.958333333333336,,0.0,,42.583333333333336,21.5
2021-10-27,26.558333333333334,13.104166666666666,271.625,35.3125,7.0625,31.708333333333332,,0.0,,52.208333333333336,25.958333333333332
2021-10-28,21.9875,11.108333333333334,250.875,32.208333333333336,5.554166666666667,40.5,,0.0,,50.333333333333336,24.625
2021-10-29,22.191666666666666,11.616666666666667,239.91666666666666,30.579166666666666,5.595833333333334,43.375,,0.0,,46.125,22.125
2021-10-30,26.175,13.595833333333333,240.91666666666666,27.320833333333336,5.575,49.875,,0.0,,50.833333333333336,24.916666666666668
2021-10-31,30.650000000000002,16.974999999999998,281.1666666666667,33.61666666666667,8.2375,39.666666666666664,,0.8333333333333334,,56.541666666666664,30.125
2021-11-01,41.12916666666667,28.733333333333334,491.8333333333333,46.958333333333336,12.108333333333334,19.208333333333332,,1.3333333333333333,,66.45833333333333,41.458333333333336
2021-11-02,56.49166666666667,39.199999999999996,470.7916666666667,50.76666666666667,17.537499999999998,12.0,,1.8333333333333333,,101.95833333333333,68.79166666666667
2021-11-03,42.958333333333336,30.320833333333336,388.2083333333333,46.62083333333334,15.487499999999999,15.333333333333334,,2.2916666666666665,,100.79166666666667,68.41666666666667
2021-11-04,71.83333333333333,45.59166666666667,430.625,53.60833333333333,17.195833333333333,9.083333333333334,,2.7916666666666665,,111.875,72.04166666666667
2021-11-05,83.62916666666666,53.26666666666667,431.2083333333333,60.387499999999996,21.279166666666665,6.75,,3.4166666666666665,,132.33333333333334,78.83333333333333
2021-11-06,53.93333333333334,37.92916666666667,327.6666666666667,44.166666666666664,15.154166666666667,12.875,,4.0,,128.70833333333334,77.54166666666667
2021-11-07,22.287499999999998,16.1125,256.4166666666667,26.145833333333332,6.054166666666667,35.125,,3.9166666666666665,,75.79166666666667,50.541666666666664
2021-11-08,76.14166666666667,55.475,523.875,46.37916666666666,27.15833333333333,11.75,,6.125,,92.45833333333333,58.791666666666664
2021-11-09,68.58749999999999,46.07916666666667,333.4166666666667,35.05416666666667,11.054166666666667,17.583333333333332,,5.833333333333333,,151.5,88.875
2021-11-10,20.14166666666667,10.445833333333333,246.75,24.787499999999998,5.804166666666667,35.25,,0.0,,74.29166666666667,46.458333333333336
2021-11-11,19.991666666666667,10.633333333333333,267.0833333333333,29.05,7.004166666666666,38.208333333333336,,0.0,,43.583333333333336,20.833333333333332
2021-11-12,30.78333333333333,16.491666666666667,342.5833333333333,38.916666666666664,12.241666666666667,25.333333333333332,,0.0,,49.416666666666664,24.458333333333332
2021-11-13,39.925000000000004,26.9375,441.4583333333333,51.1875,21.962500000000002,9.625,,0.0,,71.70833333333333,49.083333333333336
2021-11-14,47.47083333333333,33.00416666666667,518.125,51.175000000000004,21.65833333333333,9.5,,0.0,,87.58333333333333,63.75
2021-11-15,40.483333333333334,27.129166666666666,293.0833333333333,38.425000000000004,10.012500000000001,30.25,,0.08333333333333333,,95.33333333333333,66.625
2021-11-16,27.570833333333336,13.579166666666666,269.75,26.9875,6.704166666666667,39.208333333333336,,0.2916666666666667,,63.541666666666664,38.25
2021-11-17,25.287499999999998,11.633333333333333,246.875,31.325,7.604166666666667,37.458333333333336,,0.0,,49.375,26.166666666666668
2021-11-18,33.15,17.75,361.2916666666667,41.170833333333334,12.450000000000001,19.916666666666668,,0.75,,56.583333333333336,30.5
2021-11-19,32.02916666666667,20.995833333333334,398.5833333333333,40.77916666666667,11.295833333333334,16.583333333333332,,1.5,,64.75,37.958333333333336
2021-11-20,45.70416666666667,27.958333333333332,456.2083333333333,43.75416666666666,18.879166666666666,11.541666666666666,,0.9166666666666666,,76.25,55.166666666666664
2021-11-21,59.97083333333333,37.4375,482.9166666666667,53.1,22.266666666666666,9.083333333333334,,0.16666666666666666,,96.20833333333333,66.91666666666667
2021-11-22,65.11666666666666,42.87916666666666,399.1666666666667,53.833333333333336,18.691666666666666,13.166666666666666,,1.8333333333333333,,114.29166666666667,72.83333333333333
2021-11-23,43.854166666666664,28.929166666666664,321.5833333333333,48.375,11.041666666666666,23.666666666666668,,1.75,,102.0,68.875
2021-11-24,18.420833333333334,11.783333333333333,259.75,26.8625,6.3125,25.958333333333332,,0.0,,66.58333333333333,42.041666666666664
2021-11-25,21.504166666666666,12.341666666666667,303.3333333333333,35.4625,10.2875,24.25,,0.0,,42.083333333333336,21.541666666666668
2021-11-26,42.00833333333333,27.266666666666666,467.25,51.449999999999996,15.058333333333332,4.916666666666667,,1.2083333333333333,,65.20833333333333,41.208333333333336
2021-11-27,34.954166666666666,20.095833333333335,249.79166666666666,38.55833333333333,7.441666666666666,28.458333333333332,,5.833333333333333,,80.25,58.958333333333336
2021-11-28,27.912499999999998,15.508333333333333,273.2916666666667,38.104166666666664,8.283333333333333,31.458333333333332,,5.791666666666667,,61.416666666666664,34.833333333333336
2021-11-29,63.15,26.129166666666666,246.95833333333334,30.0125,7.395833333333333,37.75,,22.25,,63.416666666666664,41.458333333333336
2021-11-30,23.316666666666666,11.5875,264.3333333333333,25.479166666666668,7.070833333333333,42.666666666666664,,1.2083333333333333,,69.66666666666667,53.458333333333336
2021-12-01,24.59583333333333,13.958333333333334,310.625,34.395833333333336,12.504166666666668,21.541666666666668,,0.0,,48.625,23.625
2021-12-02,25.929166666666664,14.25,289.9166666666667,37.541666666666664,12.608333333333334,29.125,,0.0,,55.583333333333336,29.25
2021-12-03,25.724999999999998,13.395833333333334,250.83333333333334,30.8125,8.5,41.791666666666664,,0.041666666666666664,,54.583333333333336,28.0
2021-12-04,24.1875,14.133333333333333,307.3333333333333,41.94583333333333,10.483333333333333,19.916666666666668,,1.4166666666666667,,54.708333333333336,28.5
2021-12-05,26.754166666666666,17.404166666666665,397.1666666666667,36.0375,16.870833333333334,11.875,,1.0416666666666667,,50.375,25.041666666666668
2021-12-06,46.574999999999996,31.770833333333332,386.375,51.44583333333333,15.483333333333334,9.833333333333334,,2.0416666666666665,,85.45833333333333,60.25
2021-12-07,49.104166666666664,31.208333333333332,453.7916666666667,66.19583333333334,18.454166666666666,7.375,,3.375,,92.54166666666667,65.58333333333333
2021-12-08,27.954166666666666,19.158333333333335,429.4166666666667,45.166666666666664,12.604166666666666,6.875,,2.2083333333333335,,76.91666666666667,54.75
2021-12-09,27.212500000000002,16.958333333333332,469.5,36.80833333333333,12.295833333333334,11.583333333333334,,0.5833333333333334,,59.666666666666664,33.125
2021-12-10,30.945833333333336,17.208333333333332,328.75,45.40416666666667,12.233333333333334,18.0,,1.875,,62.5,35.541666666666664
2021-12-11,29.383333333333336,16.320833333333333,360.375,40.7875,11.283333333333333,32.708333333333336,,5.083333333333333,,54.25,28.958333333333332
2021-12-12,39.0,23.77916666666667,316.4166666666667,49.291666666666664,12.612499999999999,18.041666666666668,,3.625,,74.75,53.833333333333336
2021-12-13,23.145833333333332,15.887500000000001,375.7083333333333,43.237500000000004,10.241666666666667,19.208333333333332,,1.9583333333333333,,62.375,36.416666666666664
2021-12-14,16.974999999999998,9.920833333333333,288.625,27.375,6.316666666666666,21.5,,1.0833333333333333,,53.083333333333336,27.375
2021-12-15,15.2125,9.75,291.2916666666667,17.966666666666665,5.708333333333333,16.958333333333332,,0.375,,39.75,19.208333333333332
2021-12-16,15.8375,11.887500000000001,325.625,25.962500000000002,6.670833333333333,15.333333333333334,,0.0,,43.333333333333336,20.833333333333332
2021-12-17,22.099999999999998,17.404166666666665,358.1666666666667,33.145833333333336,9.445833333333333,17.833333333333332,,0.0,,54.166666666666664,27.916666666666668
2021-12-18,18.125,11.670833333333334,287.875,28.166666666666668,6.675,28.583333333333332,,0.0,,60.375,33.708333333333336
2021-12-19,19.958333333333332,9.950000000000001,304.4583333333333,25.97083333333333,8.679166666666667,33.125,,0.0,,36.083333333333336,18.416666666666668
2021-12-20,43.27916666666667,28.770833333333332,390.9583333333333,46.27916666666667,18.525000000000002,11.416666666666666,,0.0,,68.08333333333333,45.208333333333336
2021-12-21,33.666666666666664,20.1375,388.875,35.9625,18.041666666666668,21.916666666666668,,0.0,,75.58333333333333,53.208333333333336
2021-12-22,38.85,21.916666666666668,436.0416666666667,44.1,26.241666666666664,13.583333333333334,,0.0,,66.83333333333333,40.291666666666664
2021-12-23,42.516666666666666,27.295833333333334,464.5,46.3375,28.333333333333332,13.0,,0.0,,72.875,50.833333333333336
2021-12-24,41.545833333333334,31.879166666666666,509.5,42.979166666666664,21.204166666666666,16.291666666666668,,0.0,,100.54166666666667,68.375
2021-12-25,26.3,15.325000000000001,327.9166666666667,29.125,9.208333333333334,37.708333333333336,,0.4583333333333333,,69.125,44.375
2021-12-26,23.650000000000002,14.608333333333334,325.625,30.712500000000002,9.875,32.958333333333336,,1.125,,55.541666666666664,29.166666666666668
2021-12-27,26.041666666666668,14.816666666666668,340.3333333333333,35.295833333333334,10.883333333333333,29.875,,2.5,,56.0,29.291666666666668
2021-12-28,27.608333333333334,16.974999999999998,340.6666666666667,41.06666666666667,12.604166666666666,24.583333333333332,,3.25,,56.041666666666664,29.75
2021-12-29,39.800000000000004,25.383333333333336,496.875,55.69583333333333,22.8,6.583333333333333,,3.2916666666666665,,70.25,47.125
2021-12-30,30.329166666666666,21.129166666666666,368.3333333333333,44.25416666666666,15.1625,15.75,,0.625,,77.29166666666667,57.375
2021-12-31,22.912499999999998,15.1625,361.25,31.804166666666664,14.304166666666667,29.75,,0.9583333333333334,,59.208333333333336,32.916666666666664
2022-01-01,34.75,30.491666666666664,327.25,36.85,28.491666666666664,21.625,,0.4583333333333333,,59.25,32.5
2022-01-02,31.379166666666666,27.1375,300.75,28.941666666666666,22.829166666666666,20.875,,0.0,,87.52380952380952,63.714285714285715
2022-01-03,26.40416666666667,21.0,283.25,30.429166666666664,22.329166666666666,26.083333333333332,,0.0,,77.41666666666667,57.375
2022-01-04,30.333333333333332,20.620833333333334,276.0416666666667,30.491666666666664,24.808333333333334,29.333333333333332,,0.0,,62.875,36.25
2022-01-05,21.333333333333332,15.762500000000001,212.75,16.704166666666666,11.720833333333333,51.375,,0.0,,67.75,42.25
2022-01-06,15.983333333333334,11.108333333333334,171.16666666666666,14.487499999999999,11.029166666666667,58.791666666666664,,0.08333333333333333,,49.458333333333336,25.291666666666668
2022-01-07,25.116666666666664,17.525000000000002,227.83333333333334,23.579166666666666,17.208333333333332,28.958333333333332,,0.9583333333333334,,55.125,29.166666666666668
2022-01-08,39.4,29.8,289.7916666666667,28.65833333333333,26.099999999999998,21.208333333333332,,0.9583333333333334,,66.29166666666667,41.166666666666664
2022-01-09,39.55416666666667,33.454166666666666,342.7916666666667,36.11666666666667,28.691666666666666,14.291666666666666,,0.625,,103.20833333333333,69.41666666666667
2022-01-10,38.4,31.625,296.1666666666667,29.2,22.995833333333334,24.25,,2.4583333333333335,,87.0,63.583333333333336
2022-01-11,27.15416666666667,20.125,198.875,10.116666666666667,8.208333333333334,39.916666666666664,,2.625,,85.54166666666667,61.541666666666664
2022-01-12,11.987499999999999,8.379166666666666,193.54166666666666,5.708333333333333,4.8,49.333333333333336,,0.16666666666666666,,53.958333333333336,29.083333333333332
2022-01-13,10.079166666666667,7.879166666666666,176.91666666666666,8.091666666666667,6.616666666666667,56.166666666666664,,0.0,,29.25,22.416666666666668
2022-01-14,24.583333333333332,19.258333333333333,252.04166666666666,26.445833333333336,23.183333333333334,37.458333333333336,,0.0,,50.916666666666664,26.791666666666668
2022-01-15,24.224999999999998,16.770833333333332,229.25,19.466666666666665,15.620833333333332,42.958333333333336,,0.0,,65.625,39.333333333333336
2022-01-16,21.154166666666665,13.670833333333334,237.08333333333334,19.7625,13.133333333333333,40.791666666666664,,0.0,,52.916666666666664,27.041666666666668
2022-01-17,21.504166666666666,13.758333333333333,237.25,23.745833333333334,19.2,43.208333333333336,,0.0,,59.083333333333336,32.375
2022-01-18,16.125,10.645833333333334,200.45833333333334,13.450000000000001,11.791666666666666,51.541666666666664,,0.0,,44.375,23.083333333333332
2022-01-19,13.65,9.370833333333334,207.83333333333334,12.454166666666666,10.120833333333334,54.5,,0.0,,38.291666666666664,23.291666666666668
2022-01-20,14.975,11.183333333333332,197.08333333333334,13.958333333333334,13.658333333333333,61.291666666666664,,0.0,,48.5,25.208333333333332
2022-01-21,13.9,10.2125,191.08333333333334,12.433333333333332,9.858333333333333,60.0,,0.0,,42.541666666666664,24.166666666666668
2022-01-22,15.65,10.345833333333333,205.91666666666666,12.595833333333333,10.233333333333333,49.041666666666664,,0.0,,40.875,21.291666666666668
2022-01-23,13.241666666666667,9.987499999999999,205.33333333333334,9.325,7.704166666666667,49.291666666666664,,0.0,,44.291666666666664,22.0
2022-01-24,15.341666666666667,11.591666666666667,226.375,14.558333333333332,10.683333333333332,44.166666666666664,,0.0,,44.458333333333336,21.416666666666668
2022-01-25,14.25,10.241666666666667,203.91666666666666,7.925000000000001,7.75,54.791666666666664,,0.0,,43.958333333333336,22.333333333333332
2022-01-26,22.15833333333333,18.483333333333334,243.91666666666666,17.775,13.975,47.25,,0.0,,50.5,26.208333333333332
2022-01-27,32.09166666666667,28.150000000000002,317.7916666666667,27.09583333333333,27.145833333333332,25.541666666666668,,0.0,,76.25,54.916666666666664
2022-01-28,23.675,19.620833333333334,258.625,20.3875,18.533333333333335,43.0,,0.0,,79.20833333333333,58.291666666666664
2022-01-29,30.195833333333336,21.445833333333336,291.7083333333333,27.974999999999998,22.09166666666667,31.208333333333332,,0.041666666666666664,,65.83333333333333,39.333333333333336
2022-01-30,31.808333333333334,21.545833333333334,285.75,29.6875,21.849999999999998,25.166666666666668,,0.0,,71.83333333333333,49.125
2022-01-31,30.46666666666667,18.233333333333334,252.41666666666666,24.474999999999998,22.708333333333332,40.041666666666664,,0.0,,63.75,37.083333333333336
2022-02-01,30.058333333333334,20.1875,253.83333333333334,31.52916666666667,17.258333333333333,45.625,,0.0,,67.25,40.958333333333336
2022-02-02,23.166666666666668,17.175,241.5,31.025000000000002,15.083333333333334,34.958333333333336,,0.375,,65.375,38.5
2022-02-03,14.9125,10.995833333333332,200.91666666666666,10.083333333333334,7.0375000000000005,48.416666666666664,,0.0,,51.083333333333336,25.875
2022-02-04,22.141666666666666,14.941666666666668,270.5833333333333,18.75,14.666666666666666,47.0,,0.0,,49.291666666666664,24.833333333333332
2022-02-05,26.629166666666666,20.375,247.41666666666666,25.724999999999998,17.729166666666668,45.541666666666664,,0.0,,65.58333333333333,39.166666666666664
2022-02-06,39.82083333333333,29.491666666666664,301.25,32.18333333333333,25.641666666666666,30.416666666666668,,0.4166666666666667,,74.25,51.083333333333336
2022-02-07,27.179166666666664,20.354166666666668,234.79166666666666,18.695833333333333,13.737499999999999,61.791666666666664,,0.375,,83.20833333333333,60.708333333333336
2022-02-08,12.5625,10.387500000000001,198.79166666666666,10.233333333333333,5.7625,54.666666666666664,,0.375,,56.75,30.5
2022-02-09,14.85,10.420833333333333,203.41666666666666,10.737499999999999,10.766666666666666,53.833333333333336,,0.0,,33.958333333333336,22.583333333333332
2022-02-10,27.558333333333334,16.775000000000002,251.79166666666666,24.90833333333333,15.758333333333333,40.208333333333336,,0.0,,53.458333333333336,27.541666666666668
2022-02-11,37.395833333333336,26.375,296.4166666666667,41.208333333333336,27.295833333333334,26.25,,0.0,,72.83333333333333,50.458333333333336
2022-02-12,34.625,25.724999999999998,264.7083333333333,31.866666666666664,25.683333333333334,29.791666666666668,,0.25,,81.54166666666667,61.5
2022-02-13,11.887500000000001,9.183333333333334,210.08333333333334,7.245833333333334,5.954166666666667,62.833333333333336,,0.20833333333333334,,59.0,36.333333333333336
2022-02-14,19.104166666666668,13.225,220.20833333333334,17.2125,11.8375,55.875,,0.0,,41.333333333333336,24.208333333333332
2022-02-15,33.72083333333333,26.816666666666666,319.9583333333333,36.8125,24.770833333333332,28.625,,0.375,,68.29166666666667,45.25
2022-02-16,41.420833333333334,32.795833333333334,357.5,50.15833333333333,30.566666666666666,24.083333333333332,,0.7916666666666666,,89.25,64.375
2022-02-17,40.141666666666666,26.745833333333334,308.7083333333333,42.30416666666667,26.758333333333336,32.541666666666664,,3.3333333333333335,,88.25,63.916666666666664
2022-02-18,35.99166666666667,21.920833333333334,236.75,22.770833333333332,16.383333333333333,48.958333333333336,,4.5,,75.08333333333333,54.833333333333336
2022-02-19,37.7125,27.291666666666668,324.7916666666667,42.09583333333333,27.8,27.125,,0.0,,80.58333333333333,59.625
2022-02-20,32.725,24.650000000000002,278.3333333333333,41.1625,26.229166666666668,30.333333333333332,,0.0,,74.58333333333333,53.333333333333336
2022-02-21,46.94166666666666,36.166666666666664,330.25,41.92916666666667,31.97083333333333,23.0,,0.7083333333333334,,91.95833333333333,65.33333333333333
2022-02-22,32.0,21.554166666666664,247.33333333333334,30.566666666666666,18.708333333333332,38.375,,5.0,,84.58333333333333,61.25
2022-02-23,23.3625,18.820833333333333,235.54166666666666,24.21666666666667,13.066666666666668,31.458333333333332,,0.8333333333333334,,71.0,47.458333333333336
2022-02-24,15.220833333333333,10.270833333333334,204.45833333333334,7.8374999999999995,6.1000000000000005,62.541666666666664,,0.0,,50.875,26.833333333333332
2022-02-25,23.675,15.700000000000001,240.04166666666666,13.633333333333333,13.179166666666667,52.5,,0.0,,47.375,24.916666666666668
2022-02-26,34.25,25.650000000000002,316.5,29.587500000000002,28.912499999999998,33.958333333333336,,0.0,,74.875,52.791666666666664
2022-02-27,19.075,13.854166666666666,199.0,8.720833333333333,8.758333333333333,62.416666666666664,,0.16666666666666666,,63.416666666666664,38.25
2022-02-28,17.150000000000002,13.875,222.29166666666666,14.833333333333334,10.6625,46.958333333333336,,0.125,,55.666666666666664,29.375
2022-03-01,16.333333333333332,11.424999999999999,213.25,12.354166666666666,10.241666666666667,41.5,,0.20833333333333334,,49.375,24.125
2022-03-02,14.845833333333333,11.049999999999999,208.5,10.920833333333334,9.845833333333333,47.541666666666664,,0.9166666666666666,,45.875,22.083333333333332
2022-03-03,18.166666666666668,14.633333333333333,218.91666666666666,12.758333333333333,10.791666666666666,50.291666666666664,,0.625,,49.708333333333336,24.541666666666668
2022-03-04,26.829166666666666,21.175,257.875,26.441666666666666,19.724999999999998,47.125,,0.8333333333333334,,62.916666666666664,36.375
2022-03-05,34.425000000000004,27.075,281.7916666666667,31.3625,20.766666666666666,42.791666666666664,,0.9583333333333334,,79.5,57.916666666666664
2022-03-06,18.429166666666667,13.366666666666667,206.125,6.4875,6.766666666666667,73.95833333333333,,0.5,,66.375,42.5
2022-03-07,15.104166666666666,10.799999999999999,206.79166666666666,9.995833333333334,7.645833333333333,64.95833333333333,,0.3333333333333333,,47.958333333333336,26.166666666666668
2022-03-08,12.508333333333333,9.862499999999999,196.58333333333334,10.620833333333334,7.454166666666667,58.75,,0.0,,43.166666666666664,23.541666666666668
2022-03-09,14.708333333333334,11.016666666666666,198.29166666666666,9.108333333333333,7.883333333333333,61.583333333333336,,0.0,,43.458333333333336,24.583333333333332
2022-03-10,15.416666666666666,11.554166666666667,201.70833333333334,10.154166666666667,7.754166666666666,61.375,,0.0,,46.958333333333336,25.416666666666668
2022-03-11,11.0375,8.120833333333334,177.04166666666666,5.879166666666666,5.708333333333333,69.66666666666667,,0.0,,39.916666666666664,27.916666666666668
2022-03-12,13.145833333333334,10.495833333333334,187.625,7.283333333333334,6.495833333333334,63.791666666666664,,0.0,,39.291666666666664,25.5
2022-03-13,20.925,15.654166666666667,230.33333333333334,18.279166666666665,11.729166666666666,57.041666666666664,,0.0,,46.958333333333336,25.875
2022-03-14,31.145833333333332,24.641666666666666,290.75,33.61666666666667,23.004166666666666,40.958333333333336,,0.0,,72.75,50.958333333333336
2022-03-15,28.337500000000002,22.733333333333334,288.875,29.429166666666664,19.741666666666667,41.458333333333336,,0.0,,71.0,47.458333333333336
2022-03-16,37.112500000000004,30.325,286.5416666666667,35.025,24.212500000000002,46.25,,0.0,,80.625,60.083333333333336
2022-03-17,35.65,29.558333333333334,292.375,31.254166666666666,19.325,48.291666666666664,,0.0,,99.95833333333333,68.25
2022-03-18,13.5,10.6,189.875,7.091666666666666,6.9750000000000005,82.16666666666667,,0.0,,58.5,39.375
2022-03-19,16.158333333333335,10.450000000000001,192.375,6.066666666666666,6.816666666666666,78.875,,0.0,,41.958333333333336,31.666666666666668
2022-03-20,15.479166666666666,11.345833333333333,184.125,6.604166666666667,5.879166666666666,84.875,,0.0,,46.041666666666664,33.958333333333336
2022-03-21,16.108333333333334,13.004166666666668,200.20833333333334,9.416666666666666,8.7125,84.75,,0.0,,48.958333333333336,33.916666666666664
2022-03-22,25.141666666666666,18.058333333333334,226.5,14.279166666666667,12.566666666666668,78.08333333333333,,0.0,,58.083333333333336,33.166666666666664
2022-03-23,17.579166666666666,11.108333333333334,206.79166666666666,9.033333333333333,7.070833333333333,71.875,,0.0,,58.0,32.583333333333336
2022-03-24,18.908333333333335,13.366666666666667,235.54166666666666,19.204166666666666,12.804166666666667,63.0,,0.08333333333333333,,41.708333333333336,27.041666666666668
2022-03-25,27.570833333333336,20.083333333333332,241.875,20.208333333333332,13.345833333333333,60.833333333333336,,0.6666666666666666,,61.916666666666664,35.125
2022-03-26,30.704166666666666,21.40416666666667,271.5416666666667,20.620833333333334,13.808333333333332,56.041666666666664,,1.0,,64.41666666666667,37.666666666666664
2022-03-27,35.079166666666666,26.479166666666668,261.6666666666667,23.604166666666668,16.325,58.583333333333336,,1.4166666666666667,,79.54166666666667,58.958333333333336
2022-03-28,51.72083333333333,40.199999999999996,364.1666666666667,45.887499999999996,33.74583333333333,34.041666666666664,,2.8333333333333335,,92.0,65.41666666666667
2022-03-29,50.19166666666666,37.40833333333333,302.7916666666667,39.458333333333336,26.308333333333334,41.208333333333336,,6.208333333333333,,119.29166666666667,74.66666666666667
2022-03-30,39.96666666666667,26.354166666666668,243.45833333333334,27.570833333333336,18.675,55.583333333333336,,6.666666666666667,,85.0,62.666666666666664
2022-03-31,54.82083333333333,30.5,221.04166666666666,23.316666666666666,15.545833333333334,62.25,,24.125,,86.0,63.125
2022-04-01,60.72083333333333,26.4375,182.5,19.32916666666667,11.783333333333333,60.833333333333336,,42.916666666666664,,84.41666666666667,63.458333333333336
2022-04-02,52.225,26.224999999999998,172.375,10.166666666666666,7.533333333333334,83.20833333333333,,19.333333333333332,,84.75,65.25
2022-04-03,23.0125,14.299999999999999,174.33333333333334,10.174999999999999,7.945833333333333,80.29166666666667,,0.9583333333333334,,67.25,43.958333333333336
2022-04-04,19.025000000000002,14.475,228.75,15.158333333333333,11.583333333333334,61.041666666666664,,0.25,,52.541666666666664,27.541666666666668
2022-04-05,21.6375,19.629166666666666,246.375,24.004166666666666,12.158333333333333,48.041666666666664,,1.7083333333333333,,60.416666666666664,33.875
2022-04-06,22.979166666666668,19.2,243.25,21.054166666666667,15.295833333333334,59.166666666666664,,3.0833333333333335,,67.25,41.0
2022-04-07,32.612500000000004,25.116666666666664,255.25,30.34166666666667,17.583333333333332,49.0,,5.125,,70.0,46.333333333333336
2022-04-08,40.074999999999996,28.133333333333336,209.45833333333334,22.47083333333333,16.858333333333334,54.625,,11.083333333333334,,82.25,61.75
2022-04-09,35.483333333333334,23.087500000000002,239.16666666666666,28.775000000000002,18.025,50.125,,2.4166666666666665,,78.08333333333333,57.625
2022-04-10,26.675,17.29583333333333,194.83333333333334,18.779166666666665,11.883333333333333,63.041666666666664,,0.5833333333333334,,66.5,40.875
2022-04-11,14.4375,11.116666666666667,196.91666666666666,10.629166666666666,6.883333333333333,59.375,,0.08333333333333333,,56.833333333333336,30.708333333333332
2022-04-12,24.016666666666666,16.695833333333333,235.29166666666666,21.150000000000002,16.9375,51.666666666666664,,0.0,,49.75,25.458333333333332
2022-04-13,33.300000000000004,25.349999999999998,324.625,40.75,32.49166666666667,39.083333333333336,,0.0,,73.20833333333333,51.75
2022-04-14,34.275,24.183333333333334,299.2916666666667,42.67083333333333,28.333333333333332,37.5,,0.0,,76.04166666666667,57.083333333333336
2022-04-15,28.579166666666666,19.504166666666666,256.3333333333333,26.95,16.308333333333334,46.791666666666664,,2.0833333333333335,,71.375,48.208333333333336
2022-04-16,38.420833333333334,28.912499999999998,280.25,35.920833333333334,23.025000000000002,32.416666666666664,,2.5,,71.625,47.75
2022-04-17,22.587500000000002,17.545833333333334,187.75,13.783333333333333,8.225,60.25,,1.9583333333333333,,80.625,57.25
2022-04-18,9.179166666666665,7.9375,174.54166666666666,6.7749999999999995,3.6458333333333335,67.16666666666667,,0.16666666666666666,,45.833333333333336,27.791666666666668
2022-04-19,13.120833333333332,10.729166666666666,179.41666666666666,12.799999999999999,7.4750000000000005,62.541666666666664,,0.6666666666666666,,33.25,25.75
2022-04-20,23.004166666666666,18.099999999999998,246.29166666666666,28.941666666666666,17.8,49.5,,0.7916666666666666,,58.666666666666664,32.25
2022-04-21,24.5,19.391666666666666,244.375,26.72083333333333,16.2,51.791666666666664,,0.041666666666666664,,59.041666666666664,32.5
2022-04-22,37.94166666666667,28.912499999999998,284.0,35.675000000000004,20.5625,44.083333333333336,,1.5416666666666667,,81.33333333333333,58.625
2022-04-23,37.78333333333333,27.675,261.9583333333333,39.025,24.816666666666666,36.791666666666664,,7.083333333333333,,81.04166666666667,61.25
2022-04-24,55.979166666666664,33.25,260.875,31.71666666666667,24.179166666666664,48.541666666666664,,18.958333333333332,,95.58333333333333,66.70833333333333
2022-04-25,54.34583333333333,35.44583333333333,243.45833333333334,31.491666666666664,23.712500000000002,43.5,,14.208333333333334,,89.625,64.54166666666667
2022-04-26,57.225,41.362500000000004,270.2083333333333,34.00833333333333,23.333333333333332,42.125,,12.75,,114.41666666666667,72.91666666666667
2022-04-27,30.400000000000002,20.941666666666666,181.5,17.0625,10.120833333333334,63.5,,5.666666666666667,,90.54166666666667,63.458333333333336
2022-04-28,26.25,19.3625,194.58333333333334,13.829166666666666,9.116666666666667,71.125,,1.8333333333333333,,65.91666666666667,39.083333333333336
2022-04-29,24.3875,18.85833333333333,209.75,10.5,7.895833333333333,70.25,,1.0,,65.45833333333333,38.541666666666664
2022-04-30,22.770833333333332,17.7625,195.5,8.166666666666666,5.9375,65.5,,1.0,,62.791666666666664,36.041666666666664
2022-05-01,21.1125,16.670833333333334,182.29166666666666,8.083333333333334,5.216666666666667,68.5,,1.5833333333333333,,61.458333333333336,34.916666666666664
2022-05-02,17.150000000000002,12.775,167.125,7.0375000000000005,4.8374999999999995,70.95833333333333,,1.125,,56.916666666666664,31.708333333333332
2022-05-03,14.045833333333334,10.9,168.66666666666666,8.9125,4.9375,66.95833333333333,,1.0,,46.208333333333336,26.791666666666668
2022-05-04,14.133333333333333,11.529166666666667,166.375,10.987499999999999,6.129166666666666,63.75,,0.4583333333333333,,43.541666666666664,25.833333333333332
2022-05-05,23.266666666666666,18.008333333333333,204.0,20.7625,15.129166666666668,54.791666666666664,,0.8333333333333334,,58.375,31.875
2022-05-06,17.808333333333334,12.895833333333334,163.29166666666666,12.916666666666666,7.2875000000000005,65.25,,0.16666666666666666,,56.208333333333336,32.0
2022-05-07,16.2,12.791666666666666,159.95833333333334,10.85,5.991666666666667,64.70833333333333,,0.9166666666666666,,53.625,29.041666666666668
2022-05-08,14.329166666666666,9.170833333333333,152.41666666666666,8.8125,5.229166666666667,68.0,,1.8333333333333333,,43.916666666666664,27.541666666666668
2022-05-09,15.641666666666666,8.895833333333334,156.95833333333334,7.991666666666667,4.833333333333333,72.25,,3.0416666666666665,,35.208333333333336,28.875
2022-05-10,14.616666666666667,10.65,161.91666666666666,11.408333333333333,6.091666666666666,70.79166666666667,,1.375,,40.791666666666664,28.5
2022-05-11,17.5,13.641666666666666,170.125,14.799999999999999,7.9875,65.5,,0.875,,48.833333333333336,27.25
2022-05-12,28.162499999999998,22.09583333333333,237.54166666666666,31.7625,18.866666666666667,45.5,,0.125,,62.833333333333336,36.958333333333336
2022-05-13,32.225,25.941666666666666,236.45833333333334,29.587500000000002,18.575,52.583333333333336,,0.0,,72.08333333333333,49.5
2022-05-14,38.208333333333336,31.629166666666666,239.58333333333334,37.112500000000004,21.991666666666664,48.041666666666664,,0.4166666666666667,,92.58333333333333,65.54166666666667
2022-05-15,29.474999999999998,22.620833333333334,191.79166666666666,25.1875,13.320833333333333,55.375,,1.0,,80.91666666666667,60.083333333333336
2022-05-16,33.233333333333334,25.28333333333333,218.20833333333334,23.0625,14.220833333333333,64.16666666666667,,0.5,,73.5,51.75
2022-05-17,36.354166666666664,29.0,251.0,34.016666666666666,20.2625,51.708333333333336,,0.0,,78.20833333333333,59.5
2022-05-18,25.854166666666668,20.349999999999998,189.91666666666666,25.175,13.166666666666666,55.458333333333336,,0.08333333333333333,,88.45833333333333,63.541666666666664
2022-05-19,12.200000000000001,9.112499999999999,140.625,10.133333333333333,5.054166666666666,58.291666666666664,,0.0,,43.083333333333336,26.208333333333332
2022-05-20,15.737499999999999,12.308333333333332,164.58333333333334,15.295833333333334,7.9875,53.625,,0.08333333333333333,,47.666666666666664,25.25
2022-05-21,33.454166666666666,28.166666666666668,217.875,30.3125,19.808333333333334,47.708333333333336,,0.0,,59.916666666666664,34.875
2022-05-22,30.354166666666668,24.933333333333334,231.83333333333334,32.6625,19.295833333333334,44.958333333333336,,0.375,,91.33333333333333,65.16666666666667
2022-05-23,26.395833333333332,20.441666666666666,210.45833333333334,23.770833333333332,11.745833333333332,52.958333333333336,,0.875,,70.91666666666667,47.416666666666664
2022-05-24,17.795833333333334,13.383333333333333,164.70833333333334,13.754166666666668,7.6000000000000005,62.875,,0.20833333333333334,,59.5,34.125
2022-05-25,22.025000000000002,17.525000000000002,177.33333333333334,15.3125,10.070833333333333,61.708333333333336,,0.625,,56.041666666666664,30.041666666666668
2022-05-26,42.266666666666666,32.99166666666667,233.08333333333334,32.72083333333333,21.483333333333334,51.583333333333336,,2.75,,72.79166666666667,48.5
2022-05-27,33.550000000000004,26.8875,210.875,22.054166666666664,12.5625,66.25,,3.0833333333333335,,97.29166666666667,67.25
2022-05-28,40.300000000000004,31.962500000000002,255.41666666666666,32.40416666666667,19.666666666666668,47.791666666666664,,4.0,,80.75,60.458333333333336
2022-05-29,39.625,29.59166666666667,202.04166666666666,22.8625,12.379166666666668,60.791666666666664,,7.916666666666667,,91.75,65.29166666666667
2022-05-30,46.35833333333333,27.28333333333333,182.33333333333334,24.266666666666666,14.041666666666666,52.708333333333336,,17.958333333333332,,85.95833333333333,63.041666666666664
2022-05-31,34.34166666666667,24.804166666666664,173.375,16.445833333333333,9.333333333333334,65.41666666666667,,6.875,,80.79166666666667,61.041666666666664
2022-06-01,32.112500000000004,23.858333333333334,152.29166666666666,15.520833333333334,7.279166666666666,65.08333333333333,,6.541666666666667,,77.125,58.75
2022-06-02,31.308333333333334,20.870833333333334,137.58333333333334,11.408333333333333,5.3625,68.04166666666667,,9.208333333333334,,71.70833333333333,48.833333333333336
2022-06-03,31.179166666666664,20.320833333333333,157.29166666666666,9.466666666666667,4.654166666666667,70.04166666666667,,6.458333333333333,,67.16666666666667,40.541666666666664
2022-06-04,31.22083333333333,21.3625,155.08333333333334,9.016666666666667,5.054166666666666,65.41666666666667,,6.833333333333333,,69.66666666666667,45.041666666666664
2022-06-05,23.170833333333334,18.95,164.75,11.625,6.283333333333334,73.0,,1.4166666666666667,,66.41666666666667,40.083333333333336
2022-06-06,25.1875,21.375,171.79166666666666,15.025,7.495833333333334,65.95833333333333,,0.9166666666666666,,68.625,43.25
2022-06-07,15.683333333333332,12.0625,155.33333333333334,9.841666666666667,4.958333333333333,67.66666666666667,,0.08333333333333333,,60.166666666666664,34.25
2022-06-08,14.5625,11.883333333333333,162.66666666666666,15.466666666666667,7.241666666666667,58.25,,0.375,,48.958333333333336,26.083333333333332
2022-06-09,24.15416666666667,20.1875,205.125,26.90416666666667,14.65,52.416666666666664,,0.875,,56.041666666666664,30.208333333333332
2022-06-10,31.979166666666668,24.579166666666666,217.66666666666666,29.458333333333332,13.179166666666667,51.916666666666664,,3.4583333333333335,,75.04166666666667,54.916666666666664
2022-06-11,18.3125,15.549999999999999,162.20833333333334,13.791666666666666,5.820833333333333,61.625,,1.4166666666666667,,68.41666666666667,44.125
2022-06-12,15.0,10.179166666666667,147.04166666666666,9.3125,3.3208333333333333,62.25,,0.5416666666666666,,47.625,26.916666666666668
2022-06-13,22.7375,17.004166666666666,160.75,10.591666666666667,5.283333333333333,65.04166666666667,,0.125,,51.5,27.75
2022-06-14,19.429166666666667,15.183333333333332,155.29166666666666,11.700000000000001,6.108333333333333,61.708333333333336,,0.375,,59.916666666666664,33.5
2022-06-15,16.120833333333334,11.012500000000001,141.70833333333334,9.816666666666666,4.566666666666666,63.375,,0.0,,53.125,29.666666666666668
2022-06-16,11.924999999999999,8.154166666666667,115.83333333333333,7.770833333333333,4.0125,73.25,,0.0,,39.125,29.291666666666668
2022-06-17,15.7125,11.512500000000001,118.33333333333333,8.945833333333333,4.466666666666667,72.58333333333333,,0.0,,40.166666666666664,29.0
2022-06-18,15.820833333333333,12.408333333333333,118.95833333333333,8.0875,4.266666666666667,66.66666666666667,,0.0,,51.291666666666664,27.333333333333332
2022-06-19,15.016666666666666,11.320833333333333,117.54166666666667,6.833333333333333,3.6,69.25,,0.0,,48.5,28.333333333333332
2022-06-20,17.25,13.554166666666667,127.33333333333333,10.275,4.779166666666667,68.20833333333333,,0.0,,48.958333333333336,27.791666666666668
2022-06-21,19.366666666666667,15.549999999999999,156.5,16.412499999999998,8.925,61.583333333333336,,0.0,,55.5,29.75
2022-06-22,23.099999999999998,16.3875,180.375,23.045833333333334,11.483333333333334,63.083333333333336,,1.1666666666666667,,57.625,33.5
2022-06-23,28.0625,21.491666666666664,212.70833333333334,27.0,14.579166666666666,59.583333333333336,,1.375,,68.16666666666667,43.583333333333336
2022-06-24,20.116666666666667,14.895833333333334,171.70833333333334,17.733333333333334,8.070833333333333,52.541666666666664,,0.2916666666666667,,62.916666666666664,36.541666666666664
2022-06-25,18.9875,14.008333333333333,176.58333333333334,19.729166666666668,11.320833333333333,49.583333333333336,,0.5833333333333334,,55.833333333333336,29.875
2022-06-26,17.179166666666667,13.679166666666667,155.33333333333334,15.308333333333332,7.141666666666667,61.25,,0.0,,51.458333333333336,29.166666666666668
2022-06-27,20.579166666666666,16.7375,161.20833333333334,12.704166666666666,5.795833333333333,58.625,,0.2916666666666667,,58.958333333333336,32.458333333333336
2022-06-28,13.695833333333333,10.479166666666666,138.33333333333334,7.320833333333333,3.7291666666666665,64.08333333333333,,1.625,,50.458333333333336,28.875
2022-06-29,17.141666666666666,12.020833333333334,130.29166666666666,9.137500000000001,4.3875,68.54166666666667,,3.9583333333333335,,47.666666666666664,27.583333333333332
2022-06-30,22.666666666666668,13.591666666666667,140.45833333333334,11.979166666666666,5.5249999999999995,65.70833333333333,,6.708333333333333,,51.125,28.833333333333332
2022-07-01,24.866666666666664,16.558333333333334,136.04166666666666,12.279166666666667,5.375,67.45833333333333,,5.625,,57.166666666666664,31.0
2022-07-02,17.929166666666667,14.241666666666667,126.0,8.954166666666667,4.4750000000000005,65.29166666666667,,1.0416666666666667,,57.75,32.125
2022-07-03,16.633333333333333,11.612499999999999,116.29166666666667,6.208333333333333,3.3958333333333335,80.54166666666667,,0.2916666666666667,,53.791666666666664,32.333333333333336
2022-07-04,15.262500000000001,9.479166666666666,107.75,6.604166666666667,3.5041666666666664,79.41666666666667,,0.75,,40.416666666666664,31.708333333333332
2022-07-05,16.079166666666666,11.754166666666668,110.08333333333333,7.575,3.9458333333333333,81.58333333333333,,0.4583333333333333,,43.083333333333336,32.708333333333336
2022-07-06,19.8125,15.266666666666666,113.33333333333333,9.095833333333333,4.766666666666667,79.66666666666667,,0.2916666666666667,,53.666666666666664,32.041666666666664
2022-07-07,21.741666666666664,17.304166666666667,135.33333333333334,10.270833333333334,4.8374999999999995,67.91666666666667,,0.041666666666666664,,59.375,32.875
2022-07-08,19.445833333333333,13.466666666666667,137.33333333333334,8.841666666666667,4.125,63.916666666666664,,0.25,,57.0,31.291666666666668
2022-07-09,18.120833333333334,13.366666666666667,140.70833333333334,8.795833333333333,4.116666666666666,69.54166666666667,,0.3333333333333333,,53.75,29.916666666666668
2022-07-10,14.0,10.275,136.83333333333334,10.1625,4.004166666666666,62.583333333333336,,0.0,,46.208333333333336,25.75
2022-07-11,16.45,13.075000000000001,153.16666666666666,15.299999999999999,8.5875,50.666666666666664,,0.0,,51.416666666666664,26.208333333333332
2022-07-12,12.958333333333334,10.095833333333333,126.83333333333333,11.108333333333334,5.645833333333333,61.75,,0.0,,43.583333333333336,26.958333333333332
2022-07-13,15.237499999999999,11.658333333333333,133.95833333333334,12.491666666666667,5.9125000000000005,61.166666666666664,,0.0,,45.833333333333336,25.958333333333332
2022-07-14,14.3375,11.033333333333333,134.20833333333334,11.741666666666667,5.604166666666667,60.25,,0.0,,49.166666666666664,27.75
2022-07-15,13.091666666666667,9.770833333333334,121.79166666666667,8.950000000000001,4.266666666666667,72.04166666666667,,0.08333333333333333,,40.875,28.875
2022-07-16,13.016666666666666,9.983333333333333,130.0,11.2875,5.479166666666667,67.83333333333333,,0.0,,41.625,27.25
2022-07-17,15.254166666666668,12.045833333333334,132.08333333333334,9.754166666666666,4.708333333333333,69.45833333333333,,0.08333333333333333,,44.625,28.458333333333332
2022-07-18,13.691666666666668,8.558333333333334,120.08333333333333,6.7,3.4499999999999997,71.45833333333333,,0.0,,45.666666666666664,28.5
2022-07-19,11.754166666666668,8.441666666666666,120.33333333333333,6.575,3.3541666666666665,70.125,,0.0,,33.625,28.041666666666668
2022-07-20,14.095833333333333,10.137500000000001,121.75,6.891666666666667,3.7916666666666665,70.95833333333333,,0.0,,39.291666666666664,28.458333333333332
2022-07-21,21.55,16.370833333333334,156.33333333333334,16.3875,7.7,64.125,,0.5416666666666666,,53.041666666666664,29.041666666666668
2022-07-22,12.741666666666667,9.920833333333333,140.04166666666666,14.933333333333332,6.4875,60.666666666666664,,0.25,,50.958333333333336,30.583333333333332
2022-07-23,17.141666666666666,12.516666666666666,160.83333333333334,20.491666666666667,8.6625,57.666666666666664,,0.4583333333333333,,46.125,26.791666666666668
2022-07-24,13.791666666666666,10.612499999999999,133.0,12.629166666666668,5.270833333333333,63.833333333333336,,0.3333333333333333,,48.208333333333336,28.458333333333332
2022-07-25,16.170833333333334,12.920833333333334,130.125,11.737499999999999,5.9375,67.20833333333333,,0.25,,49.0,28.208333333333332
2022-07-26,14.604166666666666,11.929166666666667,137.79166666666666,11.1625,4.920833333333333,71.20833333333333,,0.625,,50.916666666666664,30.541666666666668
2022-07-27,14.975,11.416666666666666,138.41666666666666,9.7125,5.095833333333333,70.91666666666667,,0.625,,49.416666666666664,29.125
2022-07-28,14.204166666666666,9.129166666666666,127.91666666666667,6.708333333333333,3.1833333333333336,77.04166666666667,,0.2916666666666667,,41.291666666666664,30.833333333333332
2022-07-29,17.1375,9.995833333333334,136.29166666666666,6.341666666666666,3.341666666666667,75.79166666666667,,0.6666666666666666,,39.125,30.291666666666668
2022-07-30,23.84583333333333,18.258333333333333,164.75,8.65,4.233333333333333,76.5,,0.7083333333333334,,51.291666666666664,31.125
2022-07-31,23.116666666666664,18.508333333333333,168.04166666666666,9.466666666666667,4.7124999999999995,74.04166666666667,,0.041666666666666664,,67.54166666666667,41.625
2022-08-01,19.029166666666665,14.195833333333333,165.20833333333334,11.320833333333333,6.8500000000000005,77.875,,0.041666666666666664,,58.666666666666664,36.041666666666664
2022-08-02,16.404166666666665,13.0625,174.20833333333334,13.379166666666668,7.266666666666667,66.16666666666667,,0.0,,53.166666666666664,30.125
2022-08-03,16.691666666666666,12.591666666666667,164.33333333333334,10.1,5.233333333333333,68.41666666666667,,0.0,,51.416666666666664,28.375
2022-08-04,13.408333333333333,10.487499999999999,148.41666666666666,8.245833333333334,4.366666666666666,66.75,,0.0,,47.5,27.333333333333332
2022-08-05,14.7875,11.391666666666666,142.04166666666666,9.362499999999999,4.675,65.875,,0.20833333333333334,,46.333333333333336,26.291666666666668
2022-08-06,15.241666666666667,12.091666666666667,142.58333333333334,7.629166666666666,3.7375000000000003,67.5,,0.4166666666666667,,49.0,27.208333333333332
2022-08-07,16.8,12.779166666666667,157.41666666666666,7.358333333333333,3.7708333333333335,71.125,,0.625,,51.416666666666664,28.541666666666668
2022-08-08,22.412499999999998,13.554166666666667,137.16666666666666,6.408333333333334,3.6999999999999997,75.75,,5.541666666666667,,50.833333333333336,30.333333333333332
2022-08-09,22.287499999999998,13.695833333333333,135.16666666666666,7.2250000000000005,4.145833333333333,78.20833333333333,,4.083333333333333,,53.333333333333336,31.333333333333332
2022-08-10,22.566666666666666,14.829166666666666,142.70833333333334,8.683333333333334,4.591666666666667,73.70833333333333,,3.0,,55.208333333333336,30.458333333333332
2022-08-11,19.420833333333334,12.845833333333333,154.0,8.866666666666667,4.7375,64.25,,0.4583333333333333,,53.5,28.625
2022-08-12,23.025000000000002,16.820833333333333,177.04166666666666,12.887500000000001,6.479166666666667,63.875,,1.5,,56.541666666666664,30.166666666666668
2022-08-13,29.09166666666667,22.675,165.83333333333334,10.033333333333333,5.316666666666666,64.20833333333333,,3.0,,66.70833333333333,41.291666666666664
2022-08-14,26.883333333333336,20.704166666666666,171.08333333333334,14.299999999999999,7.058333333333334,54.916666666666664,,2.0416666666666665,,70.16666666666667,46.0
2022-08-15,22.366666666666664,17.079166666666666,200.16666666666666,23.954166666666666,10.308333333333334,41.0,,0.9583333333333334,,65.83333333333333,39.625
2022-08-16,24.770833333333332,20.8,223.375,30.583333333333332,16.029166666666665,56.0,,1.0,,60.333333333333336,35.583333333333336
2022-08-17,30.254166666666666,24.645833333333332,232.25,32.00416666666667,19.120833333333334,57.166666666666664,,0.4583333333333333,,77.41666666666667,57.041666666666664
2022-08-18,31.912499999999998,25.962500000000002,233.625,25.020833333333332,13.200000000000001,56.875,,1.2916666666666667,,77.625,57.833333333333336
2022-08-19,22.333333333333332,17.2375,192.04166666666666,16.183333333333334,7.5874999999999995,57.0,,1.0833333333333333,,71.25,48.375
2022-08-20,18.650000000000002,14.762500000000001,172.04166666666666,14.766666666666666,7.029166666666666,60.541666666666664,,1.0,,59.541666666666664,32.833333333333336
2022-08-21,11.125,9.549999999999999,159.125,9.975,4.566666666666666,65.58333333333333,,1.0416666666666667,,46.416666666666664,28.666666666666668
2022-08-22,16.670833333333334,12.391666666666666,152.58333333333334,10.487499999999999,5.404166666666666,66.625,,1.125,,42.166666666666664,26.583333333333332
2022-08-23,20.120833333333334,14.270833333333334,153.04166666666666,12.816666666666668,6.029166666666666,65.54166666666667,,2.0,,53.875,28.416666666666668
2022-08-24,33.800000000000004,18.4375,133.0,11.629166666666668,4.958333333333333,68.70833333333333,,11.791666666666666,,59.041666666666664,32.583333333333336
2022-08-25,28.241666666666664,18.599999999999998,177.83333333333334,17.225,7.833333333333333,45.541666666666664,,4.125,,65.0,38.166666666666664
2022-08-26,32.483333333333334,24.925,201.625,25.991666666666664,13.991666666666667,43.833333333333336,,1.3333333333333333,,68.79166666666667,43.875
2022-08-27,41.5625,26.90416666666667,236.70833333333334,27.15833333333333,17.083333333333332,39.666666666666664,,5.583333333333333,,82.54166666666667,61.916666666666664
2022-08-28,41.34583333333333,25.445833333333336,191.125,19.55,9.262500000000001,50.958333333333336,,10.666666666666666,,79.91666666666667,60.916666666666664
2022-08-29,32.795833333333334,21.53333333333333,163.625,12.304166666666667,6.175,66.875,,9.625,,73.20833333333333,51.291666666666664
2022-08-30,31.541666666666668,19.904166666666665,160.54166666666666,10.674999999999999,4.9750000000000005,69.58333333333333,,7.458333333333333,,69.125,44.125
2022-08-31,23.833333333333332,16.220833333333335,159.95833333333334,13.4625,5.604166666666667,62.0,,1.8333333333333333,,64.04166666666667,37.166666666666664
2022-09-01,23.912499999999998,17.270833333333332,186.91666666666666,17.337500000000002,8.854166666666666,58.0,,2.6666666666666665,,56.458333333333336,30.291666666666668
2022-09-02,33.4125,25.191666666666666,191.20833333333334,15.295833333333334,8.229166666666666,61.291666666666664,,4.375,,70.375,47.291666666666664
2022-09-03,21.983333333333334,16.9625,181.75,12.816666666666668,7.654166666666666,54.125,,1.25,,74.08333333333333,53.0
2022-09-04,14.516666666666666,11.333333333333334,148.20833333333334,7.675,4.970833333333333,51.333333333333336,,0.2916666666666667,,49.25,25.25
2022-09-05,14.1,10.520833333333334,123.91666666666667,6.55,4.666666666666667,63.208333333333336,,0.25,,47.375,25.708333333333332
2022-09-06,15.933333333333332,10.75,126.125,7.2625,4.966666666666667,71.375,,0.0,,43.166666666666664,28.541666666666668
2022-09-07,15.279166666666667,10.191666666666666,125.375,7.1625000000000005,4.5625,70.79166666666667,,0.0,,45.125,28.333333333333332
2022-09-08,13.9625,10.9125,133.125,9.541666666666666,6.095833333333334,70.20833333333333,,0.0,,42.541666666666664,28.041666666666668
2022-09-09,17.758333333333333,13.408333333333333,151.875,14.4125,8.583333333333334,62.916666666666664,,0.0,,49.416666666666664,27.291666666666668
2022-09-10,36.84166666666667,30.304166666666664,240.125,31.925,19.05,38.208333333333336,,0.0,,68.95833333333333,44.833333333333336
2022-09-11,35.18333333333333,27.483333333333334,219.04166666666666,28.608333333333334,17.145833333333332,43.5,,1.625,,92.91666666666667,65.79166666666667
2022-09-12,17.474999999999998,14.4125,172.25,15.820833333333333,8.854166666666666,50.291666666666664,,0.4166666666666667,,65.08333333333333,40.541666666666664
2022-09-13,15.737499999999999,12.604166666666666,194.25,19.670833333333334,10.225,36.166666666666664,,0.0,,55.166666666666664,28.875
2022-09-14,26.308333333333334,20.4375,221.0,27.079166666666666,16.654166666666665,39.208333333333336,,0.0,,55.458333333333336,29.333333333333332
2022-09-15,26.72083333333333,21.974999999999998,190.375,25.983333333333334,15.245833333333332,55.166666666666664,,0.4166666666666667,,69.5,44.875
2022-09-16,30.25,23.1125,170.58333333333334,26.0125,16.57916666666667,57.25,,3.9583333333333335,,73.0,51.291666666666664
2022-09-17,32.22083333333333,22.40833333333333,168.375,26.883333333333336,14.858333333333334,54.916666666666664,,6.541666666666667,,73.33333333333333,51.625
2022-09-18,22.72083333333333,14.866666666666667,156.25,16.058333333333334,8.545833333333333,51.583333333333336,,3.7083333333333335,,67.0,41.541666666666664
2022-09-19,13.579166666666666,9.200000000000001,129.625,10.108333333333333,6.429166666666667,58.625,,0.0,,44.625,25.625
2022-09-20,15.808333333333332,11.683333333333332,157.5,13.762500000000001,8.0625,47.416666666666664,,0.0,,44.25,22.833333333333332
2022-09-21,13.383333333333333,10.529166666666667,139.45833333333334,12.204166666666666,7.654166666666666,46.666666666666664,,0.0,,47.125,23.291666666666668
2022-09-22,8.845833333333333,7.2124999999999995,155.54166666666666,9.941666666666666,5.395833333333333,44.291666666666664,,0.0,,36.625,18.625
2022-09-23,14.166666666666666,10.820833333333333,192.41666666666666,16.579166666666666,9.820833333333333,33.916666666666664,,0.125,,37.0,18.666666666666668
2022-09-24,22.691666666666666,18.150000000000002,208.66666666666666,24.058333333333334,14.387500000000001,35.666666666666664,,0.625,,54.208333333333336,28.166666666666668
2022-09-25,22.791666666666668,18.287499999999998,201.875,23.05,14.629166666666668,49.25,,0.5,,64.08333333333333,37.208333333333336
2022-09-26,27.7375,21.433333333333334,213.125,31.52916666666667,17.016666666666666,48.416666666666664,,0.20833333333333334,,67.45833333333333,41.333333333333336
2022-09-27,21.3625,14.970833333333333,172.625,21.7375,11.779166666666667,67.08333333333333,,0.875,,62.958333333333336,36.833333333333336
2022-09-28,21.620833333333334,13.079166666666666,144.66666666666666,14.512500000000001,7.458333333333333,66.0,,3.625,,54.083333333333336,28.875
2022-09-29,20.591666666666665,13.804166666666667,156.79166666666666,20.787499999999998,10.525,60.5,,1.5833333333333333,,51.5,28.291666666666668
2022-09-30,28.045833333333334,18.208333333333332,199.0,32.574999999999996,16.466666666666665,44.25,,3.0,,56.916666666666664,30.791666666666668
2022-10-01,36.17916666666667,24.583333333333332,233.125,38.99166666666667,21.545833333333334,37.916666666666664,,5.583333333333333,,71.79166666666667,49.25
2022-10-02,23.770833333333332,16.233333333333334,167.5,19.183333333333334,9.833333333333334,49.166666666666664,,7.375,,71.75,49.375
2022-10-03,15.275,11.35,178.08333333333334,15.233333333333334,11.633333333333333,48.0,,0.0,,48.958333333333336,25.5
2022-10-04,15.0,11.020833333333334,159.125,13.125,9.333333333333334,41.875,,0.0,,48.25,23.25
2022-10-05,12.554166666666667,9.195833333333333,152.54166666666666,12.508333333333333,7.704166666666667,51.791666666666664,,0.0,,42.583333333333336,22.625
2022-10-06,10.979166666666666,7.675,151.375,8.487499999999999,5.6625000000000005,70.29166666666667,,0.0,,35.416666666666664,28.041666666666668
2022-10-07,11.791666666666666,8.575000000000001,136.08333333333334,7.320833333333333,5.575,71.95833333333333,,0.0,,34.0,28.791666666666668
2022-10-08,20.154166666666665,13.645833333333334,162.375,8.916666666666666,7.016666666666667,66.58333333333333,,0.0,,43.291666666666664,27.375
2022-10-09,29.4375,21.245833333333334,214.08333333333334,16.879166666666666,11.779166666666667,48.833333333333336,,0.75,,61.833333333333336,35.0
2022-10-10,25.65833333333333,19.3125,203.04166666666666,18.883333333333333,11.0,44.875,,1.0833333333333333,,71.29166666666667,48.0
2022-10-11,15.541666666666666,10.174999999999999,150.5,9.795833333333333,6.820833333333333,58.333333333333336,,0.7916666666666666,,55.291666666666664,29.416666666666668
2022-10-12,10.004166666666666,6.754166666666666,125.875,10.133333333333333,6.370833333333334,56.25,,0.3333333333333333,,32.375,22.5
2022-10-13,11.9,8.220833333333333,125.58333333333333,10.666666666666666,6.741666666666667,57.708333333333336,,0.0,,30.333333333333332,23.041666666666668
2022-10-14,13.166666666666666,9.154166666666667,134.16666666666666,8.4625,5.766666666666667,63.625,,0.0,,35.625,25.416666666666668
2022-10-15,19.241666666666667,13.645833333333334,162.375,7.320833333333333,4.583333333333333,64.83333333333333,,0.041666666666666664,,47.25,26.625
2022-10-16,16.604166666666668,11.941666666666668,152.79166666666666,6.2875000000000005,4.3999999999999995,66.16666666666667,,0.2916666666666667,,52.666666666666664,26.958333333333332
2022-10-17,14.275,9.950000000000001,144.75,7.004166666666666,4.770833333333333,58.541666666666664,,1.0,,45.166666666666664,23.5
2022-10-18,13.820833333333333,10.108333333333333,140.125,8.604166666666666,5.608333333333333,58.875,,0.9583333333333334,,39.041666666666664,23.625
2022-10-19,18.758333333333333,14.325000000000001,157.54166666666666,17.087500000000002,9.229166666666666,53.25,,1.5,,48.666666666666664,24.75
2022-10-20,19.579166666666666,14.200000000000001,208.625,18.9875,12.983333333333334,41.833333333333336,,0.875,,58.916666666666664,32.333333333333336
2022-10-21,12.950000000000001,9.495833333333334,152.04166666666666,13.733333333333334,8.195833333333333,52.916666666666664,,0.041666666666666664,,41.375,23.583333333333332
2022-10-22,27.59583333333333,21.791666666666668,219.95833333333334,31.754166666666666,18.745833333333334,33.583333333333336,,0.0,,55.041666666666664,29.458333333333332
2022-10-23,28.441666666666666,21.695833333333336,214.08333333333334,31.316666666666666,20.408333333333335,38.708333333333336,,1.75,,71.125,47.75
2022-10-24,44.54583333333333,35.125,350.3333333333333,48.225,30.295833333333334,18.791666666666668,,3.4166666666666665,,89.58333333333333,63.25
2022-10-25,38.074999999999996,29.395833333333332,326.5,47.583333333333336,28.029166666666665,20.5,,1.375,,90.125,64.70833333333333
2022-10-26,41.44583333333333,31.28333333333333,319.9583333333333,34.770833333333336,26.808333333333334,26.291666666666668,,3.7083333333333335,,97.08333333333333,67.20833333333333
2022-10-27,22.829166666666666,15.795833333333333,227.58333333333334,17.5,9.0625,44.916666666666664,,1.3333333333333333,,68.04166666666667,43.083333333333336
2022-10-28,15.120833333333332,11.5,179.375,12.174999999999999,6.945833333333333,52.75,,1.0,,53.791666666666664,27.916666666666668
2022-10-29,13.383333333333333,10.950000000000001,166.91666666666666,13.816666666666668,6.841666666666666,51.0,,1.0,,47.791666666666664,23.916666666666668
2022-10-30,15.445833333333333,13.329166666666666,174.45833333333334,18.195833333333333,9.516666666666667,47.375,,0.5416666666666666,,46.458333333333336,23.75
2022-10-31,22.40833333333333,18.741666666666667,243.91666666666666,30.016666666666666,16.804166666666667,31.333333333333332,,1.125,,60.083333333333336,33.458333333333336
2022-11-01,24.6375,19.05,237.58333333333334,23.679166666666664,13.883333333333333,40.333333333333336,,1.7916666666666667,,63.125,36.458333333333336
2022-11-02,28.616666666666664,22.087500000000002,290.2916666666667,36.03333333333333,22.925,24.583333333333332,,1.4166666666666667,,69.91666666666667,45.583333333333336
2022-11-03,34.125,24.104166666666668,278.4583333333333,23.025000000000002,17.954166666666666,32.666666666666664,,6.375,,73.58333333333333,52.291666666666664
2022-11-04,46.2875,31.833333333333332,303.875,29.900000000000002,23.004166666666666,31.125,,6.5,,76.33333333333333,55.333333333333336
2022-11-05,49.604166666666664,33.68333333333333,308.7083333333333,44.04583333333333,30.083333333333332,23.666666666666668,,8.333333333333334,,104.16666666666667,69.66666666666667
2022-11-06,33.99166666666667,22.075,233.29166666666666,34.65,21.537499999999998,27.125,,6.458333333333333,,81.91666666666667,60.75
2022-11-07,23.78333333333333,13.016666666666666,167.875,11.3125,8.5375,54.166666666666664,,2.1666666666666665,,62.791666666666664,36.75
2022-11-08,20.0,14.049999999999999,207.04166666666666,21.90833333333333,13.854166666666666,44.791666666666664,,0.5416666666666666,,51.833333333333336,25.666666666666668
2022-11-09,20.783333333333335,15.979166666666666,212.45833333333334,24.108333333333334,14.129166666666668,39.291666666666664,,0.875,,57.958333333333336,31.458333333333332
2022-11-10,20.908333333333335,17.441666666666666,210.91666666666666,24.108333333333334,13.745833333333332,41.791666666666664,,1.0,,58.291666666666664,31.916666666666668
2022-11-11,22.754166666666666,17.900000000000002,217.125,22.804166666666664,13.070833333333333,42.625,,1.3333333333333333,,63.375,36.625
2022-11-12,18.429166666666667,12.5625,158.125,10.091666666666667,7.704166666666667,59.625,,2.0416666666666665,,56.041666666666664,29.875
2022-11-13,16.941666666666666,11.829166666666666,154.29166666666666,11.729166666666666,7.958333333333333,60.833333333333336,,2.0,,49.041666666666664,25.333333333333332
2022-11-14,17.345833333333335,12.754166666666668,172.58333333333334,15.129166666666668,10.170833333333333,49.416666666666664,,1.0,,51.375,25.416666666666668
2022-11-15,21.266666666666666,17.599999999999998,212.875,19.933333333333334,13.608333333333334,38.291666666666664,,0.08333333333333333,,54.25,28.083333333333332
2022-11-16,29.691666666666666,24.333333333333332,235.83333333333334,25.558333333333334,20.916666666666668,35.541666666666664,,0.75,,72.83333333333333,51.166666666666664
2022-11-17,23.8875,16.304166666666667,172.83333333333334,12.041666666666666,9.0875,61.583333333333336,,1.4166666666666667,,67.75,42.875
2022-11-18,22.995833333333334,14.933333333333332,142.04166666666666,12.4625,7.895833333333333,58.041666666666664,,3.8333333333333335,,56.208333333333336,29.833333333333332
2022-11-19,20.045833333333334,12.6875,143.75,11.654166666666667,7.3999999999999995,56.416666666666664,,2.1666666666666665,,53.708333333333336,27.416666666666668
2022-11-20,29.108333333333334,15.387500000000001,136.79166666666666,13.233333333333334,7.970833333333334,52.625,,12.375,,52.958333333333336,26.708333333333332
2022-11-21,33.81666666666667,16.195833333333333,132.16666666666666,12.295833333333334,7.575,52.541666666666664,,14.625,,61.125,36.458333333333336
2022-11-22,18.341666666666665,14.591666666666667,205.70833333333334,21.333333333333332,14.262500000000001,40.208333333333336,,0.16666666666666666,,52.958333333333336,27.333333333333332
2022-11-23,18.329166666666666,14.65,199.08333333333334,25.724999999999998,12.012500000000001,45.625,,0.0,,59.916666666666664,33.125
2022-11-24,16.775000000000002,14.975,222.33333333333334,30.445833333333336,19.958333333333332,37.833333333333336,,0.5416666666666666,,53.041666666666664,26.791666666666668
2022-11-25,14.3125,10.308333333333334,220.33333333333334,11.075000000000001,10.629166666666666,35.458333333333336,,0.0,,52.333333333333336,26.458333333333332
2022-11-26,15.987499999999999,12.4,247.83333333333334,13.083333333333334,8.033333333333333,30.333333333333332,,0.0,,45.916666666666664,21.958333333333332
2022-11-27,15.1625,11.979166666666666,246.91666666666666,13.383333333333333,9.762500000000001,36.416666666666664,,0.0,,52.541666666666664,26.458333333333332
2022-11-28,18.079166666666666,14.483333333333334,232.5,14.758333333333333,13.4,42.833333333333336,,0.0,,50.208333333333336,24.833333333333332
2022-11-29,27.870833333333334,23.349999999999998,261.125,21.220833333333335,18.375,34.041666666666664,,0.0,,64.16666666666667,38.458333333333336
2022-11-30,20.6875,13.6625,197.41666666666666,11.35,9.616666666666667,47.625,,1.4166666666666667,,65.08333333333333,40.208333333333336
2022-12-01,19.708333333333332,14.5,201.70833333333334,15.445833333333333,9.945833333333333,41.125,,2.1666666666666665,,52.541666666666664,26.333333333333332
2022-12-02,19.608333333333334,16.716666666666665,242.58333333333334,21.587500000000002,13.191666666666668,29.791666666666668,,0.7083333333333334,,59.875,33.333333333333336
2022-12-03,16.229166666666668,13.033333333333333,166.20833333333334,10.9375,8.0375,42.166666666666664,,1.0416666666666667,,56.208333333333336,29.875
2022-12-04,13.745833333333332,11.658333333333333,173.58333333333334,11.654166666666667,8.529166666666667,45.458333333333336,,1.0,,51.333333333333336,25.333333333333332
2022-12-05,15.799999999999999,13.266666666666666,216.625,18.620833333333334,14.862499999999999,36.583333333333336,,1.0,,50.125,24.75
2022-12-06,18.820833333333333,14.525,224.91666666666666,20.216666666666665,14.549999999999999,38.5,,1.0833333333333333,,51.791666666666664,25.75
2022-12-07,33.887499999999996,27.46666666666667,293.25,34.141666666666666,25.224999999999998,19.166666666666668,,1.0,,67.70833333333333,43.583333333333336
2022-12-08,35.30416666666667,25.079166666666666,289.2083333333333,40.125,24.354166666666668,23.416666666666668,,2.3333333333333335,,84.25,62.458333333333336
2022-12-09,31.833333333333332,22.245833333333334,216.95833333333334,28.3625,17.329166666666666,30.708333333333332,,6.916666666666667,,73.625,52.458333333333336
2022-12-10,30.625,18.104166666666668,182.125,18.5125,10.304166666666667,42.875,,8.458333333333334,,67.29166666666667,41.416666666666664
2022-12-11,26.52916666666667,15.079166666666666,165.08333333333334,15.4625,8.1875,49.041666666666664,,9.291666666666666,,61.666666666666664,34.875
2022-12-12,22.983333333333334,16.175,203.45833333333334,20.333333333333332,13.762500000000001,41.416666666666664,,0.875,,52.666666666666664,26.5
2022-12-13,15.375,12.591666666666667,205.75,14.891666666666666,9.5375,43.458333333333336,,0.0,,59.75,33.166666666666664
2022-12-14,15.591666666666667,13.025,215.08333333333334,16.504166666666666,11.65,43.291666666666664,,0.0,,45.0,21.666666666666668
2022-12-15,30.912499999999998,25.8625,263.9166666666667,32.262499999999996,19.145833333333332,26.166666666666668,,0.08333333333333333,,70.0,47.083333333333336
2022-12-16,33.68333333333333,27.370833333333334,249.75,34.57083333333333,19.916666666666668,23.666666666666668,,1.5,,82.20833333333333,61.458333333333336
2022-12-17,25.337500000000002,18.1125,195.33333333333334,23.604166666666668,13.945833333333333,35.5,,3.2083333333333335,,70.33333333333333,46.458333333333336
2022-12-18,23.916666666666668,17.275000000000002,231.5,21.84166666666667,14.2875,26.708333333333332,,3.1666666666666665,,66.375,40.041666666666664
2022-12-19,11.283333333333333,7.541666666666667,193.66666666666666,6.754166666666666,5.470833333333334,49.958333333333336,,0.0,,41.833333333333336,23.708333333333332
2022-12-20,12.525,9.941666666666666,183.0,9.0625,7.704166666666667,57.041666666666664,,0.0,,34.958333333333336,22.75
2022-12-21,25.545833333333334,19.804166666666667,232.29166666666666,20.5125,15.091666666666667,46.25,,0.0,,53.208333333333336,28.458333333333332
2022-12-22,37.63333333333333,30.754166666666666,361.375,37.65833333333333,28.208333333333332,23.583333333333332,,1.0,,76.45833333333333,55.333333333333336
2022-12-23,47.96666666666667,38.766666666666666,363.0,38.61666666666667,32.96666666666667,16.25,,0.9583333333333334,,103.875,69.625
2022-12-24,33.77916666666667,28.8,263.3333333333333,29.758333333333336,25.291666666666668,23.583333333333332,,0.25,,96.0,66.83333333333333
2022-12-25,26.879166666666666,21.504166666666666,245.0,20.183333333333334,17.891666666666666,26.333333333333332,,0.0,,78.375,58.333333333333336
2022-12-26,31.479166666666668,23.083333333333332,316.4583333333333,27.974999999999998,25.179166666666664,11.625,,0.0,,69.04166666666667,43.916666666666664
2022-12-27,24.46666666666667,18.629166666666666,238.70833333333334,28.820833333333336,20.754166666666666,33.208333333333336,,0.0,,72.29166666666667,49.791666666666664
2022-12-28,24.770833333333332,18.141666666666666,236.95833333333334,22.212500000000002,16.529166666666665,32.041666666666664,,0.0,,66.25,39.583333333333336
2022-12-29,39.50833333333333,31.133333333333336,309.9166666666667,30.15416666666667,31.308333333333334,28.208333333333332,,0.0,,62.25,36.916666666666664
2022-12-30,48.6,38.766666666666666,348.0833333333333,34.24166666666667,31.05,14.166666666666666,,0.6666666666666666,,112.08333333333333,72.16666666666667
2022-12-31,48.45416666666667,38.40833333333333,325.375,41.5375,34.725,16.541666666666668,,1.0,,103.70833333333333,69.5
2023-01-01,68.99583333333334,57.975,557.8333333333334,48.979166666666664,50.800000000000004,9.166666666666666,,1.0,,134.95833333333334,79.625
2023-01-02,62.849999999999994,53.0875,518.5,49.8125,54.362500000000004,8.666666666666666,,0.7916666666666666,,143.04166666666666,82.5
2023-01-03,62.65833333333333,50.78333333333333,479.8333333333333,45.01666666666667,51.287499999999994,13.541666666666666,,0.20833333333333334,,149.83333333333334,85.16666666666667
2023-01-04,49.275,39.604166666666664,364.4166666666667,31.90833333333333,42.074999999999996,16.75,,1.375,,121.5,75.41666666666667
2023-01-05,41.6875,31.787499999999998,397.875,33.30416666666667,34.24166666666667,16.291666666666668,,1.0,,96.5,66.875
2023-01-06,42.145833333333336,33.475,351.875,27.816666666666666,40.37083333333333,21.25,,0.625,,90.66666666666667,64.83333333333333
2023-01-07,66.0625,51.65,563.5,44.833333333333336,56.729166666666664,6.375,,0.0,,123.95833333333333,76.08333333333333
2023-01-08,61.475,43.875,462.75,36.00833333333333,36.05416666666667,13.916666666666666,,0.0,,131.25,78.41666666666667
2023-01-09,45.56666666666666,31.545833333333334,344.2083333333333,39.78333333333333,31.71666666666667,24.875,,0.0,,107.125,70.625
2023-01-10,32.82083333333333,21.099999999999998,255.91666666666666,31.3125,22.729166666666668,38.625,,0.0,,80.25,59.333333333333336
2023-01-11,30.370833333333334,22.945833333333336,330.3333333333333,34.583333333333336,23.566666666666666,30.791666666666668,,0.0,,64.20833333333333,37.958333333333336
2023-01-12,42.59583333333333,33.487500000000004,400.9166666666667,35.30416666666667,39.4625,19.583333333333332,,0.0,,93.79166666666667,65.45833333333333
2023-01-13,21.55,16.404166666666665,243.29166666666666,18.349999999999998,16.495833333333334,35.666666666666664,,0.0,,72.16666666666667,47.208333333333336
2023-01-14,24.058333333333334,15.229166666666666,216.33333333333334,15.579166666666666,13.120833333333332,47.25,,0.0,,59.083333333333336,32.666666666666664
2023-01-15,22.116666666666664,15.995833333333332,209.08333333333334,15.270833333333334,12.275,45.375,,0.0,,57.625,31.208333333333332
2023-01-16,49.4375,33.49583333333333,307.8333333333333,35.208333333333336,34.579166666666666,24.5,,0.16666666666666666,,74.79166666666667,50.666666666666664
2023-01-17,27.150000000000002,17.433333333333334,218.83333333333334,15.579166666666666,12.633333333333333,58.333333333333336,,0.08333333333333333,,86.08333333333333,60.916666666666664
2023-01-18,25.599999999999998,13.645833333333334,178.625,11.125,9.191666666666666,68.08333333333333,,2.0,,52.458333333333336,28.541666666666668
2023-01-19,27.258333333333336,15.8375,186.375,20.145833333333332,15.133333333333333,55.958333333333336,,2.75,,54.708333333333336,28.458333333333332
2023-01-20,30.558333333333334,23.316666666666666,294.1666666666667,37.65,34.90416666666667,32.833333333333336,,0.5833333333333334,,70.66666666666667,48.583333333333336
2023-01-21,30.175,20.108333333333334,260.6666666666667,31.133333333333336,25.02916666666667,41.208333333333336,,0.7083333333333334,,62.041666666666664,36.5
2023-01-22,49.29583333333333,37.59583333333333,411.25,48.9,46.3375,17.208333333333332,,2.0416666666666665,,89.16666666666667,62.916666666666664
2023-01-23,35.90833333333333,23.429166666666664,247.91666666666666,19.658333333333335,19.125,43.958333333333336,,1.0833333333333333,,98.83333333333333,67.79166666666667
2023-01-24,21.179166666666667,13.2125,241.91666666666666,12.700000000000001,12.508333333333333,51.416666666666664,,0.9583333333333334,,56.583333333333336,30.666666666666668
2023-01-25,20.55,14.4375,241.25,12.966666666666667,14.329166666666666,43.583333333333336,,1.2083333333333333,,53.791666666666664,27.708333333333332
2023-01-26,36.15833333333333,27.333333333333332,284.2083333333333,24.1125,20.958333333333332,38.0,,1.625,,63.333333333333336,38.291666666666664
2023-01-27,47.49166666666667,33.204166666666666,367.1666666666667,42.112500000000004,32.895833333333336,26.458333333333332,,5.5,,93.16666666666667,65.875
2023-01-28,22.858333333333334,16.058333333333334,251.04166666666666,18.337500000000002,17.183333333333334,32.875,,1.25,,80.58333333333333,56.583333333333336
2023-01-29,23.662499999999998,15.408333333333333,271.5416666666667,13.816666666666668,17.058333333333334,44.583333333333336,,0.9166666666666666,,56.375,29.958333333333332
2023-01-30,28.045833333333334,17.816666666666666,282.875,19.654166666666665,19.520833333333332,50.083333333333336,,0.08333333333333333,,56.333333333333336,29.916666666666668
2023-01-31,41.237500000000004,30.650000000000002,462.9166666666667,32.7125,40.61666666666667,24.583333333333332,,0.08333333333333333,,82.04166666666667,58.583333333333336
2023-02-01,25.254166666666666,18.570833333333333,309.5833333333333,21.895833333333332,23.854166666666668,33.916666666666664,,0.0,,72.125,48.208333333333336
2023-02-02,21.6125,14.470833333333333,241.0,20.158333333333335,19.058333333333334,45.166666666666664,,0.0,,62.041666666666664,35.25
2023-02-03,29.370833333333334,23.104166666666668,377.75,30.829166666666666,37.233333333333334,32.958333333333336,,0.0,,61.041666666666664,34.708333333333336
2023-02-04,25.72083333333333,17.29583333333333,268.0416666666667,22.1125,20.204166666666666,41.208333333333336,,0.0,,73.45833333333333,51.875
2023-02-05,15.25,8.429166666666667,231.04166666666666,12.516666666666666,8.875,44.0,,0.0,,50.791666666666664,26.083333333333332
2023-02-06,16.583333333333332,9.508333333333333,214.95833333333334,6.3875,7.004166666666666,51.875,,0.0,,30.5,20.75
2023-02-07,17.816666666666666,10.075000000000001,227.70833333333334,7.3374999999999995,8.049999999999999,49.833333333333336,,0.0,,41.958333333333336,21.041666666666668
2023-02-08,19.150000000000002,11.741666666666667,235.33333333333334,10.4,10.870833333333332,57.041666666666664,,0.0,,45.625,23.5
2023-02-09,23.7625,14.8125,224.375,12.604166666666666,11.645833333333334,75.875,,0.0,,52.833333333333336,30.5
2023-02-10,18.766666666666666,13.549999999999999,242.66666666666666,14.229166666666666,14.450000000000001,73.83333333333333,,0.0,,53.375,30.166666666666668
2023-02-11,23.733333333333334,14.041666666666666,263.8333333333333,20.683333333333334,17.8,59.125,,0.0,,52.666666666666664,28.208333333333332
2023-02-12,47.4375,35.475,409.9583333333333,42.19166666666667,38.92916666666667,34.416666666666664,,0.0,,78.41666666666667,52.333333333333336
2023-02-13,25.2625,17.474999999999998,288.7916666666667,23.425,19.883333333333333,51.375,,0.0,,80.54166666666667,54.125
2023-02-14,58.92916666666667,41.18333333333333,465.25,44.59166666666667,47.262499999999996,26.583333333333332,,0.0,,86.45833333333333,58.208333333333336
2023-02-15,32.983333333333334,23.224999999999998,334.875,22.316666666666666,23.683333333333334,41.625,,0.0,,97.16666666666667,66.875
2023-02-16,46.89166666666667,33.550000000000004,403.5833333333333,38.5375,40.85,29.083333333333332,,0.0,,82.04166666666667,58.625
2023-02-17,32.545833333333334,23.991666666666664,271.9166666666667,25.837500000000002,22.425,54.125,,0.0,,86.875,63.333333333333336
2023-02-18,35.40416666666667,25.858333333333334,228.45833333333334,19.625,17.125,60.583333333333336,,0.0,,77.66666666666667,58.666666666666664
2023-02-19,30.395833333333332,21.120833333333334,215.58333333333334,18.412499999999998,15.424999999999999,67.83333333333333,,0.0,,73.95833333333333,52.791666666666664
2023-02-20,31.516666666666666,20.604166666666668,295.5833333333333,26.15416666666667,23.5125,46.25,,0.0,,67.83333333333333,42.125
2023-02-21,32.525,24.108333333333334,290.625,29.133333333333336,26.69583333333333,37.791666666666664,,0.0,,73.66666666666667,52.208333333333336
2023-02-22,38.920833333333334,29.258333333333336,356.9583333333333,34.5625,35.670833333333334,37.0,,0.0,,76.83333333333333,57.291666666666664
2023-02-23,43.020833333333336,30.683333333333334,397.5,31.820833333333336,30.8625,33.541666666666664,,0.0,,97.95833333333333,67.58333333333333
2023-02-24,49.675000000000004,33.9,339.0,35.104166666666664,37.225,36.708333333333336,,0.0,,75.5,52.125
2023-02-25,39.74166666666667,31.108333333333334,260.0416666666667,22.75,16.4875,55.833333333333336,,1.0416666666666667,,114.125,73.04166666666667
2023-02-26,29.254166666666666,17.8125,209.75,19.425,13.983333333333334,62.166666666666664,,4.541666666666667,,70.58333333333333,45.875
2023-02-27,59.0875,30.129166666666666,264.25,41.24166666666667,36.199999999999996,37.666666666666664,,12.75,,66.875,41.625
2023-02-28,52.958333333333336,33.34583333333333,314.4166666666667,35.50416666666667,27.666666666666668,24.5,,10.916666666666666,,106.66666666666667,70.375
2023-03-01,21.65416666666667,14.745833333333332,211.0,12.066666666666668,9.445833333333333,45.416666666666664,,3.125,,69.54166666666667,44.791666666666664
2023-03-02,20.279166666666665,13.308333333333332,208.20833333333334,11.920833333333334,9.345833333333333,57.333333333333336,,2.0,,55.083333333333336,28.75
2023-03-03,29.104166666666668,19.516666666666666,249.125,20.795833333333334,17.704166666666666,48.416666666666664,,2.2083333333333335,,57.541666666666664,31.083333333333332
2023-03-04,58.93333333333334,41.25,391.8333333333333,50.4,48.69583333333333,19.333333333333332,,4.416666666666667,,89.83333333333333,61.875
2023-03-05,51.75416666666666,32.574999999999996,363.25,48.6875,31.704166666666666,17.541666666666668,,2.25,,107.41666666666667,70.66666666666667
2023-03-06,44.39166666666667,30.295833333333334,332.875,33.583333333333336,31.96666666666667,29.666666666666668,,1.6666666666666667,,88.29166666666667,64.125
2023-03-07,32.40833333333333,21.5,256.1666666666667,28.125,20.029166666666665,53.75,,1.0416666666666667,,82.70833333333333,60.291666666666664
2023-03-08,28.633333333333336,19.1875,257.25,28.2375,19.366666666666667,58.875,,1.9166666666666667,,65.375,38.75
2023-03-09,27.65833333333333,16.954166666666666,234.375,24.291666666666668,16.945833333333333,61.541666666666664,,2.375,,64.70833333333333,37.875
2023-03-10,25.054166666666664,17.133333333333333,212.41666666666666,17.791666666666668,12.983333333333334,66.79166666666667,,1.0,,59.833333333333336,33.125
2023-03-11,17.958333333333332,12.75,191.66666666666666,11.495833333333332,7.195833333333333,70.54166666666667,,0.5416666666666666,,57.166666666666664,30.916666666666668
2023-03-12,19.195833333333333,12.495833333333332,208.29166666666666,13.379166666666668,9.820833333333333,58.083333333333336,,0.0,,51.291666666666664,25.291666666666668
2023-03-13,15.666666666666666,8.929166666666667,200.5,9.091666666666667,7.983333333333333,71.29166666666667,,0.0,,43.166666666666664,28.583333333333332
2023-03-14,20.891666666666666,11.983333333333334,211.625,13.479166666666666,11.404166666666667,74.95833333333333,,0.0,,40.208333333333336,30.375
2023-03-15,55.71666666666667,30.304166666666664,350.2916666666667,44.62083333333334,33.920833333333334,35.208333333333336,,0.0,,67.83333333333333,44.0
2023-03-16,42.079166666666666,26.6125,330.0416666666667,44.199999999999996,25.724999999999998,35.875,,0.2916666666666667,,92.75,65.70833333333333
2023-03-17,15.6625,10.670833333333334,210.70833333333334,10.004166666666666,6.454166666666667,56.083333333333336,,0.0,,59.833333333333336,35.458333333333336
2023-03-18,16.045833333333334,10.991666666666667,222.45833333333334,9.883333333333335,5.908333333333334,46.416666666666664,,0.16666666666666666,,42.958333333333336,21.166666666666668
2023-03-19,26.620833333333334,16.945833333333333,248.66666666666666,12.795833333333334,9.591666666666667,40.708333333333336,,2.5833333333333335,,53.791666666666664,27.75
2023-03-20,41.0125,27.883333333333336,330.9166666666667,32.72083333333333,28.808333333333334,39.708333333333336,,2.5,,68.95833333333333,44.708333333333336
2023-03-21,56.300000000000004,30.8875,351.0416666666667,35.083333333333336,29.3125,40.041666666666664,,2.0,,91.95833333333333,65.33333333333333
2023-03-22,28.704166666666666,19.066666666666666,238.83333333333334,19.8,13.6875,56.208333333333336,,1.5,,76.95833333333333,53.875
2023-03-23,23.429166666666664,16.533333333333335,279.0,22.808333333333334,15.075000000000001,45.25,,1.9166666666666667,,62.125,35.333333333333336
2023-03-24,27.641666666666666,20.175,309.25,28.970833333333335,18.900000000000002,45.416666666666664,,1.75,,62.958333333333336,36.166666666666664
2023-03-25,53.69583333333333,38.5,372.2916666666667,47.04583333333333,33.8375,31.291666666666668,,2.0,,84.54166666666667,58.458333333333336
2023-03-26,48.1,36.87083333333333,344.625,51.824999999999996,36.1625,27.5,,1.2083333333333333,,108.79166666666667,71.25
2023-03-27,34.208333333333336,25.458333333333332,247.08333333333334,34.7875,20.083333333333332,51.333333333333336,,0.08333333333333333,,94.25,66.125
2023-03-28,20.462500000000002,13.583333333333334,223.0,18.033333333333335,13.566666666666668,60.041666666666664,,0.08333333333333333,,61.166666666666664,35.875
2023-03-29,24.833333333333332,15.774999999999999,254.83333333333334,19.925,17.758333333333333,56.5,,0.0,,53.166666666666664,27.5
2023-03-30,34.15833333333333,20.7625,311.0416666666667,34.237500000000004,27.120833333333334,52.833333333333336,,0.0,,68.79166666666667,44.75
2023-03-31,28.2375,20.045833333333334,234.16666666666666,31.766666666666666,20.7,56.125,,0.20833333333333334,,65.20833333333333,38.541666666666664
2023-04-01,26.333333333333332,15.299999999999999,191.08333333333334,17.5,10.325000000000001,69.125,,2.1666666666666665,,64.0,37.125
2023-04-02,24.5125,14.025,186.625,19.229166666666668,11.820833333333333,66.70833333333333,,1.3333333333333333,,55.25,29.666666666666668
2023-04-03,26.150000000000002,18.925,214.95833333333334,28.016666666666666,13.841666666666667,57.75,,2.2083333333333335,,57.416666666666664,30.833333333333332
2023-04-04,41.949999999999996,28.583333333333332,300.8333333333333,31.308333333333334,20.075,46.875,,4.625,,77.08333333333333,55.916666666666664
2023-04-05,20.141666666666666,14.408333333333333,224.29166666666666,19.470833333333335,10.283333333333333,44.958333333333336,,0.9583333333333334,,71.375,47.166666666666664
2023-04-06,28.28333333333333,22.379166666666666,303.125,32.59583333333333,19.695833333333333,42.208333333333336,,0.375,,62.458333333333336,36.833333333333336
2023-04-07,21.520833333333332,15.950000000000001,243.375,18.433333333333334,11.200000000000001,58.666666666666664,,0.0,,63.041666666666664,37.25
2023-04-08,19.008333333333333,13.670833333333334,227.79166666666666,15.008333333333333,8.858333333333333,62.875,,0.0,,59.75,33.25
2023-04-09,20.591666666666665,14.487499999999999,212.54166666666666,10.862499999999999,7.116666666666667,72.125,,0.625,,52.541666666666664,29.208333333333332
2023-04-10,17.258333333333333,13.245833333333332,210.04166666666666,11.491666666666667,5.983333333333333,67.58333333333333,,0.3333333333333333,,54.166666666666664,28.333333333333332
2023-04-11,20.25,15.291666666666666,250.125,16.329166666666666,11.604166666666666,54.583333333333336,,0.4166666666666667,,54.5,28.25
2023-04-12,24.59583333333333,17.820833333333333,318.5416666666667,24.037499999999998,18.129166666666666,49.416666666666664,,0.5,,58.583333333333336,32.208333333333336
2023-04-13,30.433333333333334,21.662499999999998,318.0,33.574999999999996,29.070833333333336,45.625,,0.0,,67.33333333333333,41.583333333333336
2023-04-14,24.695833333333336,18.720833333333335,235.75,26.21666666666667,15.629166666666668,66.83333333333333,,0.75,,67.29166666666667,41.416666666666664
2023-04-15,34.166666666666664,22.900000000000002,283.4166666666667,37.53333333333333,25.349999999999998,46.291666666666664,,2.2916666666666665,,66.875,40.916666666666664
2023-04-16,49.45416666666667,33.262499999999996,326.5,41.550000000000004,26.933333333333334,39.208333333333336,,3.9166666666666665,,86.91666666666667,62.875
2023-04-17,45.637499999999996,33.237500000000004,323.8333333333333,39.641666666666666,26.541666666666668,44.083333333333336,,4.166666666666667,,94.125,66.25
2023-04-18,33.275,23.079166666666666,245.20833333333334,23.608333333333334,15.933333333333332,55.666666666666664,,2.125,,84.95833333333333,62.125
2023-04-19,33.4625,24.554166666666664,294.5,30.104166666666668,24.241666666666664,47.75,,1.1666666666666667,,77.66666666666667,58.041666666666664
2023-04-20,34.24166666666667,26.304166666666664,338.2916666666667,33.829166666666666,32.4,32.833333333333336,,1.1666666666666667,,76.0,56.541666666666664
2023-04-21,34.81666666666667,26.329166666666666,374.75,34.57083333333333,30.270833333333332,37.708333333333336,,1.0416666666666667,,81.625,61.5
2023-04-22,38.96666666666667,24.625,285.5833333333333,27.420833333333334,16.1875,56.833333333333336,,8.666666666666666,,79.25,60.666666666666664
2023-04-23,26.195833333333336,14.741666666666667,199.875,13.020833333333334,7.441666666666666,65.95833333333333,,7.083333333333333,,65.58333333333333,40.791666666666664
2023-04-24,39.19583333333333,25.245833333333334,297.125,36.43333333333333,27.504166666666666,48.166666666666664,,5.25,,62.916666666666664,36.958333333333336
2023-04-25,34.358333333333334,25.258333333333336,265.2916666666667,37.49583333333333,20.679166666666667,50.75,,3.4166666666666665,,84.79166666666667,62.625
2023-04-26,26.233333333333334,18.5625,237.04166666666666,26.474999999999998,14.424999999999999,67.625,,0.5416666666666666,,67.16666666666667,41.875
2023-04-27,19.295833333333334,13.5,244.79166666666666,20.5,11.091666666666667,56.208333333333336,,0.0,,60.208333333333336,33.583333333333336
2023-04-28,22.829166666666666,14.154166666666667,220.41666666666666,16.904166666666665,12.729166666666666,64.20833333333333,,0.0,,52.916666666666664,28.666666666666668
2023-04-29,26.662499999999998,18.279166666666665,253.875,24.679166666666664,16.825,54.25,,0.0,,58.541666666666664,32.041666666666664
2023-04-30,33.7125,24.8625,288.625,38.6875,28.787499999999998,51.791666666666664,,0.0,,71.0,47.833333333333336
2023-05-01,38.40833333333333,29.204166666666666,297.7083333333333,39.791666666666664,24.758333333333336,52.875,,0.0,,82.08333333333333,61.25
2023-05-02,23.316666666666666,17.204166666666666,196.875,12.845833333333333,10.4125,78.25,,0.0,,75.45833333333333,52.666666666666664
2023-05-03,28.495833333333334,21.070833333333333,215.375,18.929166666666667,16.183333333333334,73.70833333333333,,0.0,,61.75,35.375
2023-05-04,26.045833333333334,17.758333333333333,220.875,21.866666666666664,11.754166666666668,65.75,,2.4583333333333335,,67.0,41.166666666666664
2023-05-05,20.650000000000002,14.354166666666666,170.66666666666666,12.370833333333332,6.45,69.16666666666667,,1.2083333333333333,,60.0,33.333333333333336
2023-05-06,18.616666666666667,13.316666666666668,172.54166666666666,9.758333333333333,5.904166666666666,79.20833333333333,,0.4166666666666667,,51.416666666666664,31.833333333333332
2023-05-07,26.2,18.279166666666665,189.33333333333334,13.441666666666668,8.820833333333333,68.33333333333333,,0.5416666666666666,,60.375,33.708333333333336
2023-05-08,26.433333333333334,19.329166666666666,185.91666666666666,17.587500000000002,10.458333333333334,63.208333333333336,,0.5833333333333334,,65.20833333333333,38.375
2023-05-09,16.916666666666668,12.125,159.41666666666666,8.945833333333333,5.879166666666666,69.08333333333333,,0.3333333333333333,,57.583333333333336,31.666666666666668
2023-05-10,14.129166666666668,8.950000000000001,161.625,8.5,5.6625000000000005,66.29166666666667,,0.0,,42.583333333333336,26.583333333333332
2023-05-11,14.166666666666666,8.845833333333333,148.125,7.204166666666667,4.5625,73.33333333333333,,0.125,,36.458333333333336,29.416666666666668
2023-05-12,18.004166666666666,11.129166666666668,149.16666666666666,9.05,4.770833333333333,76.125,,0.16666666666666666,,40.666666666666664,30.5
2023-05-13,22.0125,16.150000000000002,175.20833333333334,15.9375,8.65,74.375,,0.0,,52.541666666666664,31.208333333333332
2023-05-14,25.433333333333334,19.804166666666667,190.83333333333334,20.5125,10.0,65.70833333333333,,0.3333333333333333,,64.875,38.125
2023-05-15,38.762499999999996,26.666666666666668,238.41666666666666,26.266666666666666,18.7,64.54166666666667,,2.5833333333333335,,71.0,47.25
2023-05-16,48.041666666666664,26.933333333333334,208.66666666666666,19.008333333333333,13.679166666666667,66.91666666666667,,12.208333333333334,,83.0,61.916666666666664
2023-05-17,29.579166666666666,19.75,223.5,20.1875,11.629166666666668,64.45833333333333,,5.958333333333333,,75.16666666666667,54.541666666666664
2023-05-18,22.254166666666666,15.458333333333334,202.41666666666666,16.366666666666667,8.075000000000001,59.416666666666664,,1.3333333333333333,,62.291666666666664,35.541666666666664
2023-05-19,24.829166666666666,16.958333333333332,246.41666666666666,17.620833333333334,11.1,57.125,,0.8333333333333334,,58.458333333333336,32.375
2023-05-20,25.420833333333334,18.145833333333332,201.66666666666666,14.362499999999999,7.55,63.791666666666664,,0.5833333333333334,,61.708333333333336,35.0
2023-05-21,25.570833333333336,18.354166666666668,218.20833333333334,17.508333333333333,8.887500000000001,59.75,,1.9583333333333333,,63.958333333333336,37.125
2023-05-22,20.791666666666668,14.166666666666666,178.125,12.833333333333334,6.929166666666667,65.70833333333333,,2.0416666666666665,,59.166666666666664,32.833333333333336
2023-05-23,19.991666666666667,12.929166666666667,196.625,16.9375,8.816666666666666,58.125,,1.5416666666666667,,52.375,27.125
2023-05-24,23.666666666666668,15.279166666666667,203.625,21.525000000000002,11.35,57.25,,2.875,,54.208333333333336,28.041666666666668
2023-05-25,25.4875,16.0,187.95833333333334,18.241666666666667,9.666666666666666,61.291666666666664,,2.9583333333333335,,58.333333333333336,31.791666666666668
2023-05-26,26.916666666666668,18.583333333333332,203.0,18.712500000000002,9.608333333333333,64.125,,3.0833333333333335,,60.166666666666664,33.916666666666664
2023-05-27,30.629166666666666,21.445833333333336,164.625,13.220833333333333,6.379166666666666,68.83333333333333,,3.2916666666666665,,68.79166666666667,43.791666666666664
2023-05-28,20.408333333333335,13.141666666666666,146.83333333333334,8.758333333333333,4.258333333333334,73.20833333333333,,2.25,,60.666666666666664,34.791666666666664
2023-05-29,21.229166666666668,12.316666666666668,163.45833333333334,11.5,5.979166666666667,69.41666666666667,,2.875,,51.375,28.208333333333332
2023-05-30,28.5625,20.125,210.79166666666666,17.75,9.174999999999999,61.25,,3.1666666666666665,,57.5,30.958333333333332
2023-05-31,28.3,18.941666666666666,222.70833333333334,22.758333333333336,11.320833333333333,61.0,,1.4166666666666667,,67.54166666666667,41.208333333333336
2023-06-01,23.59166666666667,14.4375,184.79166666666666,17.341666666666665,7.704166666666667,69.33333333333333,,0.5,,59.958333333333336,34.666666666666664
2023-06-02,21.1125,15.025,159.04166666666666,13.333333333333334,6.8125,75.66666666666667,,0.375,,55.125,32.0
2023-06-03,20.216666666666665,13.820833333333333,160.5,11.0,4.720833333333333,73.66666666666667,,1.0833333333333333,,56.791666666666664,31.416666666666668
2023-06-04,18.479166666666668,13.454166666666666,151.16666666666666,8.583333333333334,4.2749999999999995,72.45833333333333,,0.5833333333333334,,52.0,29.083333333333332
2023-06-05,17.741666666666667,12.970833333333333,143.41666666666666,10.416666666666666,5.829166666666667,69.79166666666667,,0.0,,53.5,28.833333333333332
2023-06-06,19.429166666666667,14.245833333333332,144.33333333333334,9.566666666666666,5.383333333333333,77.25,,0.0,,52.791666666666664,31.416666666666668
2023-06-07,20.712500000000002,13.075000000000001,142.20833333333334,8.6625,5.2,81.45833333333333,,0.041666666666666664,,54.375,32.791666666666664
2023-06-08,19.6125,12.9,154.875,10.691666666666668,5.141666666666667,81.58333333333333,,0.6666666666666666,,50.5,32.625
2023-06-09,21.558333333333334,13.870833333333332,164.95833333333334,14.095833333333333,6.579166666666667,76.91666666666667,,1.125,,53.166666666666664,31.25
2023-06-10,24.875,18.091666666666665,210.08333333333334,24.2625,9.85,64.70833333333333,,1.0833333333333333,,58.5,32.75
2023-06-11,26.333333333333332,18.820833333333333,233.41666666666666,28.65416666666667,11.233333333333334,55.916666666666664,,1.2083333333333333,,65.83333333333333,39.0
2023-06-12,21.241666666666667,13.5875,176.83333333333334,15.166666666666666,6.7875000000000005,59.708333333333336,,1.2916666666666667,,58.083333333333336,31.916666666666668
2023-06-13,19.466666666666665,11.25,162.91666666666666,11.654166666666667,5.729166666666667,60.916666666666664,,1.5416666666666667,,48.75,26.208333333333332
2023-06-14,19.354166666666668,13.9125,185.91666666666666,17.95,7.770833333333333,55.0,,1.0833333333333333,,51.0,26.041666666666668
2023-06-15,19.504166666666666,13.575000000000001,169.16666666666666,15.433333333333332,6.7375,62.458333333333336,,1.8333333333333333,,53.041666666666664,29.166666666666668
2023-06-16,29.233333333333334,20.683333333333334,157.08333333333334,11.816666666666668,7.279166666666666,71.29166666666667,,6.375,,62.166666666666664,35.958333333333336
2023-06-17,23.454166666666666,15.200000000000001,151.0,12.258333333333333,5.558333333333334,70.25,,3.25,,61.666666666666664,35.375
2023-06-18,30.34166666666667,20.170833333333334,172.16666666666666,12.629166666666668,5.983333333333333,68.58333333333333,,6.0,,60.708333333333336,34.041666666666664
2023-06-19,24.912499999999998,16.483333333333334,189.58333333333334,13.070833333333333,6.295833333333333,66.83333333333333,,2.5416666666666665,,65.54166666666667,38.875
2023-06-20,23.962500000000002,16.133333333333333,247.79166666666666,20.5,11.0,63.625,,1.2916666666666667,,58.458333333333336,32.416666666666664
2023-06-21,26.333333333333332,18.537499999999998,230.375,20.645833333333332,10.504166666666666,65.58333333333333,,1.3333333333333333,,60.958333333333336,35.0
2023-06-22,28.662499999999998,21.0,219.625,21.420833333333334,9.608333333333333,70.625,,0.6666666666666666,,68.41666666666667,42.958333333333336
2023-06-23,23.4375,16.233333333333334,163.58333333333334,13.637500000000001,6.883333333333333,75.08333333333333,,0.0,,64.0,37.875
2023-06-24,20.537499999999998,13.666666666666666,154.20833333333334,12.929166666666667,7.020833333333333,78.45833333333333,,0.0,,55.541666666666664,33.75
2023-06-25,17.05,11.395833333333334,144.5,12.045833333333334,5.925,79.58333333333333,,0.0,,50.541666666666664,32.041666666666664
2023-06-26,18.258333333333333,12.1625,163.25,15.291666666666666,6.6125,69.375,,0.7083333333333334,,50.0,28.75
2023-06-27,15.9625,9.924999999999999,187.29166666666666,13.700000000000001,6.808333333333334,65.0,,0.875,,45.708333333333336,28.333333333333332
2023-06-28,16.0625,10.174999999999999,180.5,18.333333333333332,8.195833333333333,67.625,,0.0,,41.583333333333336,27.208333333333332
2023-06-29,16.154166666666665,10.433333333333334,202.75,17.504166666666666,7.670833333333333,62.125,,0.0,,43.041666666666664,26.708333333333332
2023-06-30,27.233333333333334,18.958333333333332,247.625,31.316666666666666,14.933333333333332,61.916666666666664,,0.0,,54.958333333333336,31.625
2023-07-01,25.645833333333332,18.433333333333334,223.91666666666666,26.120833333333334,10.995833333333332,65.66666666666667,,0.0,,65.08333333333333,39.25
2023-07-02,29.412499999999998,21.099999999999998,217.125,29.97083333333333,12.424999999999999,69.875,,0.0,,66.16666666666667,41.5
2023-07-03,27.833333333333332,18.5125,200.33333333333334,22.537499999999998,8.720833333333333,75.625,,0.5416666666666666,,67.125,43.375
2023-07-04,20.316666666666666,13.320833333333333,166.45833333333334,12.720833333333333,5.925,77.91666666666667,,0.625,,57.875,35.291666666666664
2023-07-05,17.358333333333334,10.795833333333334,144.625,9.362499999999999,4.325,80.70833333333333,,0.4166666666666667,,46.0,32.208333333333336
2023-07-06,24.087500000000002,15.370833333333332,179.75,12.85,5.579166666666667,85.0,,0.9166666666666666,,51.25,34.375
2023-07-07,30.125,20.870833333333334,226.04166666666666,18.933333333333334,7.6000000000000005,71.125,,0.7916666666666666,,65.20833333333333,38.958333333333336
2023-07-08,17.858333333333334,11.966666666666667,221.95833333333334,14.579166666666667,5.5375000000000005,63.0,,0.20833333333333334,,61.083333333333336,34.833333333333336
2023-07-09,15.483333333333334,8.554166666666667,182.54166666666666,10.291666666666666,4.679166666666666,67.66666666666667,,0.0,,38.0,27.333333333333332
2023-07-10,22.96666666666667,12.487499999999999,218.41666666666666,22.295833333333334,9.0,62.416666666666664,,0.0,,43.958333333333336,27.166666666666668
2023-07-11,33.86666666666667,22.508333333333336,240.625,35.47083333333333,19.108333333333334,67.16666666666667,,0.08333333333333333,,60.5,38.125
2023-07-12,34.50416666666667,22.008333333333336,242.41666666666666,28.6125,14.116666666666667,80.16666666666667,,0.75,,74.125,53.25
2023-07-13,43.34166666666667,27.229166666666668,288.8333333333333,35.175000000000004,14.895833333333334,82.66666666666667,,0.875,,78.66666666666667,56.916666666666664
2023-07-14,43.975,28.27916666666667,285.1666666666667,37.858333333333334,16.8125,77.75,,3.5416666666666665,,85.54166666666667,63.0
2023-07-15,24.5,16.558333333333334,199.45833333333334,10.483333333333333,4.570833333333334,86.83333333333333,,3.1666666666666665,,74.58333333333333,52.666666666666664
2023-07-16,14.466666666666667,9.075000000000001,157.95833333333334,9.041666666666666,3.6833333333333336,84.0,,0.0,,47.25,33.791666666666664
2023-07-17,16.416666666666668,10.5875,153.33333333333334,9.262500000000001,4.3999999999999995,83.83333333333333,,0.0,,41.291666666666664,33.708333333333336
2023-07-18,16.3125,9.516666666666667,150.70833333333334,10.225,4.6875,84.625,,0.0,,42.5,33.833333333333336
2023-07-19,16.716666666666665,10.708333333333334,152.29166666666666,13.75,5.616666666666667,78.375,,0.0,,42.375,31.375
2023-07-20,24.383333333333336,15.3375,192.79166666666666,20.5625,10.4,77.66666666666667,,0.6666666666666666,,50.0,32.791666666666664
2023-07-21,26.3,18.05,195.70833333333334,21.616666666666664,8.929166666666667,76.79166666666667,,1.4583333333333333,,63.083333333333336,39.083333333333336
2023-07-22,30.400000000000002,19.854166666666668,201.125,27.183333333333334,10.758333333333333,82.41666666666667,,2.5,,60.375,39.916666666666664
2023-07-23,34.795833333333334,22.97083333333333,230.33333333333334,31.325,11.233333333333334,70.66666666666667,,6.916666666666667,,75.45833333333333,55.458333333333336
2023-07-24,16.620833333333334,10.829166666666666,186.58333333333334,11.591666666666667,4.783333333333333,88.58333333333333,,1.5,,58.791666666666664,40.208333333333336
2023-07-25,22.508333333333336,16.2375,226.91666666666666,27.325,12.375,77.33333333333333,,0.20833333333333334,,50.666666666666664,34.625
2023-07-26,34.74583333333333,19.558333333333334,226.04166666666666,39.045833333333334,15.6625,73.58333333333333,,12.375,,61.958333333333336,39.25
2023-07-27,31.775000000000002,16.650000000000002,215.83333333333334,16.170833333333334,8.445833333333333,71.875,,9.083333333333334,,69.29166666666667,44.916666666666664
2023-07-28,16.616666666666667,10.679166666666667,220.66666666666666,16.966666666666665,6.9624999999999995,67.375,,0.0,,48.875,31.375
2023-07-29,13.245833333333332,8.629166666666666,170.20833333333334,13.108333333333334,5.266666666666667,74.16666666666667,,0.0,,41.416666666666664,29.583333333333332
2023-07-30,12.829166666666666,8.095833333333333,156.25,11.245833333333332,4.508333333333334,79.5,,0.0,,37.791666666666664,31.833333333333332
2023-07-31,16.091666666666665,9.541666666666666,163.58333333333334,11.483333333333334,4.7,79.0,,0.0,,37.75,31.625
2023-08-01,17.5625,11.333333333333334,175.95833333333334,14.5875,6.116666666666667,76.91666666666667,,0.0,,43.833333333333336,30.833333333333332
2023-08-02,27.933333333333334,19.941666666666666,216.83333333333334,30.15416666666667,14.420833333333334,68.95833333333333,,0.041666666666666664,,54.916666666666664,33.708333333333336
2023-08-03,33.21666666666667,23.395833333333332,263.4166666666667,38.1,18.470833333333335,67.54166666666667,,0.125,,74.625,54.5
2023-08-04,28.854166666666668,19.5625,218.58333333333334,14.325000000000001,10.608333333333333,83.04166666666667,,0.125,,70.83333333333333,47.291666666666664
2023-08-05,21.179166666666667,14.825000000000001,182.5,12.416666666666666,6.591666666666666,87.08333333333333,,0.5,,57.083333333333336,38.291666666666664
2023-08-06,27.383333333333336,17.395833333333332,201.45833333333334,23.900000000000002,11.454166666666666,75.41666666666667,,1.25,,63.083333333333336,36.5
2023-08-07,19.616666666666667,12.308333333333332,201.91666666666666,16.679166666666667,10.612499999999999,81.875,,0.7083333333333334,,52.083333333333336,35.666666666666664
2023-08-08,19.629166666666666,11.875,197.04166666666666,9.5375,4.933333333333334,84.25,,0.0,,52.791666666666664,33.875
2023-08-09,13.129166666666668,6.916666666666667,177.625,7.2625,3.2624999999999997,80.5,,0.0,,39.583333333333336,32.208333333333336
2023-08-10,16.566666666666666,10.1875,189.79166666666666,11.154166666666667,5.095833333333333,83.125,,0.0,,39.375,33.166666666666664
2023-08-11,14.25,9.475,184.58333333333334,9.475,4.216666666666667,84.33333333333333,,0.0,,43.0,33.833333333333336
2023-08-12,14.4625,9.549999999999999,179.70833333333334,9.0625,4.441666666666666,85.54166666666667,,0.0,,41.833333333333336,34.375
2023-08-13,17.045833333333334,10.633333333333333,178.54166666666666,5.5874999999999995,2.9291666666666667,91.41666666666667,,0.20833333333333334,,42.25,36.583333333333336
2023-08-14,25.02916666666667,15.220833333333333,194.54166666666666,7.408333333333334,3.6333333333333333,95.375,,1.4583333333333333,,50.75,38.25
2023-08-15,34.22083333333333,20.383333333333333,210.125,13.379166666666668,6.575,87.66666666666667,,4.541666666666667,,62.25,38.0
2023-08-16,34.545833333333334,19.866666666666667,218.08333333333334,18.820833333333333,9.320833333333333,85.16666666666667,,3.0416666666666665,,68.54166666666667,43.083333333333336
2023-08-17,26.087500000000002,15.566666666666668,194.08333333333334,8.229166666666666,4.254166666666666,92.20833333333333,,1.75,,61.833333333333336,38.375
2023-08-18,24.104166666666668,14.254166666666668,184.625,8.041666666666666,3.891666666666667,93.125,,1.125,,57.208333333333336,37.541666666666664
2023-08-19,22.25,12.887500000000001,180.29166666666666,6.433333333333334,3.3208333333333333,90.66666666666667,,1.2916666666666667,,52.458333333333336,36.25
2023-08-20,24.641666666666666,15.9125,188.75,9.1875,4.695833333333334,84.95833333333333,,4.75,,55.291666666666664,34.208333333333336
2023-08-21,27.212500000000002,15.933333333333332,192.875,13.462499999999999,5.758333333333333,78.79166666666667,,7.541666666666667,,58.916666666666664,34.666666666666664
2023-08-22,27.8125,16.020833333333332,187.08333333333334,11.9125,6.441666666666666,82.29166666666667,,7.958333333333333,,56.625,34.458333333333336
2023-08-23,28.045833333333334,17.929166666666667,195.33333333333334,10.35,6.016666666666667,88.29166666666667,,3.7083333333333335,,62.208333333333336,36.625
2023-08-24,23.59583333333333,15.970833333333333,198.29166666666666,9.858333333333333,5.2625,85.66666666666667,,1.7083333333333333,,60.791666666666664,36.083333333333336
2023-08-25,21.070833333333333,13.016666666666666,194.33333333333334,10.549999999999999,5.654166666666666,86.95833333333333,,0.7083333333333334,,55.375,34.958333333333336
2023-08-26,19.908333333333335,12.404166666666667,182.20833333333334,8.304166666666667,5.041666666666667,85.66666666666667,,0.0,,50.75,34.25
2023-08-27,21.8875,12.975,183.58333333333334,7.7375,4.2250000000000005,87.04166666666667,,0.0,,51.791666666666664,34.833333333333336
2023-08-28,21.375,12.629166666666668,189.29166666666666,13.424999999999999,6.595833333333334,86.375,,0.125,,51.583333333333336,35.0
2023-08-29,26.129166666666666,16.412499999999998,196.0,16.445833333333333,8.0625,76.75,,0.9166666666666666,,54.958333333333336,32.458333333333336
2023-08-30,43.275,27.608333333333334,226.0,35.90833333333333,20.120833333333334,72.45833333333333,,1.7916666666666667,,70.125,46.916666666666664
2023-08-31,27.483333333333334,16.333333333333332,208.41666666666666,28.575,16.004166666666666,70.5,,1.25,,73.08333333333333,49.958333333333336
2023-09-01,26.075,16.816666666666666,244.54166666666666,20.479166666666668,10.641666666666667,77.0,,0.2916666666666667,,59.25,35.041666666666664
2023-09-02,19.125,11.525,217.29166666666666,11.420833333333334,6.016666666666667,80.25,,0.3333333333333333,,55.625,33.208333333333336
2023-09-03,18.829166666666666,10.783333333333333,215.375,9.291666666666666,6.2250000000000005,82.79166666666667,,0.125,,44.791666666666664,33.083333333333336
2023-09-04,18.775000000000002,11.991666666666667,208.45833333333334,12.75,7.695833333333333,82.95833333333333,,0.041666666666666664,,47.375,33.166666666666664
2023-09-05,16.833333333333332,10.924999999999999,205.95833333333334,8.825000000000001,4.633333333333334,75.70833333333333,,1.1666666666666667,,48.333333333333336,30.291666666666668
2023-09-06,18.691666666666666,11.454166666666666,202.54166666666666,9.112499999999999,4.833333333333333,73.04166666666667,,2.4583333333333335,,44.333333333333336,29.291666666666668
2023-09-07,25.204166666666666,14.066666666666668,203.70833333333334,8.529166666666667,5.658333333333334,78.95833333333333,,4.625,,52.166666666666664,31.666666666666668
2023-09-08,20.525000000000002,13.595833333333333,208.0,7.658333333333334,6.1499999999999995,84.75,,0.16666666666666666,,54.541666666666664,33.833333333333336
2023-09-09,15.658333333333333,9.616666666666667,192.04166666666666,8.070833333333333,5.7375,78.83333333333333,,0.0,,47.125,31.5
2023-09-10,15.112499999999999,9.029166666666667,195.41666666666666,8.245833333333334,5.829166666666667,74.25,,0.5,,39.25,29.708333333333332
2023-09-11,13.345833333333333,7.2749999999999995,184.54166666666666,8.345833333333333,5.229166666666667,72.125,,0.0,,35.083333333333336,28.958333333333332
2023-09-12,18.650000000000002,11.241666666666667,205.375,14.370833333333332,7.404166666666666,75.375,,0.0,,39.541666666666664,30.125
2023-09-13,22.016666666666666,13.225,213.91666666666666,16.720833333333335,9.329166666666667,71.95833333333333,,0.0,,50.583333333333336,29.916666666666668
2023-09-14,23.71666666666667,14.495833333333332,236.20833333333334,21.920833333333334,12.225,70.79166666666667,,0.75,,53.916666666666664,30.541666666666668
2023-09-15,26.71666666666667,15.799999999999999,240.70833333333334,27.079166666666666,13.2125,63.375,,1.2916666666666667,,57.875,32.666666666666664
2023-09-16,24.599999999999998,13.529166666666667,208.25,15.595833333333333,8.170833333333333,75.45833333333333,,1.125,,54.291666666666664,33.416666666666664
2023-09-17,18.7375,11.5625,197.75,8.174999999999999,5.045833333333333,82.70833333333333,,0.9583333333333334,,51.916666666666664,33.083333333333336
2023-09-18,14.85,9.6,191.08333333333334,7.2250000000000005,4.679166666666666,77.08333333333333,,0.125,,42.25,30.75
2023-09-19,17.379166666666666,9.516666666666667,194.83333333333334,10.295833333333333,6.433333333333334,83.125,,1.0,,41.458333333333336,33.333333333333336
2023-09-20,20.258333333333333,11.320833333333333,225.625,20.966666666666665,11.620833333333332,68.625,,0.6666666666666666,,44.75,28.208333333333332
2023-09-21,21.583333333333332,11.679166666666667,218.625,19.3375,10.704166666666666,69.125,,0.16666666666666666,,47.541666666666664,28.875
2023-09-22,32.358333333333334,22.320833333333336,282.0,39.11666666666667,23.037499999999998,55.75,,1.0,,57.208333333333336,31.75
2023-09-23,39.891666666666666,26.45,290.0416666666667,41.925000000000004,23.616666666666664,51.291666666666664,,2.8333333333333335,,79.375,59.25
2023-09-24,30.608333333333334,18.4375,217.29166666666666,18.2375,12.170833333333334,69.16666666666667,,2.4583333333333335,,75.20833333333333,53.416666666666664
2023-09-25,23.883333333333336,12.491666666666667,185.33333333333334,8.9375,5.5625,79.29166666666667,,3.8333333333333335,,53.75,33.0
2023-09-26,33.983333333333334,16.25,184.33333333333334,7.854166666666667,5.379166666666666,75.125,,9.291666666666666,,54.333333333333336,30.916666666666668
2023-09-27,30.162499999999998,15.125,181.75,8.9,5.7625,74.41666666666667,,8.458333333333334,,58.708333333333336,33.25
2023-09-28,28.7625,17.2375,196.875,17.7,8.866666666666667,66.41666666666667,,8.375,,57.833333333333336,31.666666666666668
2023-09-29,34.50833333333333,21.291666666666668,254.0,31.59583333333333,14.445833333333333,43.5,,6.708333333333333,,66.91666666666667,41.208333333333336
2023-09-30,30.208333333333332,19.179166666666667,232.54166666666666,25.495833333333334,11.549999999999999,48.458333333333336,,7.333333333333333,,68.83333333333333,43.541666666666664
2023-10-01,19.516666666666666,13.295833333333334,201.16666666666666,14.820833333333333,7.2250000000000005,59.708333333333336,,1.75,,57.958333333333336,31.875
2023-10-02,23.395833333333332,12.891666666666666,232.33333333333334,14.408333333333333,8.762500000000001,58.916666666666664,,0.625,,53.25,27.083333333333332
2023-10-03,20.391666666666666,11.058333333333332,251.79166666666666,18.125,11.387500000000001,56.083333333333336,,0.0,,45.041666666666664,24.666666666666668
2023-10-04,26.1875,15.683333333333332,294.2916666666667,24.125,17.625,53.125,,0.0,,53.375,28.083333333333332
2023-10-05,21.829166666666666,13.383333333333333,273.0,21.816666666666666,14.9375,57.041666666666664,,0.0,,56.458333333333336,30.916666666666668
2023-10-06,23.3125,13.658333333333333,263.4583333333333,22.179166666666664,14.795833333333334,55.791666666666664,,0.16666666666666666,,52.125,27.833333333333332
2023-10-07,21.354166666666668,13.2875,245.04166666666666,15.991666666666667,9.933333333333334,64.79166666666667,,0.041666666666666664,,51.625,28.5
2023-10-08,34.641666666666666,22.875,299.9583333333333,34.324999999999996,21.625,46.916666666666664,,0.041666666666666664,,65.5,40.708333333333336
2023-10-09,20.3625,9.887500000000001,234.625,15.433333333333332,10.695833333333333,55.625,,0.625,,58.666666666666664,34.333333333333336
2023-10-10,28.429166666666664,15.683333333333332,302.875,31.683333333333334,22.2625,39.0,,1.125,,48.791666666666664,26.041666666666668
2023-10-11,15.670833333333334,7.566666666666666,215.29166666666666,12.766666666666666,9.2,60.583333333333336,,0.25,,46.375,27.75
2023-10-12,22.929166666666664,12.495833333333332,244.0,18.358333333333334,14.137500000000001,59.541666666666664,,0.0,,39.625,25.083333333333332
2023-10-13,37.24166666666667,22.770833333333332,376.0833333333333,44.291666666666664,30.325,35.875,,0.0,,61.125,35.208333333333336
2023-10-14,28.6875,18.279166666666665,259.5416666666667,25.59166666666667,14.683333333333332,55.916666666666664,,0.16666666666666666,,70.45833333333333,47.041666666666664
2023-10-15,47.270833333333336,37.17916666666667,313.9583333333333,40.525,25.833333333333332,43.458333333333336,,1.0,,80.79166666666667,55.25
2023-10-16,27.34583333333333,18.816666666666666,243.0,23.40833333333333,14.424999999999999,48.0,,1.4166666666666667,,92.16666666666667,63.791666666666664
2023-10-17,16.208333333333332,9.491666666666667,213.20833333333334,13.491666666666667,9.783333333333333,58.5,,0.0,,45.625,27.083333333333332
2023-10-18,15.299999999999999,10.416666666666666,211.54166666666666,14.054166666666667,9.133333333333335,58.625,,0.0,,41.416666666666664,23.791666666666668
2023-10-19,26.579166666666666,16.754166666666666,289.1666666666667,34.30833333333333,24.183333333333334,35.166666666666664,,0.0,,48.625,24.583333333333332
2023-10-20,24.183333333333334,14.424999999999999,235.41666666666666,29.09583333333333,17.483333333333334,50.375,,2.5833333333333335,,60.625,33.958333333333336
2023-10-21,38.5875,18.645833333333332,229.0,30.816666666666666,19.641666666666666,49.25,,14.541666666666666,,57.208333333333336,31.333333333333332
2023-10-22,56.00416666666666,27.72083333333333,276.7083333333333,49.862500000000004,28.650000000000002,25.416666666666668,,21.125,,74.08333333333333,52.25
2023-10-23,68.40833333333333,36.770833333333336,397.9166666666667,60.34583333333333,42.708333333333336,18.375,,19.166666666666668,,93.16666666666667,65.83333333333333
2023-10-24,78.48333333333333,45.770833333333336,437.5416666666667,54.6875,56.479166666666664,14.875,,18.833333333333332,,116.70833333333333,73.70833333333333
2023-10-25,64.05833333333334,38.6125,315.5416666666667,39.887499999999996,29.120833333333334,34.291666666666664,,18.416666666666668,,124.41666666666667,76.29166666666667
2023-10-26,40.9125,21.141666666666666,172.375,16.587500000000002,10.6625,58.208333333333336,,16.416666666666668,,81.75,57.958333333333336
2023-10-27,40.99166666666667,19.229166666666668,168.08333333333334,19.054166666666667,12.5,55.958333333333336,,18.75,,68.0,42.125
2023-10-28,37.02916666666667,16.154166666666665,190.875,23.1125,14.7875,55.666666666666664,,8.625,,60.916666666666664,39.791666666666664
2023-10-29,31.870833333333334,17.529166666666665,247.45833333333334,37.27916666666667,22.962500000000002,33.625,,1.0833333333333333,,62.291666666666664,36.75
2023-10-30,26.508333333333336,16.025000000000002,215.70833333333334,18.304166666666667,12.262500000000001,53.708333333333336,,2.0833333333333335,,59.458333333333336,33.0
2023-10-31,45.60833333333333,30.425,272.625,39.954166666666666,25.825,29.375,,3.8333333333333335,,70.0,46.208333333333336
2023-11-01,38.983333333333334,25.90833333333333,257.9583333333333,34.454166666666666,23.34166666666667,38.375,,2.7916666666666665,,90.16666666666667,64.66666666666667
2023-11-02,33.766666666666666,23.145833333333332,289.7916666666667,34.762499999999996,23.420833333333334,34.166666666666664,,2.3333333333333335,,77.20833333333333,57.666666666666664
2023-11-03,24.3,13.9625,233.54166666666666,24.504166666666666,17.304166666666667,45.875,,2.3333333333333335,,61.0,35.583333333333336
2023-11-04,38.59166666666667,18.25,166.83333333333334,16.208333333333332,11.141666666666666,49.041666666666664,,18.708333333333332,,58.333333333333336,33.083333333333336
2023-11-05,20.079166666666666,10.737499999999999,175.66666666666666,11.25,8.975,62.458333333333336,,2.25,,56.166666666666664,31.5
2023-11-06,30.325,16.962500000000002,276.25,26.208333333333332,23.0125,52.25,,0.7083333333333334,,47.083333333333336,27.166666666666668
2023-11-07,48.645833333333336,28.645833333333332,441.25,51.55833333333334,43.24166666666667,20.125,,1.375,,77.58333333333333,54.708333333333336
2023-11-08,48.65833333333333,31.6875,354.6666666666667,44.729166666666664,35.079166666666666,25.333333333333332,,2.0833333333333335,,88.95833333333333,64.29166666666667
2023-11-09,20.683333333333334,13.1625,251.08333333333334,16.8,13.9,48.0,,0.6666666666666666,,72.0,47.583333333333336
2023-11-10,29.616666666666664,20.9375,322.0,30.179166666666664,24.958333333333332,33.875,,0.3333333333333333,,57.708333333333336,31.25
2023-11-11,23.27916666666667,14.950000000000001,199.16666666666666,17.316666666666666,11.204166666666666,51.0,,3.0833333333333335,,68.04166666666667,43.083333333333336
2023-11-12,21.724999999999998,13.158333333333333,227.25,25.849999999999998,19.974999999999998,44.375,,0.25,,49.416666666666664,24.583333333333332
2023-11-13,21.329166666666666,15.625,265.2083333333333,32.887499999999996,17.320833333333333,33.125,,0.0,,58.791666666666664,32.333333333333336
2023-11-14,26.34166666666667,17.529166666666665,334.4583333333333,33.020833333333336,28.433333333333334,27.416666666666668,,0.0,,57.25,30.708333333333332
2023-11-15,23.25,14.266666666666666,265.875,26.25,19.195833333333333,45.0,,0.0,,59.041666666666664,32.5
2023-11-16,20.179166666666667,14.508333333333333,302.0833333333333,26.40833333333333,27.6875,37.041666666666664,,0.0,,51.375,25.75
2023-11-17,25.329166666666666,18.091666666666665,313.7083333333333,37.37083333333333,28.662499999999998,25.333333333333332,,0.0,,64.5,38.083333333333336
2023-11-18,15.491666666666667,10.895833333333334,225.91666666666666,13.441666666666668,9.183333333333334,42.833333333333336,,0.0,,55.208333333333336,28.958333333333332
2023-11-19,11.429166666666667,8.15,240.79166666666666,10.254166666666666,8.616666666666667,36.125,,0.0,,35.458333333333336,17.583333333333332
2023-11-20,23.45,17.175,321.4166666666667,28.766666666666666,24.545833333333334,27.625,,0.0,,49.0,24.666666666666668
2023-11-21,26.358333333333334,17.620833333333334,303.5416666666667,35.25,25.162499999999998,28.666666666666668,,0.0,,60.833333333333336,34.25
2023-11-22,23.191666666666666,15.208333333333334,272.7916666666667,34.324999999999996,22.775000000000002,31.25,,0.0,,60.458333333333336,33.875
2023-11-23,21.354166666666668,14.329166666666666,305.875,25.308333333333334,20.1875,32.375,,0.0,,53.291666666666664,27.041666666666668
2023-11-24,24.1375,16.412499999999998,292.7916666666667,25.337500000000002,19.020833333333332,38.875,,0.25,,64.66666666666667,38.125
2023-11-25,19.008333333333333,10.854166666666666,181.25,8.841666666666667,7.2375,64.79166666666667,,3.5833333333333335,,48.833333333333336,26.375
2023-11-26,11.112499999999999,6.583333333333333,203.08333333333334,10.200000000000001,10.579166666666667,51.125,,0.625,,36.583333333333336,20.708333333333332
2023-11-27,14.700000000000001,10.666666666666666,285.0833333333333,17.9375,21.029166666666665,39.041666666666664,,0.0,,33.541666666666664,17.75
2023-11-28,16.400000000000002,8.700000000000001,203.375,12.070833333333333,9.391666666666667,57.75,,0.0,,41.791666666666664,23.5
2023-11-29,18.016666666666666,9.875,208.20833333333334,15.487499999999999,10.4625,56.791666666666664,,0.5833333333333334,,34.875,23.541666666666668
2023-11-30,24.616666666666664,17.3875,349.5,26.412499999999998,21.958333333333332,27.0,,0.0,,47.291666666666664,23.25
2023-12-01,26.1375,14.983333333333334,238.16666666666666,19.9375,14.020833333333334,50.041666666666664,,1.4583333333333333,,64.79166666666667,38.083333333333336
2023-12-02,26.575,12.754166666666668,183.16666666666666,10.545833333333333,8.4375,65.33333333333333,,1.4166666666666667,,53.708333333333336,27.75
2023-12-03,27.8625,15.262500000000001,191.04166666666666,17.104166666666668,12.1,57.0,,4.5,,53.75,27.583333333333332
2023-12-04,17.033333333333335,10.141666666666667,238.45833333333334,11.308333333333332,8.741666666666665,39.833333333333336,,0.875,,53.458333333333336,27.583333333333332
2023-12-05,18.35,12.958333333333334,275.75,16.391666666666666,15.145833333333334,36.875,,0.0,,40.208333333333336,19.291666666666668
2023-12-06,27.433333333333334,20.325,323.3333333333333,28.266666666666666,23.224999999999998,29.083333333333332,,0.5,,60.583333333333336,33.958333333333336
2023-12-07,45.833333333333336,34.03333333333333,489.7083333333333,42.5375,46.9,12.041666666666666,,0.4583333333333333,,84.0,59.0
2023-12-08,13.1,8.8125,258.4166666666667,10.883333333333333,8.15,28.541666666666668,,0.0,,71.0,46.125
2023-12-09,13.066666666666668,8.4875,280.7083333333333,9.4125,7.166666666666667,28.5,,0.0,,33.666666666666664,16.166666666666668
2023-12-10,31.766666666666666,23.495833333333334,381.5,28.262500000000003,31.008333333333336,13.916666666666666,,0.0,,51.458333333333336,27.5
2023-12-11,44.416666666666664,32.52916666666667,453.4166666666667,33.37916666666667,40.7125,10.666666666666666,,0.0,,90.5,64.70833333333333
2023-12-12,44.21666666666667,35.57083333333333,487.9166666666667,36.87916666666667,41.15833333333333,10.166666666666666,,0.0,,96.66666666666667,67.25
2023-12-13,39.104166666666664,28.75,380.0,40.50833333333333,39.291666666666664,19.25,,0.0,,93.83333333333333,66.125
2023-12-14,24.008333333333336,14.129166666666668,244.75,18.875,12.775,48.958333333333336,,0.4166666666666667,,68.20833333333333,44.083333333333336
2023-12-15,24.59583333333333,14.670833333333334,269.1666666666667,19.941666666666666,13.870833333333332,34.041666666666664,,0.625,,56.541666666666664,30.083333333333332
2023-12-16,9.025,5.895833333333333,225.79166666666666,8.141666666666667,5.454166666666667,50.416666666666664,,0.0,,40.666666666666664,24.208333333333332
2023-12-17,17.150000000000002,12.079166666666666,264.4583333333333,16.175,12.858333333333334,47.583333333333336,,0.0,,29.0,21.291666666666668
2023-12-18,49.2125,38.395833333333336,506.5,44.21666666666667,50.90416666666667,18.75,,0.0,,69.58333333333333,44.916666666666664
2023-12-19,71.17916666666666,54.6625,654.3333333333334,54.1,75.1125,8.041666666666666,,0.0,,138.08333333333334,80.95833333333333
2023-12-20,53.06666666666666,40.22083333333333,510.1666666666667,49.48333333333333,50.44583333333333,8.833333333333334,,0.0,,136.29166666666666,79.95833333333333
2023-12-21,33.775,23.40833333333333,378.3333333333333,45.050000000000004,31.4375,17.791666666666668,,0.0,,86.25,61.916666666666664
2023-12-22,29.416666666666668,21.212500000000002,311.0,27.579166666666666,23.474999999999998,27.916666666666668,,0.0,,78.79166666666667,58.125
2023-12-23,20.533333333333335,12.916666666666666,262.375,18.279166666666665,19.095833333333335,46.958333333333336,,0.0,,58.583333333333336,32.166666666666664
2023-12-24,24.354166666666668,13.866666666666667,256.7083333333333,25.583333333333332,22.087500000000002,38.291666666666664,,0.0,,49.5,24.333333333333332
2023-12-25,27.570833333333336,14.441666666666668,276.125,24.775000000000002,20.579166666666666,38.375,,0.0,,56.208333333333336,29.916666666666668
2023-12-26,30.695833333333336,17.295833333333334,261.875,27.729166666666668,22.179166666666664,41.083333333333336,,0.0,,57.166666666666664,30.916666666666668
2023-12-27,35.09583333333333,22.75,309.4583333333333,32.12916666666667,32.083333333333336,34.333333333333336,,0.0,,60.541666666666664,33.875
2023-12-28,56.225,47.362500000000004,595.2916666666666,40.083333333333336,60.03333333333333,10.833333333333334,,0.0,,91.25,64.41666666666667
2023-12-29,59.137499999999996,47.38333333333333,581.5,47.38333333333333,49.59166666666667,9.541666666666666,,0.0,,147.25,84.70833333333333
2023-12-30,46.699999999999996,37.77916666666667,406.7083333333333,45.55833333333334,45.449999999999996,14.25,,0.0,,113.04166666666667,72.54166666666667
2023-12-31,61.89166666666667,47.270833333333336,488.5833333333333,51.55833333333334,52.770833333333336,5.666666666666667,,0.0,,112.20833333333333,72.33333333333333
2024-01-01,61.3125,49.666666666666664,384.7791666666667,51.55416666666667,50.31666666666666,9.716666666666667,,0.0,,153.25,91.91666666666667
2024-01-02,30.979166666666668,25.329166666666666,256.5833333333333,33.86666666666667,28.8,28.875,,0.0,,100.0,67.79166666666667
2024-01-03,34.85,27.825,272.0833333333333,38.27916666666667,36.65416666666667,22.166666666666668,,0.5833333333333334,,88.0,63.875
2024-01-04,23.041666666666668,17.008333333333333,199.625,24.691666666666666,20.575,44.083333333333336,,0.20833333333333334,,68.0,42.958333333333336
2024-01-05,46.17083333333333,34.333333333333336,371.2083333333333,42.237500000000004,51.38333333333333,23.291666666666668,,0.0,,69.125,43.541666666666664
2024-01-06,37.516666666666666,30.2625,330.25,52.82083333333333,39.87083333333333,15.25,,0.0,,101.25,68.625
2024-01-07,23.491666666666664,17.099999999999998,191.79166666666666,26.712500000000002,16.724999999999998,40.583333333333336,,4.5,,79.33333333333333,57.583333333333336
2024-01-08,22.820833333333336,14.516666666666666,214.75,16.983333333333334,15.9625,53.291666666666664,,0.25,,51.833333333333336,25.875
2024-01-09,12.354166666666666,9.195833333333333,241.70833333333334,12.416666666666666,9.345833333333333,36.375,,0.0,,54.958333333333336,28.916666666666668
2024-01-10,12.379166666666668,8.254166666666666,205.83333333333334,11.762500000000001,9.775,61.166666666666664,,0.0,,33.708333333333336,24.5
2024-01-11,32.079166666666666,26.133333333333336,296.3333333333333,28.645833333333332,29.266666666666666,46.833333333333336,,0.0,,48.833333333333336,27.666666666666668
2024-01-12,35.887499999999996,28.59166666666667,333.8333333333333,31.066666666666666,34.420833333333334,34.166666666666664,,0.0,,100.875,68.58333333333333
2024-01-13,34.65,27.695833333333336,333.375,31.629166666666666,31.275000000000002,42.958333333333336,,0.0,,62.458333333333336,37.541666666666664
2024-01-14,41.625,33.65,326.2083333333333,41.7125,40.47083333333333,32.416666666666664,,0.0,,113.79166666666667,72.75
2024-01-15,20.82916666666667,15.483333333333334,210.125,21.079166666666666,17.883333333333333,58.333333333333336,,0.0,,69.45833333333333,44.291666666666664
2024-01-16,19.783333333333335,15.491666666666667,236.29166666666666,24.208333333333332,20.879166666666666,52.291666666666664,,0.0,,53.375,27.291666666666668
2024-01-17,51.00833333333333,40.56666666666667,418.5833333333333,48.56666666666666,54.69583333333333,17.541666666666668,,0.0,,76.625,51.333333333333336
2024-01-18,25.608333333333334,20.304166666666667,218.5,30.391666666666666,21.3875,37.041666666666664,,0.9583333333333334,,106.58333333333333,70.08333333333333
2024-01-19,32.333333333333336,19.791666666666668,192.54166666666666,17.912499999999998,15.691666666666668,54.5,,5.541666666666667,,58.625,32.125
2024-01-20,20.570833333333333,15.633333333333333,210.125,17.224999999999998,11.916666666666666,41.791666666666664,,3.5,,71.83333333333333,49.416666666666664
2024-01-21,11.924999999999999,7.9875,192.58333333333334,10.637500000000001,8.683333333333334,64.70833333333333,,0.0,,37.166666666666664,26.125
2024-01-22,15.975,11.133333333333333,224.83333333333334,15.4375,13.158333333333333,55.666666666666664,,0.0,,39.5,22.916666666666668
2024-01-23,23.875,17.933333333333334,276.625,30.174999999999997,25.679166666666664,43.416666666666664,,0.0,,54.125,28.083333333333332
2024-01-24,22.895833333333332,17.2625,276.3333333333333,29.495833333333334,26.304166666666664,49.25,,0.0,,59.375,32.75
2024-01-25,41.09166666666667,31.662499999999998,337.7083333333333,39.81666666666667,38.520833333333336,30.958333333333332,,0.0,,76.45833333333333,54.333333333333336
2024-01-26,51.85,39.4375,376.5,34.824999999999996,46.4125,23.833333333333332,,0.0,,103.45833333333333,69.33333333333333
2024-01-27,41.69166666666667,32.833333333333336,316.25,29.575,37.44583333333333,29.208333333333332,,0.0,,107.66666666666667,71.0
2024-01-28,19.216666666666665,14.495833333333332,234.125,15.291666666666666,13.691666666666668,47.208333333333336,,0.0,,71.04166666666667,45.916666666666664
2024-01-29,15.995833333333332,11.841666666666667,259.25,16.837500000000002,15.916666666666666,32.458333333333336,,0.0,,52.625,26.541666666666668
2024-01-30,14.637500000000001,10.333333333333334,230.16666666666666,13.716666666666667,12.033333333333333,57.708333333333336,,0.2916666666666667,,47.375,26.25
2024-01-31,16.650000000000002,11.183333333333332,228.08333333333334,14.512500000000001,12.508333333333333,60.333333333333336,,0.0,,42.5,24.041666666666668
2024-02-01,34.583333333333336,28.233333333333334,341.7083333333333,33.891666666666666,32.44583333333333,43.875,,0.0,,53.833333333333336,28.5
2024-02-02,59.862500000000004,49.34166666666667,422.75,44.76666666666667,61.17916666666667,25.333333333333332,,0.5833333333333334,,136.16666666666666,80.875
2024-02-03,35.94166666666667,26.7,303.5416666666667,35.75833333333333,31.90416666666667,36.416666666666664,,0.0,,88.58333333333333,63.041666666666664
2024-02-04,31.558333333333334,24.9875,252.25,27.8625,22.833333333333332,44.333333333333336,,0.0,,81.125,61.125
2024-02-05,28.25,21.791666666666668,235.45833333333334,28.075,23.054166666666664,37.166666666666664,,0.2916666666666667,,77.875,58.916666666666664
2024-02-06,37.11666666666667,28.195833333333336,279.9166666666667,37.112500000000004,35.4625,31.5,,1.0,,71.41666666666667,47.25
2024-02-07,38.5,29.133333333333336,232.70833333333334,30.5625,25.650000000000002,41.166666666666664,,1.4166666666666667,,91.75,65.20833333333333
2024-02-08,33.9,22.666666666666668,207.41666666666666,27.316666666666666,20.941666666666666,48.5,,2.0416666666666665,,75.25,53.25
2024-02-09,34.387499999999996,24.90416666666667,230.125,35.80416666666667,28.129166666666666,38.833333333333336,,1.5,,75.0,55.041666666666664
2024-02-10,23.34166666666667,17.658333333333335,176.125,18.854166666666668,13.466666666666667,55.833333333333336,,1.7083333333333333,,72.79166666666667,51.208333333333336
2024-02-11,23.791666666666668,16.8625,174.29166666666666,22.016666666666666,15.208333333333334,56.75,,1.6666666666666667,,59.666666666666664,33.083333333333336
2024-02-12,29.34166666666667,21.125,210.375,32.666666666666664,22.84166666666667,42.791666666666664,,1.6666666666666667,,64.08333333333333,37.458333333333336
2024-02-13,41.875,33.6875,322.5833333333333,43.20416666666667,38.574999999999996,28.166666666666668,,1.0,,75.91666666666667,54.791666666666664
2024-02-14,33.512499999999996,27.808333333333334,342.75,31.204166666666666,32.30416666666667,17.125,,0.4166666666666667,,111.0,71.79166666666667
2024-02-15,15.666666666666666,11.9625,227.625,12.225,10.516666666666667,30.791666666666668,,0.0,,57.083333333333336,31.916666666666668
2024-02-16,18.604166666666668,14.479166666666666,242.625,18.579166666666666,16.995833333333334,37.5,,0.7916666666666666,,51.791666666666664,25.75
2024-02-17,19.412499999999998,13.779166666666667,232.79166666666666,16.2,13.5875,45.375,,1.375,,53.833333333333336,27.583333333333332
2024-02-18,28.96666666666667,22.416666666666668,284.3333333333333,29.745833333333334,25.05,43.416666666666664,,1.9583333333333333,,58.75,32.458333333333336
2024-02-19,32.81666666666667,26.27916666666667,314.3333333333333,39.65,34.37083333333333,29.208333333333332,,1.5833333333333333,,83.0,61.291666666666664
2024-02-20,25.912499999999998,20.354166666666668,314.125,34.291666666666664,31.141666666666666,31.875,,0.0,,70.625,47.125
2024-02-21,65.10833333333333,51.76666666666667,503.0416666666667,57.949999999999996,75.2625,20.291666666666668,,0.0,,86.875,59.625
2024-02-22,82.60833333333333,67.05833333333334,544.4583333333334,65.07916666666667,83.90833333333333,20.583333333333332,,0.0,,157.20833333333334,95.875
2024-02-23,41.775,33.704166666666666,319.0,55.32916666666667,39.63333333333333,28.083333333333332,,0.08333333333333333,,131.66666666666666,79.54166666666667
2024-02-24,34.74166666666667,26.241666666666664,274.8333333333333,41.88333333333333,30.125,34.25,,2.2916666666666665,,80.45833333333333,60.583333333333336
2024-02-25,54.44583333333333,43.40833333333333,360.5833333333333,55.50416666666666,47.324999999999996,17.208333333333332,,3.6666666666666665,,101.625,68.625
2024-02-26,57.574999999999996,46.11666666666667,385.2083333333333,45.574999999999996,51.4,21.125,,1.5416666666666667,,125.66666666666667,76.70833333333333
2024-02-27,37.233333333333334,25.462500000000002,279.5833333333333,34.15,31.25833333333333,44.208333333333336,,0.20833333333333334,,98.58333333333333,67.20833333333333
2024-02-28,54.68333333333334,42.625,393.375,52.8125,49.59583333333333,20.791666666666668,,1.2083333333333333,,98.04166666666667,67.33333333333333
2024-02-29,65.58749999999999,54.57083333333333,385.2916666666667,45.512499999999996,47.041666666666664,26.541666666666668,,2.4583333333333335,,138.375,80.83333333333333
2024-03-01,70.10000000000001,58.07083333333333,389.9583333333333,45.02916666666667,47.19583333333333,25.958333333333332,,3.0416666666666665,,141.5,82.08333333333333
2024-03-02,41.3375,30.775000000000002,274.25,30.670833333333334,24.833333333333332,46.041666666666664,,1.6666666666666667,,127.375,77.5
2024-03-03,38.762499999999996,29.2,290.875,34.84166666666667,26.366666666666664,34.625,,1.375,,85.83333333333333,63.041666666666664
2024-03-04,71.63333333333334,58.32916666666667,447.625,58.50416666666666,53.362500000000004,17.541666666666668,,2.5833333333333335,,120.41666666666667,74.875
2024-03-05,60.94166666666666,50.729166666666664,369.3333333333333,49.050000000000004,37.858333333333334,18.125,,2.0,,148.66666666666666,85.16666666666667
2024-03-06,32.6,24.575,269.2916666666667,25.162499999999998,21.741666666666664,50.083333333333336,,2.4166666666666665,,103.04166666666667,68.875
2024-03-07,52.4,39.30833333333333,360.125,43.7125,44.27916666666667,31.333333333333332,,3.625,,103.79166666666667,69.25
2024-03-08,25.366666666666664,20.354166666666668,248.29166666666666,19.7875,14.125,52.666666666666664,,2.1666666666666665,,82.45833333333333,57.416666666666664
2024-03-09,24.429166666666664,18.945833333333333,251.91666666666666,24.804166666666664,17.479166666666668,49.333333333333336,,1.25,,63.208333333333336,36.375
2024-03-10,54.125,44.666666666666664,387.125,50.27916666666667,44.012499999999996,21.25,,1.0416666666666667,,83.375,56.708333333333336
2024-03-11,63.550000000000004,50.862500000000004,423.2916666666667,60.5,50.15,24.208333333333332,,1.9583333333333333,,143.5,82.5
2024-03-12,43.354166666666664,32.295833333333334,279.0,48.824999999999996,34.9375,32.333333333333336,,3.9583333333333335,,121.41666666666667,75.29166666666667
2024-03-13,30.541666666666668,23.133333333333336,244.79166666666666,33.708333333333336,25.65833333333333,55.333333333333336,,1.1666666666666667,,70.70833333333333,46.25
2024-03-14,47.95416666666667,39.045833333333334,381.875,50.57083333333333,44.55416666666667,26.375,,0.041666666666666664,,89.08333333333333,63.875
2024-03-15,29.53333333333333,24.195833333333336,328.7916666666667,30.129166666666666,24.0,34.125,,0.0,,98.66666666666667,67.70833333333333
2024-03-16,39.74583333333333,31.65833333333333,359.2083333333333,44.175000000000004,32.32083333333333,26.833333333333332,,0.16666666666666666,,89.25,63.958333333333336
2024-03-17,29.483333333333334,22.96666666666667,274.4166666666667,29.745833333333334,22.3,43.458333333333336,,0.125,,81.25,60.0
2024-03-18,66.3625,51.6875,447.1666666666667,54.625,54.0625,22.541666666666668,,0.5833333333333334,,87.95833333333333,61.041666666666664
2024-03-19,67.25,54.00833333333333,411.2916666666667,52.979166666666664,52.087500000000006,29.5,,0.5,,155.25,93.125
2024-03-20,22.2625,18.162499999999998,248.75,18.720833333333335,15.491666666666667,57.458333333333336,,0.0,,82.375,50.416666666666664
2024-03-21,70.26666666666667,55.975,464.9166666666667,51.645833333333336,54.3125,26.333333333333332,,0.0,,111.25,69.625
2024-03-22,28.86666666666667,22.495833333333334,303.6666666666667,25.833333333333332,23.395833333333332,48.583333333333336,,0.08333333333333333,,109.08333333333333,70.625
2024-03-23,71.82083333333334,56.791666666666664,449.7916666666667,50.67916666666667,50.208333333333336,25.791666666666668,,0.0,,116.0,72.5
2024-03-24,47.112500000000004,37.979166666666664,320.3333333333333,50.75416666666666,37.541666666666664,36.125,,0.375,,132.0,78.70833333333333
2024-03-25,29.275000000000002,20.958333333333332,253.58333333333334,24.275000000000002,20.008333333333333,60.25,,0.4583333333333333,,78.16666666666667,54.0
2024-03-26,41.083333333333336,32.458333333333336,347.2083333333333,45.43333333333334,43.99166666666667,33.958333333333336,,0.0,,79.54166666666667,58.125
2024-03-27,58.1875,40.80833333333333,360.5,53.31666666666666,45.75,26.5,,9.375,,102.0,69.0
2024-03-28,71.36666666666666,47.04583333333333,288.1666666666667,51.362500000000004,39.916666666666664,23.916666666666668,,29.875,,121.04166666666667,75.08333333333333
2024-03-29,77.66666666666667,50.637499999999996,348.1666666666667,57.208333333333336,48.19583333333333,30.0,,22.291666666666668,,128.875,77.79166666666667
2024-03-30,109.83333333333333,77.8,489.7083333333333,73.27499999999999,61.979166666666664,21.083333333333332,,24.0,,156.08333333333334,94.375
2024-03-31,97.50416666666666,66.85833333333333,346.9166666666667,64.87916666666666,51.53333333333333,22.75,,30.416666666666668,,159.75,99.125
2024-04-01,83.97916666666667,55.80416666666667,280.7083333333333,55.47083333333333,38.30416666666667,30.458333333333332,,32.916666666666664,,152.83333333333334,88.75
2024-04-02,76.55416666666666,50.145833333333336,265.9583333333333,49.604166666666664,35.583333333333336,33.041666666666664,,32.666666666666664,,143.29166666666666,82.25
2024-04-03,27.079166666666666,19.125,226.75,26.320833333333336,17.241666666666667,60.666666666666664,,5.625,,101.16666666666667,66.83333333333333
2024-04-04,24.866666666666664,18.154166666666665,239.70833333333334,31.212500000000002,20.724999999999998,55.5,,0.9583333333333334,,61.875,35.25
2024-04-05,53.987500000000004,42.545833333333334,370.625,53.625,48.14166666666667,27.708333333333332,,0.041666666666666664,,89.25,60.166666666666664
2024-04-06,32.449999999999996,26.2625,278.4166666666667,44.79583333333333,28.995833333333334,39.791666666666664,,0.0,,102.375,68.875
2024-04-07,27.754166666666666,21.099999999999998,235.375,35.30833333333333,19.491666666666667,52.791666666666664,,0.0,,79.375,59.791666666666664
2024-04-08,17.962500000000002,13.654166666666667,185.625,13.933333333333332,9.216666666666667,78.83333333333333,,0.0,,55.291666666666664,33.75
2024-04-09,22.8625,17.616666666666667,209.66666666666666,22.5,14.029166666666667,63.708333333333336,,0.5833333333333334,,58.416666666666664,32.791666666666664
2024-04-10,22.53333333333333,16.212500000000002,208.0,24.75,14.629166666666668,63.416666666666664,,1.4583333333333333,,60.166666666666664,34.833333333333336
2024-04-11,24.108333333333334,18.675,212.875,24.462500000000002,14.616666666666667,64.41666666666667,,3.0,,61.458333333333336,35.375
2024-04-12,34.9375,24.541666666666668,222.29166666666666,23.150000000000002,14.450000000000001,63.333333333333336,,9.208333333333334,,68.66666666666667,43.875
2024-04-13,28.2375,21.041666666666668,218.66666666666666,24.375,14.5875,59.291666666666664,,2.0833333333333335,,75.875,56.166666666666664
2024-04-14,37.016666666666666,29.962500000000002,274.25,42.266666666666666,29.395833333333332,38.833333333333336,,0.9583333333333334,,71.70833333333333,47.916666666666664
2024-04-15,46.92916666666667,39.56666666666667,320.0833333333333,62.19166666666666,43.54583333333333,29.625,,0.125,,107.0,70.625
2024-04-16,31.6875,25.170833333333334,213.16666666666666,40.0625,23.65416666666667,56.875,,0.4583333333333333,,95.25,66.58333333333333
2024-04-17,28.7625,20.212500000000002,205.45833333333334,29.658333333333335,20.641666666666666,64.95833333333333,,4.291666666666667,,63.916666666666664,38.916666666666664
2024-04-18,32.74166666666667,24.104166666666668,203.54166666666666,35.63333333333333,18.45,54.708333333333336,,6.083333333333333,,80.75,59.291666666666664
2024-04-19,16.841666666666665,13.291666666666666,201.08333333333334,25.920833333333334,13.987499999999999,63.875,,0.08333333333333333,,63.25,38.958333333333336
2024-04-20,11.120833333333332,8.370833333333334,167.83333333333334,11.4375,5.820833333333333,79.125,,0.16666666666666666,,41.25,31.708333333333332
2024-04-21,23.712500000000002,17.224999999999998,228.83333333333334,30.05,22.9375,60.333333333333336,,0.0,,46.0,26.916666666666668
2024-04-22,27.541666666666668,18.979166666666668,220.5,27.97083333333333,20.829166666666666,69.83333333333333,,0.0,,60.458333333333336,35.083333333333336
2024-04-23,33.8125,24.195833333333336,207.29166666666666,22.820833333333336,16.595833333333335,72.5,,7.583333333333333,,72.375,50.291666666666664
2024-04-24,97.41250000000001,50.612500000000004,245.25,45.32916666666667,36.06666666666667,38.0,,59.666666666666664,,100.16666666666667,67.91666666666667
2024-04-25,132.11666666666667,64.79583333333333,293.625,59.2125,44.083333333333336,31.75,,67.29166666666667,,151.79166666666666,90.08333333333333
2024-04-26,51.1875,31.2,219.66666666666666,34.291666666666664,24.054166666666664,50.791666666666664,,10.625,,137.95833333333334,82.41666666666667
2024-04-27,17.087500000000002,12.295833333333334,171.875,14.445833333333333,7.429166666666667,73.58333333333333,,1.5416666666666667,,64.16666666666667,41.166666666666664
2024-04-28,15.833333333333334,12.237499999999999,175.25,12.029166666666667,6.695833333333333,74.79166666666667,,0.9583333333333334,,45.166666666666664,29.875
2024-04-29,18.454166666666666,12.833333333333334,178.83333333333334,13.945833333333333,8.829166666666667,69.66666666666667,,0.9166666666666666,,52.083333333333336,28.416666666666668
2024-04-30,22.7375,16.570833333333333,185.375,18.145833333333332,11.054166666666667,56.458333333333336,,3.375,,56.75,30.458333333333332
2024-05-01,20.195833333333333,14.670833333333334,167.54166666666666,10.558333333333334,5.479166666666667,67.70833333333333,,4.708333333333333,,55.75,29.375
2024-05-02,34.020833333333336,25.104166666666668,205.95833333333334,27.541666666666668,15.508333333333333,51.375,,6.708333333333333,,65.70833333333333,40.791666666666664
2024-05-03,37.02916666666667,28.295833333333334,217.08333333333334,39.675,22.683333333333334,44.625,,5.208333333333333,,84.75,62.666666666666664
2024-05-04,16.733333333333334,13.762500000000001,165.66666666666666,25.195833333333336,11.266666666666666,63.75,,1.4583333333333333,,67.875,43.666666666666664
2024-05-05,12.049999999999999,8.454166666666667,160.33333333333334,12.783333333333333,6.579166666666667,77.875,,0.08333333333333333,,46.791666666666664,31.166666666666668
2024-05-06,20.041666666666668,15.15,204.20833333333334,32.987500000000004,17.629166666666666,57.416666666666664,,0.0,,47.875,29.125
2024-05-07,38.954166666666666,32.37916666666667,254.16666666666666,52.25416666666666,30.45,39.333333333333336,,0.4583333333333333,,76.33333333333333,52.75
2024-05-08,32.49583333333333,26.995833333333334,205.66666666666666,43.42916666666667,24.15833333333333,49.875,,1.2083333333333333,,87.95833333333333,63.916666666666664
2024-05-09,20.4,14.729166666666666,158.5,13.108333333333334,6.5375000000000005,77.41666666666667,,0.875,,67.875,44.458333333333336
2024-05-10,14.766666666666666,10.404166666666667,154.95833333333334,8.645833333333334,4.654166666666667,85.66666666666667,,0.4166666666666667,,49.75,34.291666666666664
2024-05-11,13.979166666666666,9.475,168.125,11.987499999999999,5.758333333333333,78.95833333333333,,0.0,,39.208333333333336,31.666666666666668
2024-05-12,21.933333333333334,17.341666666666665,194.45833333333334,28.766666666666666,14.595833333333333,55.291666666666664,,0.4166666666666667,,55.375,30.208333333333332
2024-05-13,13.575000000000001,10.3125,163.45833333333334,19.454166666666666,8.845833333333333,63.666666666666664,,0.08333333333333333,,53.208333333333336,31.791666666666668
2024-05-14,16.650000000000002,13.266666666666666,185.58333333333334,28.4875,15.458333333333334,54.791666666666664,,0.0,,49.0,27.708333333333332
2024-05-15,12.045833333333334,9.558333333333334,166.91666666666666,18.025000000000002,9.3375,63.875,,0.0,,43.916666666666664,27.75
2024-05-16,13.229166666666666,10.433333333333334,171.66666666666666,17.270833333333332,9.233333333333333,66.79166666666667,,0.0,,40.375,27.166666666666668
2024-05-17,16.258333333333333,12.604166666666666,166.25,14.404166666666667,8.987499999999999,72.54166666666667,,0.7083333333333334,,48.25,29.0
2024-05-18,19.270833333333332,13.637500000000001,168.29166666666666,20.141666666666666,10.325000000000001,69.125,,1.625,,51.791666666666664,29.25
2024-05-19,19.704166666666666,14.008333333333333,156.5,19.504166666666666,8.975,63.541666666666664,,1.4583333333333333,,54.583333333333336,29.375
2024-05-20,19.07916666666667,13.891666666666666,155.25,15.041666666666666,8.137500000000001,72.875,,1.0,,53.791666666666664,30.791666666666668
2024-05-21,21.125,16.104166666666668,159.54166666666666,16.570833333333333,8.695833333333333,76.79166666666667,,0.25,,55.708333333333336,33.041666666666664
2024-05-22,24.166666666666668,18.420833333333334,172.125,21.083333333333332,13.370833333333332,72.54166666666667,,1.2916666666666667,,61.416666666666664,36.083333333333336
2024-05-23,18.866666666666667,13.9375,152.875,17.724999999999998,9.058333333333334,76.54166666666667,,2.1666666666666665,,59.041666666666664,35.25
2024-05-24,20.691666666666666,16.433333333333334,170.25,16.5,8.458333333333334,71.33333333333333,,0.75,,57.916666666666664,32.416666666666664
2024-05-25,19.120833333333334,12.908333333333333,162.875,13.85,6.841666666666666,64.45833333333333,,0.75,,55.166666666666664,30.166666666666668
2024-05-26,18.029166666666665,10.541666666666666,148.5,13.200000000000001,6.070833333333333,69.83333333333333,,1.9583333333333333,,48.041666666666664,30.0
2024-05-27,20.308333333333334,13.783333333333333,160.41666666666666,12.954166666666666,6.779166666666666,72.70833333333333,,3.875,,44.75,29.458333333333332
2024-05-28,57.75416666666666,35.954166666666666,203.25,23.724999999999998,13.241666666666667,52.416666666666664,,30.125,,75.0,50.958333333333336
2024-05-29,73.70833333333333,53.2125,273.0,46.10833333333333,28.099999999999998,41.041666666666664,,32.791666666666664,,136.29166666666666,80.125
2024-05-30,49.416666666666664,40.05416666666667,230.04166666666666,47.895833333333336,26.766666666666666,50.375,,11.25,,128.25,77.45833333333333
2024-05-31,33.42916666666667,28.0625,219.08333333333334,53.68333333333334,27.28333333333333,50.666666666666664,,2.3333333333333335,,90.66666666666667,64.95833333333333
2024-06-01,36.012499999999996,29.058333333333334,211.08333333333334,54.63333333333333,26.27916666666667,49.0,,2.7916666666666665,,87.5,63.75
2024-06-02,44.675000000000004,32.208333333333336,216.5,51.6625,27.487499999999997,49.916666666666664,,5.0,,86.25,63.208333333333336
2024-06-03,36.67916666666667,28.90833333333333,196.25,38.733333333333334,18.804166666666667,71.04166666666667,,2.5833333333333335,,93.45833333333333,65.95833333333333
2024-06-04,57.02916666666667,48.37916666666666,226.08333333333334,47.333333333333336,26.941666666666666,73.75,,3.25,,94.20833333333333,65.91666666666667
2024-06-05,38.645833333333336,25.454166666666666,168.58333333333334,24.129166666666666,11.291666666666666,70.33333333333333,,11.0,,122.20833333333333,75.45833333333333
2024-06-06,21.366666666666664,16.037499999999998,152.25,17.704166666666666,7.6625000000000005,80.375,,6.583333333333333,,65.375,42.75
2024-06-07,17.3125,12.233333333333334,158.04166666666666,14.241666666666667,5.858333333333333,84.0,,2.7916666666666665,,52.416666666666664,34.375
2024-06-08,17.866666666666667,13.512500000000001,152.875,12.450000000000001,5.641666666666667,85.5,,1.4166666666666667,,51.583333333333336,34.375
2024-06-09,21.379166666666666,15.549999999999999,150.91666666666666,17.525000000000002,7.129166666666666,80.33333333333333,,1.0,,55.916666666666664,34.041666666666664
2024-06-10,27.2,20.558333333333334,177.29166666666666,26.454166666666666,14.35,77.33333333333333,,0.7916666666666666,,61.416666666666664,38.041666666666664
2024-06-11,42.166666666666664,32.958333333333336,225.16666666666666,54.45416666666666,24.6125,67.25,,2.9166666666666665,,84.29166666666667,60.166666666666664
2024-06-12,43.525,28.8875,180.95833333333334,28.95,15.770833333333334,81.875,,11.583333333333334,,88.41666666666667,64.08333333333333
2024-06-13,54.10833333333333,33.99583333333333,192.625,28.125,13.945833333333333,90.0,,12.791666666666666,,88.54166666666667,64.0
2024-06-14,47.666666666666664,28.791666666666668,183.41666666666666,28.95,13.483333333333334,64.0,,19.208333333333332,,100.66666666666667,68.41666666666667
2024-06-15,15.258333333333333,11.766666666666666,163.45833333333334,19.175,8.779166666666667,61.083333333333336,,0.375,,64.45833333333333,42.583333333333336
2024-06-16,14.604166666666666,11.762500000000001,162.04166666666666,26.295833333333334,10.362499999999999,63.416666666666664,,0.0,,47.333333333333336,31.083333333333332
2024-06-17,15.416666666666666,12.375,153.41666666666666,23.870833333333334,11.1625,66.54166666666667,,0.0,,49.208333333333336,30.083333333333332
2024-06-18,12.4125,9.366666666666667,139.91666666666666,13.083333333333334,5.479166666666667,79.83333333333333,,0.0,,43.958333333333336,31.916666666666668
2024-06-19,13.479166666666666,9.775,138.29166666666666,10.825000000000001,4.9624999999999995,81.83333333333333,,0.25,,40.166666666666664,32.791666666666664
2024-06-20,16.025000000000002,11.608333333333334,148.45833333333334,12.820833333333333,5.966666666666666,83.45833333333333,,0.0,,44.541666666666664,33.458333333333336
2024-06-21,19.395833333333332,12.825000000000001,145.41666666666666,11.958333333333334,5.391666666666667,83.70833333333333,,0.20833333333333334,,51.291666666666664,33.625
2024-06-22,14.683333333333332,7.7875000000000005,121.91666666666667,9.416666666666666,4.183333333333334,88.45833333333333,,0.0,,45.125,35.333333333333336
2024-06-23,16.954166666666666,9.35,124.58333333333333,9.433333333333334,4.583333333333333,84.79166666666667,,0.7916666666666666,,39.75,33.916666666666664
2024-06-24,18.395833333333332,10.208333333333334,130.16666666666666,11.308333333333332,5.325,84.875,,1.125,,41.083333333333336,33.833333333333336
2024-06-25,18.595833333333335,11.9375,137.125,11.875,5.258333333333334,81.83333333333333,,2.4166666666666665,,46.75,32.75
2024-06-26,12.570833333333333,7.825,132.0,11.375,4.9375,79.33333333333333,,0.08333333333333333,,43.083333333333336,31.708333333333332
2024-06-27,15.483333333333334,10.950000000000001,136.125,10.270833333333334,4.933333333333334,83.66666666666667,,0.0,,40.166666666666664,33.416666666666664
2024-06-28,19.191666666666666,11.645833333333334,132.25,9.666666666666666,4.904166666666667,81.45833333333333,,0.0,,48.5,32.583333333333336
2024-06-29,15.9625,10.941666666666668,135.91666666666666,8.220833333333333,4.2749999999999995,87.70833333333333,,0.0,,45.416666666666664,35.208333333333336
2024-06-30,16.691666666666666,12.620833333333332,145.41666666666666,11.35,5.625,82.79166666666667,,0.5416666666666666,,50.666666666666664,33.0
2024-07-01,15.075000000000001,11.5,142.20833333333334,15.170833333333333,6.4375,69.375,,0.8333333333333334,,49.125,28.833333333333332
2024-07-02,20.233333333333334,16.345833333333335,157.25,21.954166666666666,8.9,73.25,,0.0,,54.166666666666664,33.666666666666664
2024-07-03,23.316666666666666,18.195833333333333,171.5,25.63333333333333,12.291666666666666,74.54166666666667,,1.375,,62.666666666666664,38.666666666666664
2024-07-04,15.404166666666667,10.604166666666666,152.0,15.65,5.891666666666667,75.58333333333333,,3.25,,51.875,32.833333333333336
2024-07-05,17.0625,12.795833333333334,162.33333333333334,26.254166666666666,9.433333333333334,64.45833333333333,,1.0833333333333333,,51.875,30.375
2024-07-06,14.916666666666666,10.9625,144.45833333333334,17.895833333333332,6.825,72.29166666666667,,0.16666666666666666,,43.125,31.666666666666668
2024-07-07,17.666666666666668,12.174999999999999,139.125,10.379166666666666,5.008333333333334,89.08333333333333,,0.4166666666666667,,49.25,35.75
2024-07-08,20.724999999999998,13.262500000000001,148.79166666666666,12.762500000000001,5.6499999999999995,86.70833333333333,,2.0,,51.458333333333336,35.041666666666664
2024-07-09,23.491666666666664,15.3125,154.25,13.004166666666668,6.2875000000000005,90.08333333333333,,2.1666666666666665,,54.0,36.5
2024-07-10,25.891666666666666,17.304166666666667,170.41666666666666,14.908333333333333,6.708333333333333,84.58333333333333,,3.75,,61.583333333333336,36.166666666666664
2024-07-11,21.25,16.658333333333335,158.04166666666666,19.433333333333334,7.091666666666666,73.125,,4.458333333333333,,59.375,35.041666666666664
2024-07-12,21.537499999999998,15.799999999999999,149.79166666666666,18.375,6.779166666666666,74.20833333333333,,4.916666666666667,,58.375,34.791666666666664
2024-07-13,23.425,15.9375,152.08333333333334,16.279166666666665,6.658333333333334,80.125,,5.125,,59.166666666666664,35.75
2024-07-14,14.770833333333334,9.745833333333334,129.33333333333334,13.583333333333334,5.8,83.33333333333333,,0.041666666666666664,,51.041666666666664,34.416666666666664
2024-07-15,14.416666666666666,10.570833333333333,138.0,15.012500000000001,6.270833333333333,80.5,,0.0,,42.041666666666664,32.375
2024-07-16,15.825000000000001,11.625,148.0,16.991666666666667,6.7875000000000005,76.58333333333333,,0.625,,47.25,30.75
2024-07-17,19.5,14.283333333333333,166.125,15.7875,6.529166666666666,86.5,,1.0,,51.125,35.041666666666664
2024-07-18,21.087500000000002,15.716666666666667,174.45833333333334,14.9625,6.370833333333334,90.70833333333333,,1.0,,57.583333333333336,37.666666666666664
2024-07-19,19.916666666666668,14.754166666666668,173.20833333333334,14.741666666666667,6.425,90.04166666666667,,0.7083333333333334,,55.666666666666664,38.625
2024-07-20,19.154166666666665,13.9,187.70833333333334,11.6625,5.583333333333333,101.33333333333333,,0.0,,57.125,41.833333333333336
2024-07-21,18.933333333333334,14.15,187.5,12.512500000000001,5.991666666666667,94.41666666666667,,0.0,,54.541666666666664,38.875
2024-07-22,18.3625,14.2125,188.125,20.304166666666667,7.983333333333333,82.83333333333333,,0.0,,54.916666666666664,36.125
2024-07-23,15.004166666666665,11.6625,182.54166666666666,15.891666666666666,6.2124999999999995,85.91666666666667,,0.041666666666666664,,52.208333333333336,35.458333333333336
2024-07-24,14.545833333333334,11.308333333333332,166.5,14.020833333333334,6.145833333333333,86.04166666666667,,0.0,,45.5,34.791666666666664
2024-07-25,12.808333333333332,9.370833333333334,149.25,13.933333333333332,6.066666666666666,82.375,,0.0,,46.041666666666664,33.0
2024-07-26,10.579166666666667,7.816666666666666,161.91666666666666,14.333333333333334,5.291666666666667,79.41666666666667,,0.0,,37.833333333333336,31.708333333333332
2024-07-27,13.445833333333333,9.458333333333334,173.125,18.658333333333335,6.866666666666667,72.125,,0.0,,38.875,30.0
2024-07-28,17.5,13.016666666666666,158.16666666666666,17.7375,6.675,74.08333333333333,,0.0,,46.666666666666664,30.708333333333332
2024-07-29,15.766666666666666,11.320833333333333,148.33333333333334,12.495833333333332,5.8875,87.625,,0.0,,48.0,35.333333333333336
2024-07-30,15.174999999999999,11.179166666666667,146.25,12.795833333333334,5.495833333333334,79.70833333333333,,0.0,,51.375,31.916666666666668
2024-07-31,10.7875,7.3999999999999995,144.375,16.029166666666665,6.070833333333333,69.54166666666667,,0.0,,37.583333333333336,28.041666666666668
2024-08-01,11.379166666666668,8.6375,153.95833333333334,14.725,5.708333333333333,70.54166666666667,,0.0,,36.041666666666664,28.208333333333332
2024-08-02,12.262500000000001,8.991666666666665,153.29166666666666,15.408333333333333,6.5,75.375,,0.0,,37.708333333333336,30.125
2024-08-03,16.245833333333334,11.591666666666667,162.0,24.462500000000002,9.045833333333333,67.125,,0.4166666666666667,,42.166666666666664,29.0
2024-08-04,17.275000000000002,12.2125,180.79166666666666,29.1125,10.450000000000001,62.875,,1.4583333333333333,,51.25,34.0
2024-08-05,13.9625,9.220833333333333,179.58333333333334,20.3,7.929166666666667,78.75,,0.7083333333333334,,45.875,32.833333333333336
2024-08-06,13.691666666666668,9.808333333333334,181.0,23.4375,9.058333333333334,66.08333333333333,,0.0,,39.791666666666664,28.625
2024-08-07,12.625,9.354166666666666,176.875,20.658333333333335,7.554166666666667,66.375,,0.0,,42.291666666666664,29.083333333333332
2024-08-08,12.049999999999999,8.424999999999999,184.375,22.166666666666668,8.466666666666667,70.29166666666667,,0.0,,38.541666666666664,30.541666666666668
2024-08-09,15.695833333333333,10.820833333333333,168.625,14.491666666666667,6.216666666666666,76.75,,0.0,,38.875,30.708333333333332
2024-08-10,18.408333333333335,12.654166666666667,170.04166666666666,14.025,6.404166666666666,81.83333333333333,,0.0,,49.791666666666664,32.791666666666664
2024-08-11,14.779166666666667,10.204166666666667,170.91666666666666,12.549999999999999,5.670833333333333,85.5,,0.0,,48.333333333333336,34.458333333333336
2024-08-12,15.341666666666667,10.279166666666667,176.125,14.4625,5.9624999999999995,82.91666666666667,,0.0,,42.958333333333336,33.333333333333336
2024-08-13,17.066666666666666,10.733333333333334,169.58333333333334,13.862499999999999,6.4750000000000005,81.79166666666667,,0.0,,44.375,32.791666666666664
2024-08-14,14.491666666666667,9.133333333333333,162.04166666666666,9.6625,4.229166666666667,88.66666666666667,,0.0,,42.75,35.5
2024-08-15,15.120833333333332,7.983333333333333,153.16666666666666,9.008333333333335,4.179166666666666,86.29166666666667,,0.0,,40.916666666666664,34.5
2024-08-16,14.441666666666668,8.325000000000001,155.0,11.445833333333333,5.320833333333334,82.58333333333333,,0.0,,37.25,33.0
2024-08-17,13.504166666666668,8.683333333333334,161.41666666666666,9.791666666666666,4.6125,91.29166666666667,,0.0,,42.208333333333336,36.5
2024-08-18,19.241666666666667,11.512500000000001,158.875,12.4,5.695833333333333,93.95833333333333,,0.0,,43.875,38.291666666666664
2024-08-19,21.491666666666664,14.924999999999999,180.66666666666666,24.104166666666668,10.033333333333333,82.91666666666667,,0.0,,52.791666666666664,35.625
2024-08-20,23.541666666666668,17.529166666666665,191.20833333333334,31.554166666666664,12.375,74.83333333333333,,0.3333333333333333,,60.375,39.0
2024-08-21,19.070833333333333,13.7875,170.79166666666666,19.787499999999998,7.879166666666666,76.29166666666667,,1.2916666666666667,,56.083333333333336,34.625
2024-08-22,20.245833333333334,15.066666666666668,181.45833333333334,23.825,10.204166666666667,72.08333333333333,,1.0416666666666667,,56.041666666666664,33.708333333333336
2024-08-23,21.945833333333336,15.583333333333334,188.25,21.787499999999998,9.654166666666667,76.375,,1.7916666666666667,,57.083333333333336,36.041666666666664
2024-08-24,18.341666666666665,12.166666666666666,192.33333333333334,15.450000000000001,6.6375,82.5,,0.5,,55.5,34.708333333333336
2024-08-25,19.341666666666665,12.804166666666667,177.41666666666666,14.237499999999999,6.470833333333334,80.29166666666667,,1.8333333333333333,,47.375,32.208333333333336
2024-08-26,19.474999999999998,14.045833333333334,186.25,15.6875,6.795833333333333,72.41666666666667,,2.5,,53.666666666666664,30.625
2024-08-27,20.6875,13.304166666666667,182.29166666666666,15.883333333333333,6.633333333333333,72.66666666666667,,7.5,,52.083333333333336,30.875
2024-08-28,24.245833333333334,16.9375,204.5,25.150000000000002,10.470833333333333,65.08333333333333,,4.25,,60.0,34.416666666666664
2024-08-29,33.487500000000004,28.2375,246.83333333333334,36.87916666666667,21.370833333333334,57.541666666666664,,1.6666666666666667,,70.58333333333333,47.5
2024-08-30,20.662499999999998,17.0125,223.25,23.474999999999998,9.304166666666667,58.25,,1.3333333333333333,,74.58333333333333,51.041666666666664
2024-08-31,19.120833333333334,15.225,209.625,17.370833333333334,9.458333333333334,64.33333333333333,,1.6666666666666667,,56.416666666666664,31.041666666666668
2024-09-01,14.891666666666666,11.924999999999999,198.95833333333334,22.775000000000002,8.670833333333333,64.58333333333333,,1.0,,53.125,30.083333333333332
2024-09-02,20.704166666666666,16.2625,213.54166666666666,30.6125,12.4125,56.041666666666664,,0.8333333333333334,,54.791666666666664,28.708333333333332
2024-09-03,39.270833333333336,29.77916666666667,241.33333333333334,35.170833333333334,19.4875,51.5,,6.5,,73.875,50.791666666666664
2024-09-04,41.31666666666667,28.287499999999998,221.66666666666666,30.008333333333336,13.416666666666666,55.833333333333336,,14.041666666666666,,85.875,63.125
2024-09-05,50.57916666666667,28.275000000000002,207.875,23.195833333333336,10.708333333333334,62.208333333333336,,25.125,,85.54166666666667,62.75
2024-09-06,48.17916666666667,27.758333333333336,216.41666666666666,27.379166666666666,12.370833333333332,59.333333333333336,,23.333333333333332,,84.04166666666667,62.375
2024-09-07,26.208333333333332,18.866666666666667,203.375,22.55,9.954166666666667,57.375,,9.166666666666666,,77.875,56.458333333333336
2024-09-08,21.454166666666666,13.6625,188.95833333333334,14.4375,5.3500000000000005,59.25,,3.9583333333333335,,55.583333333333336,30.208333333333332
2024-09-09,44.64166666666667,22.025000000000002,199.83333333333334,22.291666666666668,9.9,51.333333333333336,,25.541666666666668,,60.416666666666664,34.125
2024-09-10,43.6875,32.57083333333333,239.08333333333334,37.916666666666664,20.087500000000002,46.333333333333336,,12.875,,80.83333333333333,59.375
2024-09-11,37.00416666666667,30.325,234.20833333333334,47.512499999999996,24.912499999999998,45.666666666666664,,1.9166666666666667,,96.91666666666667,67.25
2024-09-12,23.875,18.1875,208.70833333333334,31.412499999999998,16.954166666666666,66.75,,0.5,,70.875,48.125
2024-09-13,36.020833333333336,28.474999999999998,239.58333333333334,55.479166666666664,27.3125,47.75,,0.75,,78.08333333333333,55.916666666666664
2024-09-14,23.037499999999998,14.4,167.875,24.537499999999998,11.170833333333334,70.5,,0.4583333333333333,,69.29166666666667,44.791666666666664
2024-09-15,17.7375,11.625,185.83333333333334,18.908333333333335,8.379166666666666,60.625,,0.0,,53.666666666666664,28.458333333333332
2024-09-16,22.070833333333336,16.075,213.625,33.733333333333334,17.004166666666666,53.75,,0.0,,51.708333333333336,29.541666666666668
2024-09-17,12.987499999999999,8.845833333333333,195.95833333333334,20.854166666666668,8.670833333333333,64.375,,0.0,,49.083333333333336,30.916666666666668
2024-09-18,19.6875,12.7875,181.79166666666666,21.070833333333333,9.308333333333334,57.0,,4.791666666666667,,39.833333333333336,24.208333333333332
2024-09-19,18.779166666666665,13.395833333333334,177.54166666666666,17.779166666666665,8.137500000000001,60.458333333333336,,2.4166666666666665,,55.041666666666664,29.083333333333332
2024-09-20,18.2,13.091666666666667,188.83333333333334,22.820833333333336,10.375,49.708333333333336,,1.4583333333333333,,53.5,28.041666666666668
2024-09-21,15.858333333333334,10.266666666666667,172.41666666666666,15.445833333333333,6.108333333333333,62.833333333333336,,0.9583333333333334,,45.375,26.541666666666668
2024-09-22,17.191666666666666,11.375,183.91666666666666,16.608333333333334,7.816666666666666,70.79166666666667,,0.4166666666666667,,42.125,28.75
2024-09-23,24.2375,19.05,216.0,25.445833333333336,12.679166666666667,54.416666666666664,,0.0,,58.583333333333336,32.041666666666664
2024-09-24,36.375,27.554166666666664,259.6666666666667,44.1875,24.558333333333334,42.166666666666664,,0.5833333333333334,,76.41666666666667,53.333333333333336
2024-09-25,25.183333333333334,19.358333333333334,215.625,33.875,15.725,47.583333333333336,,1.0,,71.91666666666667,48.125
2024-09-26,25.287499999999998,19.808333333333334,200.25,27.133333333333336,14.220833333333333,51.958333333333336,,2.125,,66.95833333333333,40.416666666666664
2024-09-27,22.329166666666666,17.495833333333334,181.04166666666666,23.358333333333334,10.262500000000001,55.916666666666664,,1.125,,62.5,36.333333333333336
2024-09-28,28.825,22.370833333333334,192.5,26.258333333333336,12.975,65.04166666666667,,1.1666666666666667,,66.0,40.458333333333336
2024-09-29,49.74166666666667,36.949999999999996,224.08333333333334,42.19166666666667,23.3875,50.708333333333336,,1.0,,82.95833333333333,60.041666666666664
2024-09-30,11.883333333333333,8.566666666666666,174.0,9.862499999999999,4.383333333333334,57.75,,0.041666666666666664,,78.625,52.708333333333336
2024-10-01,16.604166666666668,12.866666666666667,191.875,16.029166666666665,11.049999999999999,50.833333333333336,,0.5416666666666666,,42.833333333333336,21.791666666666668
2024-10-02,28.2,21.120833333333334,216.95833333333334,25.129166666666666,14.633333333333333,46.375,,3.25,,57.375,31.0
2024-10-03,46.0,35.87916666666667,270.7916666666667,47.208333333333336,28.241666666666664,31.541666666666668,,5.166666666666667,,86.79166666666667,61.958333333333336
2024-10-04,45.63333333333333,37.59166666666667,266.625,57.0625,32.012499999999996,33.958333333333336,,1.875,,107.375,70.79166666666667
2024-10-05,43.47083333333333,34.71666666666667,269.0833333333333,62.137499999999996,35.625,29.583333333333332,,2.7083333333333335,,98.91666666666667,67.875
2024-10-06,48.56666666666666,33.125,229.75,48.875,29.529166666666665,27.666666666666668,,10.208333333333334,,100.04166666666667,68.375
2024-10-07,20.675,15.200000000000001,190.41666666666666,27.72083333333333,15.549999999999999,50.375,,0.6666666666666666,,74.625,50.041666666666664
2024-10-08,16.291666666666668,12.237499999999999,206.58333333333334,25.46666666666667,12.512500000000001,59.666666666666664,,0.0,,53.208333333333336,30.0
2024-10-09,42.333333333333336,32.237500000000004,244.58333333333334,41.6625,33.025,46.625,,0.20833333333333334,,69.83333333333333,45.875
2024-10-10,32.8375,22.829166666666666,229.83333333333334,41.4125,26.175,49.833333333333336,,2.2083333333333335,,81.625,57.666666666666664
2024-10-11,41.525,25.224999999999998,230.16666666666666,47.604166666666664,26.962500000000002,35.083333333333336,,6.666666666666667,,77.0,58.25
2024-10-12,33.36666666666667,24.2375,211.45833333333334,32.05833333333333,18.508333333333333,35.125,,2.5833333333333335,,88.66666666666667,64.125
2024-10-13,15.670833333333334,9.2875,177.79166666666666,15.358333333333334,7.55,52.458333333333336,,0.0,,43.166666666666664,28.375
2024-10-14,26.2625,19.479166666666668,241.04166666666666,41.2875,23.208333333333332,31.583333333333332,,0.0,,55.541666666666664,30.333333333333332
2024-10-15,18.666666666666668,13.487499999999999,200.0,30.962500000000002,14.7875,47.0,,0.0,,60.583333333333336,34.458333333333336
2024-10-16,18.7375,13.174999999999999,193.20833333333334,24.979166666666668,13.166666666666666,47.0,,0.0,,54.125,28.0
2024-10-17,12.741666666666667,8.5875,181.83333333333334,12.108333333333334,6.6000000000000005,54.25,,0.0,,40.583333333333336,22.958333333333332
2024-10-18,13.695833333333333,8.4375,179.20833333333334,16.341666666666665,8.541666666666666,55.916666666666664,,0.0,,34.75,22.375
2024-10-19,14.520833333333334,9.979166666666666,185.875,25.429166666666664,11.241666666666667,46.958333333333336,,0.0,,39.166666666666664,21.208333333333332
2024-10-20,14.216666666666667,10.129166666666666,186.70833333333334,24.108333333333334,10.791666666666666,44.708333333333336,,1.0,,42.458333333333336,21.666666666666668
2024-10-21,15.5625,11.362499999999999,190.08333333333334,23.729166666666668,11.845833333333333,54.0,,1.0416666666666667,,41.291666666666664,23.458333333333332
2024-10-22,20.770833333333332,13.741666666666667,198.75,28.900000000000002,15.049999999999999,47.625,,1.6666666666666667,,52.583333333333336,26.708333333333332
2024-10-23,23.837500000000002,17.383333333333333,207.04166666666666,28.400000000000002,15.783333333333333,43.416666666666664,,2.625,,58.583333333333336,32.0
2024-10-24,19.470833333333335,14.108333333333334,193.58333333333334,24.491666666666664,13.475,55.166666666666664,,2.5,,57.5,31.5
2024-10-25,16.2625,12.066666666666668,193.375,20.383333333333333,10.420833333333333,53.75,,0.125,,53.25,27.583333333333332
2024-10-26,15.408333333333333,10.679166666666667,183.04166666666666,23.474999999999998,10.6875,57.291666666666664,,0.0,,45.291666666666664,26.0
2024-10-27,15.6625,11.270833333333334,177.08333333333334,17.229166666666668,9.870833333333334,60.875,,0.0,,44.708333333333336,24.666666666666668
2024-10-28,24.241666666666664,17.462500000000002,231.0,39.46666666666667,22.5625,37.25,,0.0,,54.375,28.25
2024-10-29,27.962500000000002,20.695833333333333,230.54166666666666,33.21666666666667,17.366666666666667,33.916666666666664,,1.5416666666666667,,64.33333333333333,37.458333333333336
2024-10-30,17.495833333333334,13.8125,186.58333333333334,17.854166666666668,9.695833333333333,56.916666666666664,,0.6666666666666666,,64.58333333333333,38.75
2024-10-31,15.183333333333332,10.733333333333334,187.54166666666666,22.724999999999998,11.4125,57.666666666666664,,0.0,,45.25,25.333333333333332
2024-11-01,22.020833333333332,16.55,222.91666666666666,29.7375,19.066666666666666,44.583333333333336,,0.0,,53.125,27.375
2024-11-02,65.87083333333334,53.99583333333334,366.3333333333333,45.979166666666664,46.425000000000004,24.208333333333332,,0.5833333333333334,,81.04166666666667,52.291666666666664
2024-11-03,30.016666666666666,20.295833333333334,238.79166666666666,22.945833333333336,18.241666666666667,51.041666666666664,,0.125,,134.41666666666666,80.70833333333333
2024-11-04,26.175,19.974999999999998,273.3333333333333,38.25416666666667,30.224999999999998,41.166666666666664,,0.0,,50.208333333333336,27.583333333333332
2024-11-05,17.179166666666667,11.570833333333333,213.125,24.370833333333334,15.679166666666667,49.541666666666664,,0.0,,66.125,40.833333333333336
2024-11-06,14.445833333333333,9.891666666666667,189.16666666666666,19.716666666666665,12.716666666666667,56.416666666666664,,0.0,,39.083333333333336,22.875
2024-11-07,15.929166666666667,10.35,181.95833333333334,18.662499999999998,12.075000000000001,58.0,,0.041666666666666664,,42.458333333333336,23.5
2024-11-08,15.5,10.3125,181.33333333333334,17.991666666666667,11.674999999999999,58.958333333333336,,0.75,,41.833333333333336,23.666666666666668
2024-11-09,17.579166666666666,12.924999999999999,194.75,14.941666666666668,9.970833333333333,52.291666666666664,,1.0833333333333333,,48.208333333333336,23.958333333333332
2024-11-10,16.570833333333333,11.879166666666668,190.91666666666666,15.2875,10.295833333333333,38.625,,0.75,,50.833333333333336,25.041666666666668
2024-11-11,30.116666666666664,24.3625,241.0,29.59166666666667,24.008333333333336,36.125,,0.3333333333333333,,56.5,30.583333333333332
2024-11-12,28.400000000000002,21.283333333333335,205.625,21.929166666666664,16.245833333333334,45.5,,1.3333333333333333,,80.45833333333333,60.166666666666664
2024-11-13,23.125,17.825,194.20833333333334,18.316666666666666,13.875,51.583333333333336,,2.0416666666666665,,65.125,38.458333333333336
2024-11-14,21.962500000000002,17.349999999999998,215.20833333333334,23.991666666666664,13.275,42.875,,0.7916666666666666,,59.041666666666664,32.541666666666664
2024-11-15,15.583333333333334,13.220833333333333,197.29166666666666,16.983333333333334,9.6625,48.791666666666664,,0.25,,61.416666666666664,34.75
2024-11-16,15.516666666666666,11.475,201.08333333333334,9.804166666666667,5.279166666666667,57.041666666666664,,0.16666666666666666,,49.833333333333336,24.416666666666668
2024-11-17,18.45,13.770833333333334,217.875,15.583333333333334,8.1875,56.125,,0.0,,41.666666666666664,23.708333333333332
2024-11-18,45.76666666666667,36.75,346.7916666666667,43.2125,31.458333333333332,25.625,,0.0,,73.625,49.291666666666664
2024-11-19,76.375,61.17916666666667,470.9583333333333,55.887499999999996,51.40833333333333,17.708333333333332,,0.041666666666666664,,131.625,79.125
2024-11-20,38.7125,30.491666666666664,253.0,28.254166666666666,17.308333333333334,46.166666666666664,,1.0416666666666667,,142.16666666666666,84.66666666666667
2024-11-21,21.816666666666666,15.970833333333333,195.83333333333334,17.004166666666666,11.195833333333333,59.625,,2.0,,56.083333333333336,32.291666666666664
2024-11-22,25.354166666666668,19.379166666666666,237.41666666666666,33.63333333333333,18.55,39.0,,0.375,,72.33333333333333,50.916666666666664
2024-11-23,13.15,9.416666666666666,172.04166666666666,9.825000000000001,5.129166666666666,63.333333333333336,,0.375,,44.958333333333336,27.0
2024-11-24,20.929166666666667,15.65,217.20833333333334,12.1875,8.004166666666666,58.541666666666664,,0.0,,44.791666666666664,24.541666666666668
2024-11-25,34.80416666666667,26.958333333333332,276.9166666666667,28.666666666666668,19.641666666666666,45.291666666666664,,0.0,,70.25,47.291666666666664
2024-11-26,46.46666666666667,36.80833333333333,377.4583333333333,42.7125,35.18333333333333,38.583333333333336,,0.0,,83.33333333333333,62.083333333333336
2024-11-27,46.92916666666667,36.84583333333333,319.3333333333333,38.545833333333334,29.34166666666667,34.0,,0.625,,121.5,75.29166666666667
2024-11-28,61.65833333333333,46.85833333333333,411.3333333333333,42.800000000000004,37.625,18.541666666666668,,1.125,,100.75,68.41666666666667
2024-11-29,68.0,55.083333333333336,438.6666666666667,55.354166666666664,45.37916666666666,13.333333333333334,,2.0416666666666665,,144.20833333333334,82.45833333333333
2024-11-30,49.05416666666667,38.19166666666667,261.9583333333333,37.90833333333333,26.420833333333334,32.791666666666664,,2.2083333333333335,,143.58333333333334,82.54166666666667
2024-12-01,23.233333333333334,14.391666666666666,182.41666666666666,9.358333333333333,8.583333333333334,68.70833333333333,,1.0416666666666667,,74.375,48.791666666666664
2024-12-02,25.795833333333334,17.591666666666665,208.58333333333334,15.495833333333332,15.6875,64.45833333333333,,1.0,,56.166666666666664,29.791666666666668
2024-12-03,26.545833333333334,18.55,230.0,18.537499999999998,14.658333333333333,56.25,,0.9583333333333334,,60.25,33.708333333333336
2024-12-04,28.558333333333334,23.15833333333333,287.0,34.90833333333333,26.34583333333333,45.541666666666664,,0.2916666666666667,,73.625,52.541666666666664
2024-12-05,26.075,19.891666666666666,301.5833333333333,28.633333333333336,25.241666666666664,39.416666666666664,,0.0,,65.79166666666667,39.833333333333336
2024-12-06,56.475,45.550000000000004,422.0833333333333,43.72083333333333,40.86666666666667,26.125,,0.125,,80.5,54.416666666666664
2024-12-07,38.975,28.775000000000002,275.0416666666667,38.52916666666667,22.46666666666667,28.916666666666668,,1.2083333333333333,,125.125,76.375
2024-12-08,42.545833333333334,34.0375,284.0833333333333,36.05833333333333,22.941666666666666,31.541666666666668,,2.375,,81.625,61.208333333333336
2024-12-09,26.758333333333336,21.7625,226.875,32.875,17.70416666666667,33.791666666666664,,2.0,,94.58333333333333,66.16666666666667
2024-12-10,40.49166666666667,30.983333333333334,262.3333333333333,37.895833333333336,21.59583333333333,32.541666666666664,,5.416666666666667,,72.45833333333333,49.166666666666664
2024-12-11,48.916666666666664,39.18333333333333,409.9166666666667,34.454166666666666,34.112500000000004,28.833333333333332,,0.041666666666666664,,86.58333333333333,63.375
2024-12-12,72.5125,59.92083333333333,529.8333333333334,37.09166666666667,46.550000000000004,20.083333333333332,,0.3333333333333333,,151.66666666666666,91.0
2024-12-13,40.479166666666664,31.195833333333336,355.5416666666667,30.204166666666666,32.94583333333333,27.916666666666668,,0.7916666666666666,,118.58333333333333,74.45833333333333
2024-12-14,45.53333333333333,34.291666666666664,338.0,40.09583333333333,30.791666666666668,42.916666666666664,,0.0,,74.95833333333333,51.125
2024-12-15,34.987500000000004,28.2,271.7916666666667,27.21666666666667,18.224999999999998,45.333333333333336,,0.4583333333333333,,96.33333333333333,66.95833333333333
2024-12-16,48.35833333333333,37.45,383.3333333333333,26.804166666666664,32.170833333333334,38.833333333333336,,0.041666666666666664,,86.83333333333333,63.375
2024-12-17,35.020833333333336,27.891666666666666,268.5,31.6875,27.608333333333334,40.041666666666664,,0.0,,108.25,70.875
2024-12-18,87.30833333333334,70.38333333333334,578.2083333333334,50.925000000000004,69.125,14.416666666666666,,0.0,,107.875,71.0
2024-12-19,89.925,75.1375,652.7916666666666,62.32083333333333,69.27083333333333,6.666666666666667,,0.0,,163.95833333333334,105.58333333333333
2024-12-20,45.354166666666664,37.208333333333336,335.75,48.237500000000004,39.987500000000004,18.041666666666668,,0.0,,147.70833333333334,87.54166666666667
2024-12-21,27.5,21.7625,237.16666666666666,33.87916666666667,19.345833333333335,38.0,,0.5416666666666666,,83.91666666666667,61.166666666666664
2024-12-22,26.775000000000002,21.575,261.0416666666667,21.2625,17.075,40.5,,0.0,,65.875,39.416666666666664
2024-12-23,40.1875,32.84166666666666,337.375,42.575,31.77916666666667,21.458333333333332,,0.0,,83.58333333333333,60.833333333333336
2024-12-24,47.916666666666664,37.637499999999996,379.6666666666667,46.041666666666664,31.162499999999998,29.458333333333332,,0.0,,88.16666666666667,63.958333333333336
2024-12-25,41.454166666666666,33.0625,340.7083333333333,44.6,36.18333333333333,22.0,,0.7916666666666666,,118.08333333333333,74.20833333333333
2024-12-26,24.808333333333334,15.508333333333333,207.08333333333334,17.079166666666666,10.479166666666666,46.416666666666664,,1.4583333333333333,,78.5,53.166666666666664
2024-12-27,16.375,10.866666666666667,218.91666666666666,12.0375,8.975,48.625,,0.041666666666666664,,47.791666666666664,23.416666666666668
2024-12-28,16.025000000000002,12.583333333333334,225.75,12.245833333333332,8.008333333333333,51.333333333333336,,0.041666666666666664,,47.916666666666664,23.333333333333332
2024-12-29,17.179166666666667,12.875,229.125,11.141666666666666,8.479166666666666,54.625,,0.20833333333333334,,51.958333333333336,25.833333333333332
2024-12-30,31.037499999999998,24.287499999999998,310.5,22.570833333333336,20.4,46.041666666666664,,0.125,,56.625,30.5
2024-12-31,57.27916666666667,46.125,437.9166666666667,45.35,39.833333333333336,27.291666666666668,,1.0,,95.29166666666667,66.375
2025-01-01,118.65833333333335,97.5625,737.0833333333334,71.78333333333333,93.19166666666666,7.125,,0.75,,155.41666666666666,95.45833333333333
2025-01-02,70.70416666666667,60.362500000000004,441.0833333333333,43.28333333333333,48.63333333333333,24.041666666666668,,1.125,,170.58333333333334,115.45833333333333
2025-01-03,25.425,18.625,215.08333333333334,18.591666666666665,14.075000000000001,62.791666666666664,,1.0,,95.70833333333333,64.16666666666667
2025-01-04,22.55,16.758333333333333,227.20833333333334,17.625,11.6625,54.75,,0.5,,59.25,32.625
2025-01-05,51.583333333333336,37.333333333333336,340.5833333333333,29.40833333333333,23.4875,49.0,,0.0,,64.0,38.041666666666664
2025-01-06,75.7,62.17083333333333,484.4166666666667,52.487500000000004,46.97083333333333,12.458333333333334,,0.0,,144.83333333333334,86.0
2025-01-07,34.82083333333333,27.825,275.4583333333333,37.30416666666667,26.541666666666668,37.666666666666664,,0.20833333333333334,,130.41666666666666,78.54166666666667
2025-01-08,27.5125,21.099999999999998,227.95833333333334,25.679166666666664,19.970833333333335,51.625,,1.0,,68.79166666666667,43.666666666666664
2025-01-09,62.12916666666666,50.32916666666667,460.9166666666667,49.699999999999996,55.775,23.166666666666668,,1.0,,87.375,61.25
2025-01-10,54.612500000000004,44.34583333333333,385.3333333333333,51.083333333333336,48.0,15.833333333333334,,1.125,,148.54166666666666,85.33333333333333
2025-01-11,24.879166666666666,19.358333333333334,237.41666666666666,25.416666666666668,16.39166666666667,40.791666666666664,,0.75,,94.04166666666667,64.58333333333333
2025-01-12,15.420833333333334,12.533333333333333,217.0,17.879166666666666,12.025,46.416666666666664,,0.0,,56.166666666666664,29.833333333333332
2025-01-13,10.766666666666666,8.608333333333333,213.08333333333334,11.908333333333333,8.85,59.041666666666664,,0.0,,41.375,23.875
2025-01-14,13.416666666666666,10.2125,221.91666666666666,12.879166666666668,10.762500000000001,57.666666666666664,,0.0,,38.75,23.0
2025-01-15,17.595833333333335,12.833333333333334,233.70833333333334,14.262500000000001,11.320833333333333,54.625,,0.0,,46.791666666666664,23.166666666666668
2025-01-16,31.224999999999998,24.22083333333333,301.0833333333333,21.150000000000002,18.329166666666666,45.833333333333336,,0.0,,55.291666666666664,29.208333333333332
2025-01-17,55.09166666666667,42.50416666666667,440.4166666666667,40.545833333333334,36.96666666666667,33.625,,0.0,,94.5,66.125
2025-01-18,73.91250000000001,61.229166666666664,518.1666666666666,46.10833333333333,45.4625,22.333333333333332,,0.0,,141.45833333333334,81.875
2025-01-19,105.80416666666667,89.7,637.7083333333334,56.175000000000004,60.145833333333336,13.791666666666666,,0.0,,162.79166666666666,103.75
2025-01-20,42.737500000000004,33.166666666666664,356.25,38.84583333333333,30.379166666666666,34.541666666666664,,0.0,,149.0,90.83333333333333
2025-01-21,100.82916666666667,81.45,653.4583333333334,53.88333333333333,81.93333333333334,21.125,,0.0,,102.70833333333333,69.58333333333333
2025-01-22,106.99583333333334,87.21666666666665,700.875,59.87916666666666,78.80416666666666,7.625,,0.5833333333333334,,171.54166666666666,117.0
2025-01-23,126.45833333333333,104.99166666666667,756.7916666666666,56.458333333333336,71.81666666666666,8.416666666666666,,0.0,,177.25,125.79166666666667
2025-01-24,66.20833333333333,53.67916666666667,429.0833333333333,52.24583333333334,43.95416666666667,20.583333333333332,,0.5,,158.0,96.70833333333333
2025-01-25,51.72083333333333,41.0875,373.125,40.25833333333333,28.45,24.958333333333332,,0.4583333333333333,,130.79166666666666,78.25
2025-01-26,73.77499999999999,61.30833333333334,499.625,41.86666666666667,35.420833333333334,19.083333333333332,,0.0,,140.375,81.625
2025-01-27,111.74583333333334,92.07083333333333,706.0416666666666,57.770833333333336,73.22500000000001,8.125,,0.625,,161.20833333333334,101.45833333333333
2025-01-28,72.8875,61.06666666666666,494.0416666666667,56.57916666666667,54.34166666666667,15.125,,0.9166666666666666,,163.29166666666666,104.70833333333333
2025-01-29,37.416666666666664,30.566666666666666,291.125,35.141666666666666,25.629166666666666,45.708333333333336,,1.0,,114.29166666666667,73.04166666666667
2025-01-30,90.54166666666667,73.55,582.0,64.09583333333333,66.94583333333334,11.833333333333334,,1.0,,113.08333333333333,72.875
2025-01-31,117.92083333333333,98.51249999999999,737.125,65.08749999999999,87.21666666666665,6.291666666666667,,1.0,,172.33333333333334,118.33333333333333
2025-02-01,85.075,66.125,463.0416666666667,50.54583333333333,51.80833333333334,11.291666666666666,,1.2916666666666667,,164.16666666666666,105.875
2025-02-02,48.57083333333333,36.800000000000004,322.125,29.633333333333336,23.741666666666664,37.666666666666664,,2.0,,135.29166666666666,80.83333333333333
2025-02-03,79.85833333333333,64.95,428.25,45.166666666666664,47.50833333333333,19.583333333333332,,1.75,,139.875,85.16666666666667
2025-02-04,16.375,12.329166666666666,230.58333333333334,11.908333333333333,10.254166666666666,61.875,,0.0,,98.75,58.916666666666664
2025-02-05,17.566666666666666,12.608333333333334,233.20833333333334,13.125,11.841666666666667,55.541666666666664,,0.0,,51.833333333333336,25.833333333333332
2025-02-06,15.012500000000001,11.450000000000001,234.75,11.304166666666667,9.970833333333333,54.541666666666664,,0.0,,49.875,24.583333333333332
2025-02-07,21.95,16.3125,262.9583333333333,16.587500000000002,14.3125,54.666666666666664,,0.0,,52.625,26.583333333333332
2025-02-08,20.420833333333334,15.095833333333333,255.83333333333334,16.1875,11.237499999999999,62.583333333333336,,0.0,,59.458333333333336,32.958333333333336
2025-02-09,17.224999999999998,12.629166666666668,230.625,11.741666666666667,9.262500000000001,70.08333333333333,,0.0,,53.125,28.75
2025-02-10,22.925,17.474999999999998,265.8333333333333,19.591666666666665,15.270833333333334,70.79166666666667,,0.041666666666666664,,55.958333333333336,31.375
2025-02-11,38.5375,29.895833333333332,386.125,35.354166666666664,28.316666666666666,49.625,,0.08333333333333333,,67.41666666666667,41.625
2025-02-12,41.020833333333336,33.50416666666667,396.7083333333333,39.12083333333333,35.61666666666667,37.791666666666664,,0.0,,107.41666666666667,70.66666666666667
2025-02-13,54.2875,40.520833333333336,430.8333333333333,40.93333333333333,37.85,48.291666666666664,,0.9166666666666666,,83.54166666666667,60.375
2025-02-14,53.225,44.225,415.6666666666667,55.24166666666667,37.4,32.666666666666664,,1.0,,135.91666666666666,79.70833333333333
2025-02-15,31.520833333333332,25.97083333333333,271.8333333333333,32.99583333333333,19.133333333333333,43.25,,1.2083333333333333,,95.58333333333333,66.54166666666667
2025-02-16,26.849999999999998,21.283333333333335,298.5416666666667,24.599999999999998,14.979166666666666,41.458333333333336,,0.3333333333333333,,75.08333333333333,55.208333333333336
2025-02-17,17.212500000000002,13.683333333333332,252.25,20.162499999999998,13.279166666666667,58.041666666666664,,0.08333333333333333,,64.91666666666667,38.958333333333336
2025-02-18,23.833333333333332,15.887500000000001,253.04166666666666,18.370833333333334,13.7125,66.95833333333333,,0.0,,51.458333333333336,27.666666666666668
2025-02-19,21.179166666666667,14.320833333333333,237.95833333333334,19.920833333333334,15.4625,69.375,,0.0,,61.375,34.666666666666664
2025-02-20,22.45,17.879166666666666,272.5,16.583333333333332,14.4625,71.83333333333333,,0.0,,53.541666666666664,30.583333333333332
2025-02-21,18.133333333333333,13.991666666666667,251.41666666666666,15.25,11.208333333333334,66.79166666666667,,0.0,,64.25,37.458333333333336
2025-02-22,35.05416666666667,26.34166666666667,315.0,26.641666666666666,20.216666666666665,61.208333333333336,,0.0,,55.75,31.541666666666668
2025-02-23,55.62083333333334,43.541666666666664,438.9166666666667,46.175000000000004,38.770833333333336,42.166666666666664,,0.0,,99.45833333333333,68.08333333333333
2025-02-24,93.4875,74.10416666666667,639.6666666666666,69.5125,75.43333333333332,28.791666666666668,,0.0,,143.83333333333334,84.04166666666667
2025-02-25,68.77916666666667,55.35,492.9583333333333,54.1875,50.0625,40.791666666666664,,0.0,,158.29166666666666,97.0
2025-02-26,78.27499999999999,63.145833333333336,537.125,62.833333333333336,61.637499999999996,25.541666666666668,,0.0,,147.79166666666666,85.20833333333333
2025-02-27,70.92083333333333,58.112500000000004,538.6666666666666,66.37916666666666,58.15,21.916666666666668,,0.0,,154.125,90.83333333333333
2025-02-28,57.50416666666666,47.63333333333333,435.9583333333333,50.81666666666666,39.2125,32.75,,0.0,,151.08333333333334,87.16666666666667
2025-03-01,29.708333333333332,22.46666666666667,268.7083333333333,24.008333333333336,15.441666666666665,66.83333333333333,,0.041666666666666664,,87.70833333333333,60.5
2025-03-02,44.67916666666667,35.11666666666667,338.0833333333333,42.525,26.283333333333335,40.291666666666664,,0.0,,92.41666666666667,64.54166666666667
2025-03-03,20.758333333333333,15.633333333333333,280.875,15.85,10.804166666666667,58.208333333333336,,0.0,,74.16666666666667,48.916666666666664
2025-03-04,21.6375,16.441666666666666,276.9583333333333,17.216666666666665,12.516666666666666,71.0,,0.0,,57.25,31.583333333333332
2025-03-05,25.3625,19.5625,273.5833333333333,23.316666666666666,15.012500000000001,63.291666666666664,,0.0,,63.458333333333336,36.625
2025-03-06,31.666666666666668,25.016666666666666,296.8333333333333,31.8,23.15416666666667,56.875,,0.0,,72.33333333333333,50.0
2025-03-07,28.3,23.445833333333336,263.0416666666667,26.258333333333336,17.254166666666666,69.66666666666667,,0.0,,75.75,56.541666666666664
2025-03-08,29.495833333333334,23.691666666666666,238.83333333333334,22.275000000000002,15.283333333333333,67.25,,0.2916666666666667,,76.08333333333333,56.958333333333336
2025-03-09,55.666666666666664,42.666666666666664,336.5416666666667,35.50416666666667,25.004166666666666,46.166666666666664,,0.5833333333333334,,85.04166666666667,60.958333333333336
2025-03-10,86.05,72.86666666666666,495.4583333333333,59.6,45.12083333333334,26.875,,1.0,,149.41666666666666,88.75
2025-03-11,52.78333333333333,43.84583333333333,288.0,41.05416666666667,27.03333333333333,54.625,,1.1666666666666667,,153.75,91.75
2025-03-12,42.31666666666667,27.9375,228.875,28.65833333333333,20.579166666666666,61.833333333333336,,11.458333333333334,,85.95833333333333,62.375
2025-03-13,49.65,34.583333333333336,257.5416666666667,43.791666666666664,26.808333333333334,38.125,,13.083333333333334,,94.45833333333333,66.29166666666667
2025-03-14,57.75,39.262499999999996,256.1666666666667,43.32083333333333,27.454166666666666,47.0,,13.041666666666666,,98.91666666666667,67.95833333333333
2025-03-15,59.21666666666667,37.46666666666666,240.95833333333334,36.86666666666667,20.816666666666666,44.833333333333336,,21.208333333333332,,110.0,71.58333333333333
2025-03-16,47.15,28.712500000000002,187.79166666666666,24.087500000000002,14.475,57.25,,22.916666666666668,,95.83333333333333,66.83333333333333
2025-03-17,70.89166666666667,48.475,291.5416666666667,40.233333333333334,34.52916666666667,37.916666666666664,,21.541666666666668,,114.0,72.75
2025-03-18,15.516666666666666,11.8125,216.5,10.866666666666667,7.6125,66.0,,0.2916666666666667,,89.95833333333333,58.375
2025-03-19,18.837500000000002,12.6625,232.625,13.2125,10.645833333333334,83.875,,0.0,,42.083333333333336,34.041666666666664
2025-03-20,30.804166666666664,23.866666666666664,277.5,23.120833333333334,15.741666666666667,62.75,,0.0,,64.625,39.416666666666664
2025-03-21,41.704166666666666,30.59583333333333,349.1666666666667,40.09583333333334,31.837500000000002,49.958333333333336,,0.0,,76.875,57.666666666666664
2025-03-22,67.37083333333334,51.69166666666666,455.5,54.46666666666667,41.82083333333333,36.375,,0.0,,129.0,77.66666666666667
2025-03-23,54.18333333333334,44.00833333333333,359.5416666666667,53.04583333333333,33.87083333333333,36.291666666666664,,0.2916666666666667,,122.95833333333333,75.75
2025-03-24,36.225,24.645833333333332,233.20833333333334,29.5,18.162499999999998,63.25,,9.791666666666666,,97.41666666666667,67.125
2025-03-25,49.1875,30.46666666666667,259.0,35.40416666666667,26.858333333333334,51.958333333333336,,7.75,,79.91666666666667,60.208333333333336
2025-03-26,71.71666666666667,47.35833333333333,363.5833333333333,56.708333333333336,41.8375,26.875,,17.958333333333332,,102.95833333333333,69.16666666666667
2025-03-27,72.69583333333334,42.28333333333333,329.3333333333333,41.72083333333333,33.7875,38.041666666666664,,25.833333333333332,,140.58333333333334,81.25
2025-03-28,55.43333333333334,33.34583333333333,263.5,27.479166666666668,20.575,53.75,,16.75,,95.79166666666667,66.70833333333333
2025-03-29,57.24583333333334,43.525,334.5,42.541666666666664,30.587500000000002,42.875,,3.125,,119.79166666666667,74.70833333333333
2025-03-30,51.725,41.387499999999996,316.1666666666667,50.512499999999996,30.245833333333334,36.916666666666664,,1.1666666666666667,,111.875,72.20833333333333
2025-03-31,45.949999999999996,36.56666666666667,317.75,44.62083333333334,28.4375,42.875,,0.9583333333333334,,109.125,71.29166666666667
2025-04-01,36.704166666666666,26.945833333333336,230.5,26.366666666666664,14.7875,54.375,,7.041666666666667,,91.45833333333333,65.16666666666667
2025-04-02,27.7,21.9875,212.875,24.308333333333334,12.275,50.875,,4.083333333333333,,76.83333333333333,57.875
2025-04-03,21.120833333333334,17.095833333333335,235.33333333333334,21.349999999999998,11.266666666666666,51.833333333333336,,0.8333333333333334,,63.0,37.291666666666664
2025-04-04,33.987500000000004,26.491666666666664,300.5833333333333,35.74166666666667,18.904166666666665,39.75,,1.6666666666666667,,73.0,51.791666666666664
2025-04-05,49.520833333333336,38.329166666666666,324.1666666666667,42.7125,22.474999999999998,32.625,,2.25,,92.08333333333333,65.33333333333333
2025-04-06,21.420833333333334,17.0125,194.41666666666666,16.325,7.379166666666666,67.08333333333333,,1.4166666666666667,,87.95833333333333,61.291666666666664
2025-04-07,10.958333333333334,8.170833333333333,192.29166666666666,12.266666666666666,5.858333333333333,69.79166666666667,,0.0,,46.083333333333336,29.416666666666668
2025-04-08,17.1375,13.737499999999999,212.33333333333334,14.575000000000001,8.220833333333333,79.625,,0.0,,43.208333333333336,32.166666666666664
2025-04-09,26.679166666666664,21.0,260.4583333333333,24.22083333333333,14.883333333333333,75.29166666666667,,0.2916666666666667,,56.791666666666664,34.041666666666664
2025-04-10,31.229166666666668,23.629166666666666,234.54166666666666,27.554166666666664,16.266666666666666,76.08333333333333,,0.4583333333333333,,82.58333333333333,60.708333333333336
2025-04-11,15.079166666666666,11.920833333333334,195.04166666666666,10.725,8.416666666666666,81.95833333333333,,0.0,,56.208333333333336,35.458333333333336
2025-04-12,19.379166666666666,14.870833333333332,202.16666666666666,16.179166666666667,9.5625,77.20833333333333,,0.0,,52.708333333333336,31.916666666666668
2025-04-13,42.65833333333334,32.92916666666667,290.2083333333333,36.34166666666666,20.474999999999998,51.75,,0.0,,73.70833333333333,50.833333333333336
2025-04-14,29.991666666666664,23.104166666666668,263.9166666666667,33.954166666666666,17.891666666666666,58.583333333333336,,0.0,,92.91666666666667,65.66666666666667
2025-04-15,19.766666666666666,14.854166666666666,221.45833333333334,17.391666666666666,12.033333333333333,81.375,,0.0,,57.208333333333336,36.166666666666664
2025-04-16,27.72083333333333,20.587500000000002,237.625,22.704166666666666,15.645833333333334,74.16666666666667,,1.9166666666666667,,64.29166666666667,38.041666666666664
2025-04-17,19.679166666666667,14.016666666666666,197.75,16.849999999999998,9.970833333333333,72.83333333333333,,2.2916666666666665,,60.333333333333336,36.041666666666664
2025-04-18,27.78333333333333,19.558333333333334,216.91666666666666,20.941666666666666,12.887500000000001,62.25,,3.875,,57.708333333333336,31.208333333333332
2025-04-19,35.80416666666667,26.304166666666664,215.58333333333334,21.354166666666668,12.387500000000001,64.0,,5.041666666666667,,77.54166666666667,56.958333333333336
2025-04-20,37.6625,27.55,234.04166666666666,27.570833333333336,16.2375,61.083333333333336,,4.666666666666667,,76.25,56.666666666666664
2025-04-21,51.65416666666667,38.30416666666667,296.0833333333333,40.329166666666666,27.233333333333334,49.291666666666664,,6.208333333333333,,106.41666666666667,70.29166666666667
2025-04-22,25.8,18.991666666666667,189.54166666666666,18.029166666666665,11.1625,77.25,,5.166666666666667,,79.70833333333333,52.375
2025-04-23,24.416666666666668,17.825,177.0,15.808333333333332,7.7375,79.66666666666667,,4.541666666666667,,62.666666666666664,36.5
2025-04-24,23.03333333333333,17.412499999999998,177.20833333333334,15.508333333333333,7.654166666666666,78.20833333333333,,3.2083333333333335,,61.291666666666664,35.375
2025-04-25,56.2125,44.07083333333333,288.8333333333333,40.375,30.195833333333336,52.625,,4.875,,81.16666666666667,55.166666666666664
2025-04-26,58.5875,47.291666666666664,316.9166666666667,48.21666666666667,30.729166666666668,47.625,,5.708333333333333,,145.20833333333334,83.125
2025-04-27,23.837500000000002,17.216666666666665,192.0,14.016666666666666,6.3500000000000005,70.91666666666667,,2.1666666666666665,,91.33333333333333,62.625
2025-04-28,14.295833333333334,8.641666666666667,173.70833333333334,6.316666666666666,4.208333333333333,90.66666666666667,,0.125,,46.708333333333336,36.458333333333336
2025-04-29,15.154166666666667,9.125,177.08333333333334,7.3374999999999995,4.7124999999999995,97.5,,0.0,,44.25,39.333333333333336
2025-04-30,18.454166666666666,12.320833333333333,188.04166666666666,8.45,5.2749999999999995,96.70833333333333,,0.0,,48.708333333333336,38.875
2025-05-01,14.833333333333334,11.379166666666668,170.66666666666666,9.5625,3.75,89.66666666666667,,0.5833333333333334,,47.291666666666664,35.75
2025-05-02,18.095833333333335,13.470833333333333,181.5,16.9375,6.333333333333333,74.16666666666667,,0.75,,51.458333333333336,30.0
2025-05-03,16.320833333333333,11.1875,178.125,16.7,6.075,72.08333333333333,,0.041666666666666664,,48.708333333333336,29.708333333333332
2025-05-04,35.61666666666667,28.170833333333334,256.6666666666667,46.69583333333333,17.1125,44.625,,0.875,,66.58333333333333,43.333333333333336
2025-05-05,37.71666666666666,31.854166666666668,248.0,51.90833333333333,16.583333333333332,50.541666666666664,,1.0,,92.83333333333333,65.75
2025-05-06,37.270833333333336,25.787499999999998,203.66666666666666,44.44166666666666,15.525,58.416666666666664,,5.0,,82.95833333333333,61.958333333333336
2025-05-07,46.1625,25.266666666666666,179.125,30.0625,12.825000000000001,64.29166666666667,,19.166666666666668,,76.125,56.625
2025-05-08,44.9,28.316666666666666,195.91666666666666,28.233333333333334,13.683333333333332,58.75,,18.291666666666668,,84.75,62.666666666666664
2025-05-09,36.25,25.212500000000002,190.875,25.120833333333334,11.604166666666666,63.208333333333336,,9.416666666666666,,87.95833333333333,63.791666666666664
2025-05-10,10.595833333333333,7.829166666666667,156.0,8.295833333333333,2.525,76.79166666666667,,1.1666666666666667,,50.125,34.166666666666664
2025-05-11,11.4125,7.8374999999999995,157.08333333333334,9.479166666666666,3.483333333333333,77.875,,0.16666666666666666,,35.958333333333336,31.208333333333332
2025-05-12,16.141666666666666,12.266666666666666,172.875,20.479166666666668,7.95,65.5,,0.6666666666666666,,46.0,27.666666666666668
2025-05-13,10.470833333333333,7.45,157.375,10.362499999999999,3.8083333333333336,78.79166666666667,,0.3333333333333333,,41.666666666666664,31.541666666666668
2025-05-14,10.416666666666666,8.033333333333333,168.66666666666666,13.420833333333333,5.129166666666666,74.45833333333333,,0.0,,35.583333333333336,29.916666666666668
2025-05-15,24.570833333333336,19.2375,214.125,37.079166666666666,13.079166666666666,56.166666666666664,,0.0,,51.625,29.708333333333332
2025-05-16,31.920833333333334,25.620833333333334,211.625,38.59166666666667,14.595833333333333,52.625,,2.4166666666666665,,77.25,57.416666666666664
2025-05-17,27.745833333333334,18.333333333333332,161.70833333333334,21.72083333333333,7.095833333333334,67.625,,11.708333333333334,,67.54166666666667,42.375
2025-05-18,26.02916666666667,21.587500000000002,207.75,36.25416666666667,10.7125,49.833333333333336,,0.5416666666666666,,64.91666666666667,38.291666666666664
2025-05-19,24.316666666666666,20.004166666666666,206.08333333333334,42.108333333333334,12.0875,58.916666666666664,,0.0,,69.16666666666667,44.083333333333336
2025-05-20,20.087500000000002,16.295833333333334,188.58333333333334,26.541666666666668,10.704166666666666,64.70833333333333,,0.0,,65.375,38.916666666666664
2025-05-21,27.816666666666666,22.733333333333334,219.20833333333334,34.69583333333333,13.775,64.5,,0.4166666666666667,,65.41666666666667,41.125
2025-05-22,36.295833333333334,26.84166666666667,216.29166666666666,38.96666666666667,15.033333333333333,62.375,,5.875,,74.33333333333333,53.541666666666664
2025-05-23,60.80833333333333,37.708333333333336,238.45833333333334,48.09583333333333,25.150000000000002,55.333333333333336,,20.458333333333332,,100.41666666666667,68.375
2025-05-24,45.362500000000004,28.65833333333333,175.29166666666666,31.804166666666664,11.262500000000001,68.0,,15.583333333333334,,93.20833333333333,65.83333333333333
2025-05-25,40.0875,23.662499999999998,161.375,16.991666666666667,7.2375,70.29166666666667,,17.375,,79.125,60.083333333333336
2025-05-26,34.5625,22.84583333333333,169.0,21.037499999999998,10.254166666666666,54.541666666666664,,12.125,,75.41666666666667,55.833333333333336
2025-05-27,23.058333333333334,18.033333333333335,183.70833333333334,23.129166666666666,12.733333333333334,63.458333333333336,,0.2916666666666667,,63.375,38.75
2025-05-28,36.05416666666667,27.90416666666667,223.54166666666666,34.3375,18.087500000000002,51.375,,0.0,,72.16666666666667,49.625
2025-05-29,35.1,27.5625,235.75,34.40833333333333,14.941666666666668,54.083333333333336,,0.16666666666666666,,95.875,66.75
2025-05-30,17.816666666666666,14.920833333333334,172.91666666666666,20.333333333333332,6.2749999999999995,70.83333333333333,,0.20833333333333334,,62.083333333333336,39.666666666666664
2025-05-31,13.9375,10.2875,151.08333333333334,11.133333333333333,3.108333333333333,75.95833333333333,,0.041666666666666664,,48.708333333333336,30.5
2025-06-01,14.012500000000001,10.387500000000001,148.25,13.445833333333333,3.529166666666667,67.875,,0.041666666666666664,,41.25,27.208333333333332
2025-06-02,18.770833333333332,14.595833333333333,165.0,19.241666666666667,5.433333333333334,69.45833333333333,,0.5,,51.125,29.083333333333332
2025-06-03,24.008333333333336,18.054166666666667,183.58333333333334,29.650000000000002,10.725,60.541666666666664,,1.0,,58.041666666666664,33.916666666666664
2025-06-04,34.800000000000004,27.758333333333336,202.08333333333334,35.97083333333333,15.833333333333334,57.75,,1.0,,76.33333333333333,53.5
2025-06-05,17.474999999999998,13.854166666666666,147.08333333333334,15.583333333333334,6.3999999999999995,80.875,,1.0,,68.16666666666667,48.0
2025-06-06,15.75,11.612499999999999,141.95833333333334,10.908333333333333,3.275,87.54166666666667,,0.875,,48.708333333333336,35.083333333333336
2025-06-07,17.758333333333333,12.308333333333332,147.75,9.325000000000001,2.8958333333333335,95.58333333333333,,0.5833333333333334,,49.25,39.541666666666664
2025-06-08,20.558333333333334,13.541666666666666,152.20833333333334,10.508333333333333,3.3249999999999997,98.41666666666667,,0.5833333333333334,,52.541666666666664,40.416666666666664
2025-06-09,20.429166666666667,14.958333333333334,160.25,14.316666666666668,3.8874999999999997,93.54166666666667,,1.1666666666666667,,56.125,38.75
2025-06-10,18.808333333333334,13.200000000000001,156.29166666666666,11.825000000000001,3.15,82.45833333333333,,1.5833333333333333,,54.708333333333336,34.166666666666664
2025-06-11,18.829166666666666,11.595833333333333,163.70833333333334,9.679166666666667,3.141666666666667,86.5,,1.1666666666666667,,48.458333333333336,34.75
2025-06-12,18.866666666666667,14.291666666666666,175.04166666666666,13.758333333333333,3.783333333333333,83.29166666666667,,1.2916666666666667,,53.25,34.125
2025-06-13,14.266666666666666,10.966666666666667,178.95833333333334,9.366666666666667,2.7125,87.79166666666667,,0.5833333333333334,,51.5,35.541666666666664
2025-06-14,11.745833333333332,8.5,172.29166666666666,9.3,2.5416666666666665,87.91666666666667,,0.25,,42.916666666666664,35.166666666666664
2025-06-15,10.808333333333332,8.2875,167.875,14.637500000000001,3.7083333333333335,71.16666666666667,,0.0,,37.291666666666664,28.375
2025-06-16,16.1375,12.858333333333334,188.66666666666666,24.175,7.058333333333334,61.791666666666664,,0.16666666666666666,,46.208333333333336,27.875
2025-06-17,18.070833333333333,13.829166666666666,194.91666666666666,27.84583333333333,9.025,66.95833333333333,,1.0,,51.666666666666664,31.916666666666668
2025-06-18,17.566666666666666,13.4,174.33333333333334,19.391666666666666,5.320833333333334,78.91666666666667,,1.0,,53.708333333333336,36.5
2025-06-19,13.683333333333332,10.4,180.625,13.441666666666665,3.8125,78.91666666666667,,1.0,,49.125,31.666666666666668
2025-06-20,29.474999999999998,24.166666666666668,216.79166666666666,28.233333333333334,10.354166666666666,66.54166666666667,,1.0416666666666667,,60.541666666666664,38.583333333333336
2025-06-21,12.008333333333333,7.829166666666667,163.625,6.533333333333334,1.825,79.54166666666667,,0.08333333333333333,,56.75,40.375
2025-06-22,8.65,6.2625,162.5,9.741666666666667,2.5500000000000003,70.29166666666667,,0.0,,33.791666666666664,28.083333333333332
2025-06-23,21.833333333333332,17.5,205.58333333333334,29.441666666666666,10.070833333333333,62.291666666666664,,0.375,,47.875,31.125
2025-06-24,19.266666666666666,13.825000000000001,192.91666666666666,24.175,7.641666666666667,68.54166666666667,,1.6666666666666667,,58.916666666666664,37.375
2025-06-25,20.974999999999998,15.904166666666667,195.25,24.974999999999998,9.158333333333333,76.83333333333333,,2.0416666666666665,,54.5,35.583333333333336
2025-06-26,18.0625,13.862499999999999,173.91666666666666,21.516666666666666,6.570833333333333,84.20833333333333,,1.4583333333333333,,59.083333333333336,40.333333333333336
2025-06-27,14.016666666666666,10.820833333333333,152.66666666666666,12.487499999999999,4.545833333333333,88.91666666666667,,0.6666666666666666,,51.166666666666664,36.416666666666664
2025-06-28,11.325000000000001,7.970833333333334,145.33333333333334,10.424999999999999,2.966666666666667,85.08333333333333,,0.4166666666666667,,40.541666666666664,34.291666666666664
2025-06-29,10.987499999999999,7.425,139.20833333333334,7.583333333333333,1.8833333333333335,77.54166666666667,,0.25,,37.875,30.958333333333332
2025-06-30,28.65416666666667,22.15833333333333,196.0,29.291666666666668,8.670833333333333,56.416666666666664,,0.0,,59.541666666666664,37.125
2025-07-01,15.6,10.5625,160.83333333333334,20.5,4.766666666666667,67.25,,0.0,,54.791666666666664,37.5
2025-07-02,10.700000000000001,7.2625,143.375,11.491666666666667,2.8375,72.45833333333333,,0.0,,38.625,29.208333333333332
2025-07-03,13.145833333333334,9.629166666666666,157.58333333333334,15.700000000000001,4.304166666666666,67.66666666666667,,0.0,,36.875,27.083333333333332
2025-07-04,11.779166666666667,9.029166666666667,158.04166666666666,15.683333333333332,3.6958333333333333,70.875,,0.0,,40.083333333333336,28.916666666666668
2025-07-05,12.608333333333334,10.299999999999999,160.04166666666666,13.704166666666666,4.829166666666667,75.83333333333333,,0.041666666666666664,,39.666666666666664,30.416666666666668
2025-07-06,11.783333333333333,8.795833333333333,147.5,10.0625,2.7375000000000003,85.75,,0.625,,43.125,34.708333333333336
2025-07-07,18.254166666666666,12.941666666666668,154.625,13.891666666666666,5.254166666666666,87.45833333333333,,1.0,,45.958333333333336,36.75
2025-07-08,21.599999999999998,15.283333333333333,166.375,19.541666666666668,5.079166666666667,84.45833333333333,,0.75,,57.0,37.583333333333336
2025-07-09,32.983333333333334,25.604166666666668,184.95833333333334,35.15833333333333,11.35,74.70833333333333,,1.1666666666666667,,67.54166666666667,45.375
2025-07-10,11.5875,8.408333333333333,151.125,9.225,3.5208333333333335,85.08333333333333,,0.20833333333333334,,62.333333333333336,44.083333333333336
2025-07-11,11.333333333333334,7.954166666666667,158.5,14.633333333333333,3.3375,83.16666666666667,,0.0,,40.541666666666664,34.166666666666664
2025-07-12,11.383333333333333,7.3625,150.625,9.045833333333333,1.9583333333333333,88.75,,0.0,,41.458333333333336,35.625
2025-07-13,11.958333333333334,8.512500000000001,146.95833333333334,10.383333333333335,2.25,89.54166666666667,,0.0,,41.166666666666664,36.333333333333336
2025-07-14,12.420833333333334,9.254166666666666,148.625,11.695833333333333,2.6625,90.08333333333333,,0.0,,43.375,37.125
2025-07-15,17.133333333333333,12.233333333333334,154.95833333333334,8.954166666666667,2.6791666666666667,94.41666666666667,,1.0,,47.541666666666664,38.916666666666664
2025-07-16,15.612499999999999,12.045833333333334,157.08333333333334,13.170833333333334,3.516666666666667,93.66666666666667,,0.0,,52.583333333333336,39.208333333333336
2025-07-17,18.016666666666666,13.8125,158.95833333333334,17.175,4.433333333333334,82.75,,0.5833333333333334,,53.75,36.416666666666664
2025-07-18,14.9,10.908333333333333,163.58333333333334,14.6625,3.7541666666666664,83.91666666666667,,0.375,,51.666666666666664,35.583333333333336
2025-07-19,10.929166666666667,8.229166666666666,160.25,12.979166666666666,2.829166666666667,83.41666666666667,,0.041666666666666664,,43.625,34.041666666666664
2025-07-20,11.1,8.395833333333334,158.79166666666666,14.320833333333333,3.3958333333333335,86.70833333333333,,0.0,,42.208333333333336,36.041666666666664
2025-07-21,15.308333333333332,11.9625,175.83333333333334,25.84166666666667,7.004166666666666,82.16666666666667,,0.0,,48.166666666666664,37.083333333333336
2025-07-22,22.229166666666668,18.175,189.66666666666666,32.579166666666666,10.125,87.375,,0.375,,63.208333333333336,40.041666666666664
2025-07-23,21.34583333333333,16.083333333333332,184.0,29.895833333333332,9.420833333333333,81.75,,0.7916666666666666,,68.29166666666667,45.166666666666664
2025-07-24,14.191666666666668,10.233333333333333,141.5,10.245833333333334,2.558333333333333,87.58333333333333,,0.625,,50.291666666666664,35.75
2025-07-25,14.775,10.262500000000001,147.83333333333334,10.254166666666666,2.670833333333333,89.70833333333333,,0.041666666666666664,,45.041666666666664,36.541666666666664
2025-07-26,13.466666666666667,9.208333333333334,151.41666666666666,8.595833333333333,2.2583333333333333,93.25,,0.0,,44.458333333333336,38.125
2025-07-27,23.883333333333336,14.370833333333332,168.5,9.9375,4.479166666666667,98.04166666666667,,0.0,,49.083333333333336,41.083333333333336
2025-07-28,27.670833333333334,20.579166666666666,183.5,18.787499999999998,4.979166666666667,81.0,,0.5833333333333334,,65.91666666666667,41.541666666666664
2025-07-29,38.104166666666664,29.729166666666668,204.33333333333334,30.058333333333334,11.266666666666666,75.66666666666667,,2.0,,75.08333333333333,52.208333333333336
2025-07-30,18.825,12.854166666666666,167.08333333333334,13.495833333333332,3.2583333333333333,85.20833333333333,,1.2083333333333333,,71.70833333333333,50.125
2025-07-31,11.566666666666668,8.112499999999999,161.75,8.016666666666667,1.7625,87.125,,0.125,,45.333333333333336,34.958333333333336
2025-08-01,11.549999999999999,7.391666666666667,148.20833333333334,7.1875,2.120833333333333,86.08333333333333,,0.0,,39.208333333333336,34.458333333333336
2025-08-02,12.704166666666666,8.725,150.625,6.925,2.2333333333333334,90.70833333333333,,0.0,,41.833333333333336,36.25
2025-08-03,15.0375,10.570833333333333,165.08333333333334,9.950000000000001,3.295833333333333,90.66666666666667,,0.125,,43.375,36.833333333333336
2025-08-04,14.5875,10.75,166.95833333333334,13.4,3.9583333333333335,85.83333333333333,,0.0,,45.833333333333336,35.208333333333336
2025-08-05,16.870833333333334,11.629166666666668,161.75,10.120833333333334,3.0416666666666665,87.5,,0.3333333333333333,,46.125,35.208333333333336
2025-08-06,18.3625,12.679166666666667,164.83333333333334,6.941666666666666,2.9333333333333336,96.83333333333333,,0.9583333333333334,,50.833333333333336,39.166666666666664
2025-08-07,17.358333333333334,12.141666666666666,166.79166666666666,6.825,2.9875000000000003,104.04166666666667,,0.25,,51.041666666666664,42.916666666666664
2025-08-08,21.054166666666667,14.254166666666668,188.70833333333334,7.75,3.5583333333333336,99.70833333333333,,0.0,,53.416666666666664,40.416666666666664
2025-08-09,16.645833333333332,10.733333333333334,165.45833333333334,8.058333333333334,3.0124999999999997,94.91666666666667,,0.0,,51.0,38.5
2025-08-10,15.170833333333334,10.508333333333333,165.125,7.483333333333333,2.658333333333333,96.66666666666667,,0.0,,46.25,39.291666666666664
2025-08-11,16.554166666666667,11.595833333333333,168.83333333333334,9.9125,3.5625,96.54166666666667,,0.0,,46.166666666666664,39.583333333333336
2025-08-12,15.270833333333334,10.420833333333333,169.41666666666666,7.55,2.6125000000000003,97.29166666666667,,0.0,,48.291666666666664,39.541666666666664
2025-08-13,13.270833333333334,9.191666666666666,162.79166666666666,6.675,2.308333333333333,97.5,,0.0,,45.541666666666664,39.291666666666664
2025-08-14,12.404166666666667,8.020833333333334,154.125,6.0375000000000005,2.2666666666666666,93.0,,0.20833333333333334,,43.458333333333336,37.333333333333336
2025-08-15,13.283333333333333,8.941666666666666,154.41666666666666,5.458333333333333,2.1708333333333334,95.33333333333333,,0.2916666666666667,,43.875,38.333333333333336
2025-08-16,14.616666666666667,8.945833333333333,160.54166666666666,5.8999999999999995,2.35,95.04166666666667,,0.0,,44.166666666666664,38.25
2025-08-17,16.558333333333334,9.970833333333333,161.0,7.8,2.6958333333333333,96.08333333333333,,0.0,,44.833333333333336,39.166666666666664
2025-08-18,23.208333333333332,16.504166666666666,189.0,25.3625,7.25,72.08333333333333,,0.0,,53.375,32.25
2025-08-19,16.304166666666667,11.466666666666667,168.70833333333334,15.358333333333334,4.283333333333333,76.25,,0.375,,53.458333333333336,34.958333333333336
2025-08-20,14.387500000000001,9.174999999999999,169.91666666666666,11.491666666666667,3.5041666666666664,81.66666666666667,,0.125,,44.333333333333336,32.625
2025-08-21,17.3625,12.137500000000001,188.25,22.65833333333333,6.391666666666667,68.875,,0.0,,44.875,29.541666666666668
2025-08-22,29.641666666666666,23.537499999999998,212.08333333333334,37.71666666666667,12.008333333333333,70.625,,0.5833333333333334,,58.75,38.375
2025-08-23,17.65,13.066666666666668,182.5,15.145833333333334,5.1000000000000005,82.58333333333333,,1.0833333333333333,,69.75,47.875
2025-08-24,14.308333333333332,10.262500000000001,185.16666666666666,14.9125,3.9458333333333333,76.91666666666667,,0.0,,42.583333333333336,30.75
2025-08-25,13.491666666666667,8.533333333333333,162.625,12.508333333333333,3.375,73.41666666666667,,0.0,,41.791666666666664,29.416666666666668
2025-08-26,10.045833333333333,5.5375000000000005,149.04166666666666,9.375,2.8166666666666664,71.45833333333333,,0.0,,32.75,28.541666666666668
2025-08-27,11.129166666666668,6.566666666666666,146.375,7.45,2.2958333333333334,81.95833333333333,,0.0,,37.708333333333336,32.833333333333336
2025-08-28,14.583333333333334,9.029166666666667,156.08333333333334,6.891666666666667,2.4625,91.04166666666667,,0.0,,41.5,36.5
2025-08-29,21.287499999999998,13.991666666666667,171.25,9.395833333333334,3.1333333333333333,93.0,,1.125,,49.0,37.541666666666664
2025-08-30,38.516666666666666,26.3875,205.125,26.90833333333333,7.291666666666667,70.08333333333333,,2.875,,63.041666666666664,38.833333333333336
2025-08-31,34.59166666666667,24.391666666666666,190.75,34.13333333333333,9.570833333333333,70.91666666666667,,4.458333333333333,,84.25,62.416666666666664
2025-09-01,28.0,20.8875,186.875,20.258333333333333,7.754166666666666,79.0,,2.5833333333333335,,72.54166666666667,52.333333333333336
2025-09-02,20.104166666666668,14.5375,202.04166666666666,23.708333333333332,7.870833333333334,69.29166666666667,,2.2083333333333335,,60.291666666666664,36.791666666666664
2025-09-03,23.71666666666667,17.791666666666668,195.58333333333334,19.145833333333332,5.558333333333334,74.33333333333333,,3.5833333333333335,,60.708333333333336,35.416666666666664
2025-09-04,21.791666666666668,16.087500000000002,178.58333333333334,8.670833333333333,3.641666666666667,90.70833333333333,,1.875,,58.166666666666664,37.041666666666664
2025-09-05,18.504166666666666,12.125,161.70833333333334,6.920833333333333,2.8166666666666664,94.20833333333333,,0.7916666666666666,,55.791666666666664,37.666666666666664
2025-09-06,17.4875,11.420833333333334,161.95833333333334,10.466666666666667,3.5833333333333335,86.79166666666667,,1.125,,47.791666666666664,34.708333333333336
2025-09-07,16.15,10.770833333333334,168.04166666666666,13.9,4.441666666666666,76.79166666666667,,1.0,,47.916666666666664,30.708333333333332
2025-09-08,17.125,11.299999999999999,171.20833333333334,17.583333333333332,5.55,66.41666666666667,,2.5416666666666665,,42.875,27.25
2025-09-09,28.59166666666667,17.729166666666668,196.04166666666666,24.6375,7.508333333333333,56.666666666666664,,3.5416666666666665,,56.916666666666664,31.166666666666668
2025-09-10,26.754166666666666,17.23333333333333,190.95833333333334,26.033333333333335,7.879166666666666,55.291666666666664,,1.8333333333333333,,61.916666666666664,35.625
2025-09-11,19.525000000000002,14.054166666666667,175.125,18.183333333333334,5.341666666666666,68.45833333333333,,1.6666666666666667,,57.875,33.416666666666664
2025-09-12,13.625,8.725,160.20833333333334,14.137500000000001,4.2375,65.66666666666667,,0.5416666666666666,,44.583333333333336,28.708333333333332
2025-09-13,14.454166666666666,8.208333333333334,143.375,9.108333333333333,2.983333333333333,77.54166666666667,,0.7083333333333334,,36.958333333333336,31.083333333333332
2025-09-14,13.404166666666667,7.483333333333333,140.625,6.058333333333334,1.8666666666666665,78.75,,0.0,,36.333333333333336,31.5
2025-09-15,14.366666666666667,8.095833333333333,148.04166666666666,11.666666666666666,3.525,78.5,,0.20833333333333334,,37.041666666666664,31.458333333333332
2025-09-16,14.583333333333334,9.137500000000001,161.5,19.7,5.6625000000000005,67.83333333333333,,0.0,,37.416666666666664,27.166666666666668
2025-09-17,15.879166666666668,11.325000000000001,167.04166666666666,20.070833333333333,6.529166666666668,71.08333333333333,,0.0,,42.416666666666664,28.666666666666668
2025-09-18,10.616666666666665,7.05,160.58333333333334,9.495833333333334,3.0541666666666667,73.04166666666667,,0.0,,39.583333333333336,29.208333333333332
2025-09-19,12.904166666666667,7.3500000000000005,164.91666666666666,12.745833333333332,3.9916666666666667,72.08333333333333,,0.0,,34.083333333333336,28.875
2025-09-20,15.5,9.766666666666667,170.16666666666666,21.6125,5.5375000000000005,63.208333333333336,,0.0,,37.208333333333336,26.25
2025-09-21,13.4625,9.1125,153.75,12.445833333333333,3.5875,66.08333333333333,,0.0,,39.083333333333336,27.083333333333332
2025-09-22,17.704166666666666,9.608333333333333,156.66666666666666,10.362499999999999,4.991666666666666,78.33333333333333,,0.0,,37.291666666666664,31.375
2025-09-23,20.583333333333332,12.445833333333333,169.58333333333334,18.925,6.066666666666666,67.33333333333333,,0.9166666666666666,,46.625,27.875
2025-09-24,22.291666666666668,14.395833333333334,185.66666666666666,22.520833333333332,7.429166666666667,63.833333333333336,,0.8333333333333334,,54.125,29.958333333333332
2025-09-25,18.370833333333334,12.104166666666666,164.875,16.045833333333334,5.4750000000000005,73.54166666666667,,1.1666666666666667,,52.166666666666664,31.875
2025-09-26,16.925,10.1875,161.70833333333334,6.7250000000000005,3.1999999999999997,72.95833333333333,,0.3333333333333333,,47.958333333333336,29.166666666666668
2025-09-27,11.341666666666667,6.425,147.04166666666666,5.983333333333333,2.3249999999999997,67.08333333333333,,0.0,,33.833333333333336,26.791666666666668
2025-09-28,11.879166666666668,6.7375,148.91666666666666,8.791666666666666,2.7708333333333335,68.16666666666667,,0.0,,31.666666666666668,27.291666666666668
2025-09-29,11.7875,8.625,171.16666666666666,16.05,3.9125,57.875,,0.0,,31.041666666666668,23.208333333333332
2025-09-30,18.283333333333335,13.137500000000001,195.16666666666666,22.46666666666667,7.204166666666667,51.791666666666664,,0.0,,46.083333333333336,24.208333333333332
2025-10-01,19.666666666666668,14.258333333333333,190.79166666666666,26.058333333333334,9.508333333333333,58.416666666666664,,0.0,,55.916666666666664,30.333333333333332
2025-10-02,16.629166666666666,11.125,166.875,11.545833333333334,6.745833333333334,70.58333333333333,,0.0,,47.333333333333336,28.708333333333332
2025-10-03,26.71666666666667,19.833333333333332,198.29166666666666,31.995833333333334,13.483333333333334,48.5,,0.16666666666666666,,57.833333333333336,31.916666666666668
2025-10-04,20.366666666666667,15.145833333333334,190.29166666666666,21.454166666666666,9.4625,61.041666666666664,,0.0,,60.875,34.708333333333336
2025-10-05,25.287499999999998,18.308333333333334,210.83333333333334,25.950000000000003,11.833333333333334,57.541666666666664,,0.0,,57.833333333333336,32.25
2025-10-06,26.912499999999998,18.116666666666667,220.70833333333334,37.291666666666664,13.825000000000001,53.041666666666664,,0.0,,65.79166666666667,39.0
2025-10-07,35.82083333333333,28.575,250.33333333333334,41.24166666666667,15.075000000000001,45.541666666666664,,0.0,,71.04166666666667,47.125
2025-10-08,24.416666666666668,19.495833333333334,211.625,22.495833333333334,20.345833333333335,46.041666666666664,,0.0,,80.16666666666667,58.125
2025-10-09,18.212500000000002,14.970833333333333,206.5,20.845833333333335,16.133333333333333,43.541666666666664,,0.0,,58.791666666666664,32.375
2025-10-10,36.145833333333336,27.69583333333333,245.41666666666666,32.800000000000004,22.020833333333332,40.208333333333336,,0.0,,69.04166666666667,45.916666666666664
2025-10-11,26.175,18.383333333333333,217.16666666666666,23.879166666666666,14.091666666666667,40.041666666666664,,0.0,,77.29166666666667,55.625
2025-10-12,30.2375,22.204166666666666,242.25,22.675,11.104166666666666,40.625,,0.0,,61.041666666666664,34.375
2025-10-13,41.0375,30.358333333333334,283.2083333333333,44.854166666666664,24.575,25.375,,0.0,,85.83333333333333,62.458333333333336
2025-10-14,25.054166666666664,18.425,229.83333333333334,30.90833333333333,12.970833333333333,40.458333333333336,,0.0,,75.79166666666667,53.541666666666664
2025-10-15,22.09583333333333,15.4125,220.41666666666666,25.3625,11.383333333333333,47.166666666666664,,0.0,,59.791666666666664,33.125
2025-10-16,14.762500000000001,10.174999999999999,182.20833333333334,16.979166666666668,7.454166666666667,56.791666666666664,,0.0,,53.625,28.541666666666668
2025-10-17,17.479166666666668,10.595833333333333,177.125,16.333333333333332,8.6875,58.791666666666664,,0.0,,36.166666666666664,23.791666666666668
2025-10-18,52.34166666666667,41.69583333333333,274.375,48.912499999999994,20.341666666666665,20.083333333333332,,0.7916666666666666,,71.20833333333333,44.916666666666664
2025-10-19,27.412499999999998,21.349999999999998,220.125,25.52916666666667,9.641666666666667,43.541666666666664,,0.5416666666666666,,109.45833333333333,70.875
2025-10-20,18.229166666666668,12.966666666666667,202.33333333333334,26.816666666666666,9.708333333333334,50.708333333333336,,0.0,,56.25,30.083333333333332
2025-10-21,22.258333333333336,15.7875,207.66666666666666,25.670833333333334,13.025,64.16666666666667,,0.0,,52.333333333333336,28.458333333333332
2025-10-22,36.68333333333333,26.979166666666668,243.875,47.15,19.520833333333332,29.625,,1.0833333333333333,,69.20833333333333,45.5
2025-10-23,31.09583333333333,23.8625,220.79166666666666,42.59583333333333,13.833333333333334,27.041666666666668,,2.4583333333333335,,86.25,63.166666666666664
2025-10-24,16.658333333333335,11.345833333333333,159.08333333333334,21.804166666666664,6.366666666666667,55.166666666666664,,0.875,,56.375,31.708333333333332
2025-10-25,24.09583333333333,18.0125,206.16666666666666,35.699999999999996,12.466666666666667,39.541666666666664,,0.0,,55.791666666666664,29.75
2025-10-26,29.275000000000002,23.641666666666666,189.70833333333334,32.42916666666667,12.0,42.166666666666664,,0.0,,73.79166666666667,52.75
2025-10-27,14.770833333333334,11.195833333333333,150.54166666666666,15.366666666666667,6.7875000000000005,59.125,,0.2916666666666667,,55.166666666666664,30.875
2025-10-28,32.62916666666667,26.570833333333336,244.70833333333334,37.93333333333333,19.587500000000002,29.083333333333332,,0.0,,66.45833333333333,43.541666666666664
2025-10-29,41.6,30.462500000000002,280.625,35.475,21.920833333333334,39.125,,0.0,,74.08333333333333,52.291666666666664
2025-10-30,66.52499999999999,48.55833333333334,397.0833333333333,64.97916666666667,38.34166666666666,17.291666666666668,,0.0,,118.16666666666667,74.04166666666667
2025-10-31,49.54583333333333,38.82083333333333,260.7083333333333,46.86666666666667,24.6875,22.708333333333332,,0.0,,120.70833333333333,74.95833333333333
2025-11-01,52.387499999999996,39.19166666666667,291.6666666666667,48.17916666666667,31.045833333333334,29.166666666666668,,0.0,,111.04166666666667,71.91666666666667
2025-11-02,36.25833333333333,25.329166666666666,220.45833333333334,21.695833333333336,16.420833333333334,58.25,,0.0,,95.04166666666667,66.375
2025-11-03,81.57916666666667,64.24583333333334,363.625,49.449999999999996,37.61666666666667,20.0,,0.7083333333333334,,109.45833333333333,71.20833333333333
2025-11-04,60.78333333333333,49.0375,283.8333333333333,38.49583333333333,30.900000000000002,27.458333333333332,,1.8333333333333333,,155.625,93.5
2025-11-05,22.45,15.737499999999999,191.625,16.020833333333332,9.191666666666666,47.875,,0.5833333333333334,,86.08333333333333,54.666666666666664
2025-11-06,24.912499999999998,17.058333333333334,181.75,14.125,9.5375,58.291666666666664,,1.2083333333333333,,54.25,28.166666666666668
2025-11-07,35.7125,24.02916666666667,216.625,25.025000000000002,14.795833333333334,49.458333333333336,,1.7916666666666667,,66.91666666666667,40.875
2025-11-08,64.70416666666667,47.85,327.8333333333333,47.85833333333333,32.104166666666664,21.833333333333332,,3.625,,92.04166666666667,64.95833333333333
2025-11-09,62.69583333333333,47.87916666666666,316.2916666666667,52.05416666666667,33.145833333333336,18.625,,3.7916666666666665,,144.08333333333334,82.875
2025-11-10,77.72083333333333,57.824999999999996,434.875,63.074999999999996,47.9125,8.791666666666666,,2.75,,137.91666666666666,80.58333333333333
2025-11-11,40.204166666666666,31.90416666666667,272.4583333333333,44.28333333333333,26.870833333333334,23.041666666666668,,1.1666666666666667,,134.625,79.70833333333333
2025-11-12,25.929166666666664,18.679166666666667,237.91666666666666,20.599999999999998,12.737499999999999,43.625,,0.0,,68.41666666666667,43.708333333333336
2025-11-13,36.32083333333333,25.65416666666667,353.9166666666667,39.84166666666667,20.383333333333333,31.5,,0.0,,72.45833333333333,50.375
2025-11-14,45.99166666666667,32.78333333333333,420.6666666666667,46.824999999999996,24.354166666666668,24.083333333333332,,0.0,,90.875,65.04166666666667
2025-11-15,49.78333333333333,36.34166666666667,405.3333333333333,51.625,23.479166666666668,24.791666666666668,,0.375,,90.58333333333333,64.95833333333333
2025-11-16,45.9375,35.84166666666667,284.9166666666667,42.887499999999996,19.675,33.041666666666664,,0.625,,105.75,70.08333333333333
2025-11-17,25.683333333333334,18.975,197.16666666666666,26.204166666666666,10.924999999999999,52.291666666666664,,1.0416666666666667,,90.5,63.375
2025-11-18,20.279166666666665,13.825000000000001,168.75,18.0875,8.520833333333334,65.25,,2.875,,54.958333333333336,28.833333333333332
2025-11-19,30.925,20.483333333333334,230.91666666666666,33.5,13.174999999999999,41.458333333333336,,3.625,,58.5,32.0
2025-11-20,37.63333333333333,29.72083333333333,279.0416666666667,45.833333333333336,18.108333333333334,26.75,,2.25,,80.16666666666667,58.333333333333336
2025-11-21,47.34166666666667,33.75833333333333,318.1666666666667,51.32083333333333,20.504166666666666,19.333333333333332,,4.333333333333333,,88.41666666666667,64.0
2025-11-22,47.479166666666664,32.891666666666666,278.0416666666667,49.112500000000004,17.854166666666668,18.916666666666668,,8.416666666666666,,98.66666666666667,67.83333333333333
2025-11-23,48.60833333333333,35.8625,251.79166666666666,50.229166666666664,17.666666666666668,17.625,,8.375,,100.5,68.45833333333333
2025-11-24,35.737500000000004,25.97083333333333,317.7916666666667,38.00833333333333,19.125,27.375,,0.375,,82.0,58.375
2025-11-25,53.30416666666667,41.37916666666667,351.125,52.375,25.59166666666667,19.625,,0.0,,110.375,71.66666666666667
2025-11-26,36.4625,29.604166666666668,282.75,44.90833333333333,18.454166666666666,30.166666666666668,,0.041666666666666664,,96.375,66.875
2025-11-27,58.0375,42.37916666666667,417.8333333333333,56.39166666666667,29.03333333333333,15.791666666666666,,0.9166666666666666,,89.875,64.625
2025-11-28,68.18333333333334,51.64166666666667,535.6666666666666,61.84166666666667,40.12916666666667,6.375,,1.3333333333333333,,136.20833333333334,79.875
2025-11-29,44.12916666666666,35.24583333333333,328.875,44.979166666666664,17.054166666666667,18.708333333333332,,1.5,,127.58333333333333,77.25
2025-11-30,41.175000000000004,31.2,298.4583333333333,35.449999999999996,18.533333333333335,29.541666666666668,,0.6666666666666666,,84.41666666666667,62.541666666666664
2025-12-01,78.70833333333333,58.11666666666667,607.5,48.762499999999996,47.39166666666667,13.708333333333334,,0.0,,111.54166666666667,72.04166666666667
2025-12-02,82.54583333333333,65.62083333333334,599.2083333333334,56.27916666666667,44.88333333333333,8.375,,0.0,,157.29166666666666,95.45833333333333
2025-12-03,74.30416666666666,57.40833333333333,524.4166666666666,50.6875,41.25833333333333,10.916666666666666,,0.0,,150.91666666666666,86.04166666666667
2025-12-04,89.56666666666666,70.70833333333333,582.0,56.725,47.737500000000004,7.458333333333333,,0.2916666666666667,,153.33333333333334,89.75
2025-12-05,60.479166666666664,45.9125,420.3333333333333,48.82083333333333,31.104166666666668,17.375,,1.4166666666666667,,154.29166666666666,92.45833333333333
2025-12-06,44.01666666666667,35.016666666666666,305.375,41.016666666666666,21.045833333333334,22.166666666666668,,3.5,,107.79166666666667,70.83333333333333
2025-12-07,30.204166666666666,24.34166666666667,264.4583333333333,30.266666666666666,13.825000000000001,28.375,,2.1666666666666665,,92.375,65.70833333333333
2025-12-08,25.65416666666667,18.504166666666666,264.125,16.716666666666665,9.841666666666667,40.791666666666664,,0.5,,62.75,36.916666666666664
2025-12-09,30.712500000000002,21.704166666666666,282.0833333333333,25.291666666666668,16.858333333333334,42.083333333333336,,1.0,,68.16666666666667,42.541666666666664
2025-12-10,79.55416666666666,62.50416666666666,607.5416666666666,54.36666666666667,55.47083333333333,17.541666666666668,,1.0,,91.95833333333333,62.416666666666664
2025-12-11,71.60833333333333,57.520833333333336,635.0,49.050000000000004,41.15416666666667,12.625,,0.125,,157.29166666666666,95.41666666666667
2025-12-12,84.30833333333334,69.56666666666666,664.4166666666666,62.199999999999996,54.69166666666666,5.541666666666667,,0.0,,155.91666666666666,93.5
2025-12-13,37.583333333333336,29.295833333333334,311.5833333333333,24.270833333333332,14.308333333333332,34.25,,0.0,,129.125,79.125
2025-12-14,30.875,23.3625,293.125,30.604166666666668,14.987499999999999,32.0,,0.0,,76.54166666666667,55.875
2025-12-15,46.862500000000004,35.96666666666667,359.875,31.0625,19.983333333333334,34.208333333333336,,0.0,,81.83333333333333,61.083333333333336
2025-12-16,80.11666666666666,62.54583333333333,590.2916666666666,56.00833333333333,47.77916666666667,12.291666666666666,,0.0,,136.5,81.70833333333333
2025-12-17,61.824999999999996,48.275,477.625,50.73333333333333,30.016666666666666,17.875,,0.0,,143.375,83.91666666666667
2025-12-18,100.80833333333334,81.10416666666667,662.375,59.291666666666664,53.25833333333333,7.875,,0.0,,150.45833333333334,89.08333333333333
2025-12-19,116.78750000000001,95.6875,802.0833333333334,61.4375,65.24583333333334,5.041666666666667,,0.4583333333333333,,171.08333333333334,116.41666666666667
2025-12-20,51.77916666666667,40.78333333333333,375.5833333333333,36.949999999999996,19.075,22.291666666666668,,1.4583333333333333,,149.29166666666666,92.375
2025-12-21,76.90833333333333,60.7125,519.3333333333334,52.770833333333336,36.454166666666666,12.458333333333334,,0.625,,136.08333333333334,80.91666666666667
2025-12-22,26.204166666666666,20.7375,289.7083333333333,33.0375,16.6375,29.625,,0.125,,118.125,73.95833333333333
2025-12-23,27.84166666666667,20.954166666666666,287.2083333333333,26.195833333333336,14.504166666666665,39.875,,0.9166666666666666,,60.5,33.708333333333336
2025-12-24,64.05833333333334,53.25,516.0416666666666,50.25,39.56666666666667,11.375,,0.125,,113.95833333333333,71.625
2025-12-25,26.079166666666666,19.154166666666665,236.91666666666666,17.691666666666666,16.212500000000002,44.25,,0.4583333333333333,,105.875,68.79166666666667
2025-12-26,35.770833333333336,25.879166666666666,343.2916666666667,25.7,15.170833333333334,44.458333333333336,,0.0,,55.0,29.958333333333332
2025-12-27,30.183333333333334,22.391666666666666,267.6666666666667,18.420833333333334,9.995833333333334,47.291666666666664,,0.041666666666666664,,89.79166666666667,64.625
2025-12-28,33.300000000000004,25.837500000000002,248.70833333333334,20.279166666666665,14.083333333333334,40.666666666666664,,0.0,,73.875,52.291666666666664
2025-12-29,33.579166666666666,25.933333333333334,284.2083333333333,24.891666666666666,19.1875,42.666666666666664,,0.0,,74.66666666666667,54.125
2025-12-30,22.025000000000002,16.083333333333332,203.58333333333334,16.325,11.5875,57.916666666666664,,0.0,,75.75,55.583333333333336
2025-12-31,38.175000000000004,28.25,335.7916666666667,24.041666666666668,17.370833333333334,45.5,,0.0,,59.833333333333336,33.916666666666664
2026-01-01,45.64166666666667,35.237500000000004,356.7916666666667,29.679166666666664,23.229166666666668,36.75,,0.0,,93.08333333333333,65.83333333333333
2026-01-02,24.22083333333333,17.8875,238.70833333333334,22.4375,15.604166666666666,58.25,,0.0,,93.70833333333333,64.95833333333333
2026-01-03,13.504166666666668,8.674999999999999,178.29166666666666,11.670833333333334,6.325,70.33333333333333,,0.0,,51.208333333333336,29.083333333333332
2026-01-04,15.383333333333333,8.325000000000001,163.33333333333334,10.054166666666667,5.416666666666667,65.5,,0.0,,33.583333333333336,26.208333333333332
2026-01-05,33.24166666666667,24.145833333333332,295.75,35.25416666666667,18.5875,40.541666666666664,,0.0,,45.625,26.666666666666668
2026-01-06,48.270833333333336,35.7125,372.6666666666667,46.3375,28.979166666666668,20.708333333333332,,2.1666666666666665,,89.29166666666667,64.29166666666667
2026-01-07,51.67916666666667,35.233333333333334,327.625,43.56666666666666,22.616666666666664,24.375,,12.583333333333334,,107.04166666666667,70.58333333333333
2026-01-08,25.079166666666666,15.075000000000001,204.875,17.554166666666667,9.479166666666666,52.083333333333336,,6.791666666666667,,81.08333333333333,57.458333333333336
2026-01-09,28.212500000000002,21.47083333333333,275.0416666666667,24.554166666666664,19.254166666666666,48.125,,0.0,,62.833333333333336,36.583333333333336
2026-01-10,16.958333333333332,10.408333333333333,184.5,14.154166666666667,7.391666666666667,61.416666666666664,,0.0,,58.75,33.041666666666664
2026-01-11,15.9125,11.570833333333333,202.75,13.620833333333332,7.45,56.916666666666664,,0.0,,43.708333333333336,23.416666666666668
2026-01-12,20.604166666666668,14.583333333333334,249.25,15.245833333333332,9.258333333333333,56.041666666666664,,0.0,,47.041666666666664,24.208333333333332
2026-01-13,41.97083333333333,32.550000000000004,332.2916666666667,30.837500000000002,24.125,45.166666666666664,,0.0,,68.83333333333333,44.166666666666664
2026-01-14,76.28333333333333,53.57916666666667,518.4583333333334,39.28333333333333,34.37083333333333,38.583333333333336,,0.0,,97.29166666666667,67.16666666666667
2026-01-15,60.050000000000004,46.89166666666667,420.2916666666667,43.24583333333334,30.266666666666666,30.666666666666668,,0.0,,150.95833333333334,87.0
2026-01-16,50.64166666666667,39.025,429.0833333333333,38.487500000000004,27.912499999999998,20.833333333333332,,0.0,,144.66666666666666,83.625
2026-01-17,19.520833333333332,13.329166666666666,254.5,13.008333333333333,7.262499999999999,50.625,,0.0,,64.91666666666667,38.958333333333336
2026-01-18,19.441666666666666,13.283333333333333,244.45833333333334,13.775,7.520833333333333,52.208333333333336,,0.0,,53.125,26.916666666666668
2026-01-19,19.779166666666665,14.020833333333334,272.7916666666667,18.366666666666667,10.170833333333333,48.541666666666664,,0.0,,51.875,25.833333333333332
2026-01-20,30.1875,21.650000000000002,333.4583333333333,27.78333333333333,15.845833333333333,51.166666666666664,,0.16666666666666666,,59.375,32.791666666666664
2026-01-21,58.40416666666667,43.291666666666664,464.8333333333333,42.09583333333333,29.483333333333334,35.416666666666664,,0.75,,82.58333333333333,58.708333333333336
2026-01-22,59.24583333333334,43.987500000000004,425.0833333333333,54.354166666666664,31.166666666666668,15.791666666666666,,2.25,,129.41666666666666,77.79166666666667
2026-01-23,104.76666666666667,81.53750000000001,687.0416666666666,65.2,50.65416666666667,6.583333333333333,,5.0,,140.79166666666666,83.5
2026-01-24,95.82083333333333,75.91666666666667,592.8333333333334,47.76666666666667,35.19583333333333,7.291666666666667,,4.333333333333333,,163.29166666666666,104.66666666666667
2026-01-25,86.08749999999999,67.56666666666666,435.875,49.729166666666664,27.791666666666668,12.666666666666666,,4.875,,163.5,104.91666666666667
2026-01-26,61.458333333333336,47.0875,398.3333333333333,50.824999999999996,29.849999999999998,17.666666666666668,,4.291666666666667,,151.54166666666666,87.95833333333333
2026-01-27,59.94166666666666,43.949999999999996,465.125,49.291666666666664,30.866666666666664,25.541666666666668,,2.1666666666666665,,100.58333333333333,68.375
2026-01-28,51.10833333333333,39.8375,383.5,47.833333333333336,28.570833333333336,18.625,,3.75,,142.79166666666666,82.54166666666667
2026-01-29,26.604166666666668,17.766666666666666,252.91666666666666,30.05,14.35,44.25,,2.0,,76.91666666666667,51.916666666666664
2026-01-30,27.620833333333334,20.908333333333335,280.375,29.900000000000002,15.966666666666667,32.166666666666664,,2.25,,65.91666666666667,39.041666666666664
2026-01-31,29.599999999999998,23.1125,314.2916666666667,25.891666666666666,13.520833333333334,30.291666666666668,,0.0,,76.41666666666667,56.791666666666664
2026-02-01,16.8,12.4625,248.45833333333334,13.6625,7.0625,44.916666666666664,,0.0,,61.166666666666664,35.0
2026-02-02,15.870833333333332,11.216666666666667,238.95833333333334,14.766666666666666,7.991666666666667,48.583333333333336,,0.0,,50.166666666666664,24.25
2026-02-03,45.8375,34.300000000000004,414.5416666666667,35.829166666666666,24.620833333333334,38.041666666666664,,0.20833333333333334,,50.75,28.375
2026-02-04,81.46666666666667,62.55416666666667,630.25,59.48333333333333,45.5625,11.25,,0.125,,137.08333333333334,81.25
2026-02-05,55.71666666666667,42.800000000000004,432.875,52.25416666666666,32.670833333333334,18.958333333333332,,0.625,,151.375,88.33333333333333
2026-02-06,37.7875,28.179166666666664,321.5,42.5375,24.97083333333333,31.916666666666668,,2.2916666666666665,,89.29166666666667,64.29166666666667
2026-02-07,40.775,31.175,327.5,39.15416666666667,17.979166666666668,29.625,,0.5833333333333334,,82.75,61.916666666666664
2026-02-08,71.23333333333333,54.90416666666667,519.5,54.05833333333334,32.77916666666667,8.041666666666666,,0.125,,130.5,78.20833333333333
2026-02-09,31.445833333333336,23.175,297.9166666666667,27.858333333333334,17.704166666666666,33.791666666666664,,0.0,,114.5,72.91666666666667
2026-02-10,20.025000000000002,13.370833333333332,253.54166666666666,12.941666666666668,8.433333333333334,59.0,,0.0,,57.166666666666664,31.791666666666668
2026-02-11,57.40416666666667,42.358333333333334,450.8333333333333,49.03333333333333,31.954166666666666,31.541666666666668,,0.125,,69.41666666666667,43.583333333333336
2026-02-12,40.2125,31.454166666666666,319.4583333333333,40.541666666666664,20.941666666666666,31.958333333333332,,0.0,,136.66666666666666,80.125
2026-02-13,31.458333333333332,22.462500000000002,280.0833333333333,37.40833333333334,18.170833333333334,40.416666666666664,,0.0,,66.33333333333333,40.791666666666664
2026-02-14,41.2875,31.05,337.0833333333333,35.30416666666667,20.095833333333335,30.875,,0.0,,76.0,55.583333333333336
2026-02-15,38.949999999999996,22.650000000000002,241.58333333333334,31.3125,14.5,46.458333333333336,,7.083333333333333,,90.79166666666667,64.79166666666667
2026-02-16,44.07916666666667,25.09583333333333,205.58333333333334,19.145833333333332,10.483333333333333,66.66666666666667,,21.708333333333332,,73.875,52.833333333333336
2026-02-17,32.03333333333333,23.070833333333336,308.0833333333333,32.90833333333333,15.008333333333333,45.291666666666664,,1.8333333333333333,,70.75,47.916666666666664
